ISO-10303-21;
HEADER;
/* Generated by software containing ST-Developer
 * from STEP Tools, Inc. (www.steptools.com) 
 */

FILE_DESCRIPTION(
/* description */ ('STEP AP214'),
/* implementation_level */ '2;1');

FILE_NAME(
/* name */ 
'C:\\Users\\AR\\Documents\\GitHub\\ArduinoMega2560\\ComponentLibrary\\
ARJP11A.STEP\\ARJP11A_MA.stp',
/* time_stamp */ '2025-10-01T10:20:53+07:00',
/* author */ ('AR'),
/* organization */ (''),
/* preprocessor_version */ 'ST-DEVELOPER v18.1',
/* originating_system */ 'Autodesk Inventor 2022',
/* authorisation */ '');

FILE_SCHEMA (('AUTOMOTIVE_DESIGN { 1 0 10303 214 3 1 1 }'));
ENDSEC;

DATA;
#10=MECHANICAL_DESIGN_GEOMETRIC_PRESENTATION_REPRESENTATION('',(#18,#19,
#20,#21,#22,#23,#24,#25,#26,#27,#28,#29,#30,#31,#32,#33,#34,#35,#36,#37,
#38,#39,#40,#41,#42,#43,#44,#45,#46,#47,#48,#49,#50,#51,#52,#53,#54,#55,
#56,#57,#58,#59,#60,#61,#62,#63,#64,#65,#66,#67,#68,#69,#70,#71,#72,#73,
#74,#75,#76,#77,#78,#79,#80,#81,#82,#83,#84,#85,#86,#87,#88,#89,#90,#91,
#92,#93,#94,#95,#96,#97,#98,#99,#100,#101,#102,#103,#104,#105,#106,#107,
#108,#109,#110,#111,#112,#113,#114,#115,#116,#117,#118,#119,#120,#121,#122,
#123,#124,#125,#126,#127,#128,#129,#130,#131,#132,#133,#134,#135,#136,#137,
#138,#139,#140,#141,#142,#143,#144,#145,#146,#147,#148,#149,#150,#151,#152),
#11459);
#11=ITEM_DEFINED_TRANSFORMATION($,$,#5007,#5244);
#12=(
REPRESENTATION_RELATIONSHIP($,$,#11474,#11473)
REPRESENTATION_RELATIONSHIP_WITH_TRANSFORMATION(#11)
SHAPE_REPRESENTATION_RELATIONSHIP()
);
#13=CONTEXT_DEPENDENT_SHAPE_REPRESENTATION(#12,#11472);
#14=NEXT_ASSEMBLY_USAGE_OCCURRENCE('ARJP11A_ARJP11A-MA_1',
'ARJP11A_ARJP11A-MA_1','ARJP11A_ARJP11A-MA_1',#11476,#11477,
'ARJP11A_ARJP11A-MA_1');
#15=SHAPE_REPRESENTATION_RELATIONSHIP('SRR','None',#11474,#16);
#16=ADVANCED_BREP_SHAPE_REPRESENTATION('',(#17),#11458);
#17=MANIFOLD_SOLID_BREP('Solid1',#4934);
#18=STYLED_ITEM('',(#4951),#4683);
#19=STYLED_ITEM('',(#4951),#4684);
#20=STYLED_ITEM('',(#4951),#4685);
#21=STYLED_ITEM('',(#4951),#4686);
#22=STYLED_ITEM('',(#4951),#4687);
#23=STYLED_ITEM('',(#4951),#4699);
#24=STYLED_ITEM('',(#4951),#4700);
#25=STYLED_ITEM('',(#4951),#4701);
#26=STYLED_ITEM('',(#4951),#4702);
#27=STYLED_ITEM('',(#4951),#4703);
#28=STYLED_ITEM('',(#4951),#4704);
#29=STYLED_ITEM('',(#4951),#4705);
#30=STYLED_ITEM('',(#4951),#4706);
#31=STYLED_ITEM('',(#4951),#4707);
#32=STYLED_ITEM('',(#4951),#4708);
#33=STYLED_ITEM('',(#4951),#4709);
#34=STYLED_ITEM('',(#4951),#4710);
#35=STYLED_ITEM('',(#4951),#4748);
#36=STYLED_ITEM('',(#4951),#4749);
#37=STYLED_ITEM('',(#4951),#4750);
#38=STYLED_ITEM('',(#4951),#4751);
#39=STYLED_ITEM('',(#4951),#4752);
#40=STYLED_ITEM('',(#4951),#4753);
#41=STYLED_ITEM('',(#4951),#4754);
#42=STYLED_ITEM('',(#4951),#4755);
#43=STYLED_ITEM('',(#4951),#4756);
#44=STYLED_ITEM('',(#4951),#4757);
#45=STYLED_ITEM('',(#4951),#4758);
#46=STYLED_ITEM('',(#4951),#4759);
#47=STYLED_ITEM('',(#4951),#4761);
#48=STYLED_ITEM('',(#4951),#4762);
#49=STYLED_ITEM('',(#4951),#4763);
#50=STYLED_ITEM('',(#4951),#4764);
#51=STYLED_ITEM('',(#4951),#4765);
#52=STYLED_ITEM('',(#4951),#4766);
#53=STYLED_ITEM('',(#4951),#4767);
#54=STYLED_ITEM('',(#4951),#4768);
#55=STYLED_ITEM('',(#4951),#4769);
#56=STYLED_ITEM('',(#4951),#4770);
#57=STYLED_ITEM('',(#4951),#4771);
#58=STYLED_ITEM('',(#4951),#4772);
#59=STYLED_ITEM('',(#4951),#4773);
#60=STYLED_ITEM('',(#4951),#4774);
#61=STYLED_ITEM('',(#4951),#4775);
#62=STYLED_ITEM('',(#4951),#4776);
#63=STYLED_ITEM('',(#4951),#4777);
#64=STYLED_ITEM('',(#4951),#4779);
#65=STYLED_ITEM('',(#4951),#4780);
#66=STYLED_ITEM('',(#4951),#4781);
#67=STYLED_ITEM('',(#4951),#4782);
#68=STYLED_ITEM('',(#4951),#4783);
#69=STYLED_ITEM('',(#4951),#4784);
#70=STYLED_ITEM('',(#4951),#4785);
#71=STYLED_ITEM('',(#4951),#4786);
#72=STYLED_ITEM('',(#4951),#4787);
#73=STYLED_ITEM('',(#4951),#4788);
#74=STYLED_ITEM('',(#4951),#4789);
#75=STYLED_ITEM('',(#4951),#4790);
#76=STYLED_ITEM('',(#4951),#4791);
#77=STYLED_ITEM('',(#4951),#4792);
#78=STYLED_ITEM('',(#4951),#4793);
#79=STYLED_ITEM('',(#4951),#4794);
#80=STYLED_ITEM('',(#4951),#4795);
#81=STYLED_ITEM('',(#4951),#4796);
#82=STYLED_ITEM('',(#4951),#4797);
#83=STYLED_ITEM('',(#4951),#4798);
#84=STYLED_ITEM('',(#4951),#4799);
#85=STYLED_ITEM('',(#4951),#4800);
#86=STYLED_ITEM('',(#4951),#4801);
#87=STYLED_ITEM('',(#4951),#4802);
#88=STYLED_ITEM('',(#4951),#4803);
#89=STYLED_ITEM('',(#4951),#4805);
#90=STYLED_ITEM('',(#4951),#4806);
#91=STYLED_ITEM('',(#4951),#4807);
#92=STYLED_ITEM('',(#4951),#4808);
#93=STYLED_ITEM('',(#4951),#4809);
#94=STYLED_ITEM('',(#4951),#4810);
#95=STYLED_ITEM('',(#4951),#4811);
#96=STYLED_ITEM('',(#4951),#4812);
#97=STYLED_ITEM('',(#4951),#4813);
#98=STYLED_ITEM('',(#4951),#4814);
#99=STYLED_ITEM('',(#4951),#4815);
#100=STYLED_ITEM('',(#4951),#4816);
#101=STYLED_ITEM('',(#4951),#4817);
#102=STYLED_ITEM('',(#4951),#4818);
#103=STYLED_ITEM('',(#4951),#4819);
#104=STYLED_ITEM('',(#4951),#4820);
#105=STYLED_ITEM('',(#4951),#4821);
#106=STYLED_ITEM('',(#4951),#4822);
#107=STYLED_ITEM('',(#4951),#4823);
#108=STYLED_ITEM('',(#4951),#4824);
#109=STYLED_ITEM('',(#4951),#4825);
#110=STYLED_ITEM('',(#4951),#4826);
#111=STYLED_ITEM('',(#4951),#4827);
#112=STYLED_ITEM('',(#4951),#4828);
#113=STYLED_ITEM('',(#4951),#4829);
#114=STYLED_ITEM('',(#4951),#4830);
#115=STYLED_ITEM('',(#4951),#4832);
#116=STYLED_ITEM('',(#4951),#4833);
#117=STYLED_ITEM('',(#4951),#4834);
#118=STYLED_ITEM('',(#4951),#4835);
#119=STYLED_ITEM('',(#4951),#4836);
#120=STYLED_ITEM('',(#4951),#4837);
#121=STYLED_ITEM('',(#4951),#4838);
#122=STYLED_ITEM('',(#4951),#4839);
#123=STYLED_ITEM('',(#4951),#4840);
#124=STYLED_ITEM('',(#4951),#4841);
#125=STYLED_ITEM('',(#4951),#4842);
#126=STYLED_ITEM('',(#4951),#4843);
#127=STYLED_ITEM('',(#4951),#4844);
#128=STYLED_ITEM('',(#4951),#4845);
#129=STYLED_ITEM('',(#4951),#4846);
#130=STYLED_ITEM('',(#4951),#4847);
#131=STYLED_ITEM('',(#4951),#4848);
#132=STYLED_ITEM('',(#4951),#4849);
#133=STYLED_ITEM('',(#4951),#4850);
#134=STYLED_ITEM('',(#4951),#4851);
#135=STYLED_ITEM('',(#4951),#4852);
#136=STYLED_ITEM('',(#4951),#4853);
#137=STYLED_ITEM('',(#4951),#4854);
#138=STYLED_ITEM('',(#4951),#4855);
#139=STYLED_ITEM('',(#4951),#4856);
#140=STYLED_ITEM('',(#4951),#4857);
#141=STYLED_ITEM('',(#4951),#4858);
#142=STYLED_ITEM('',(#4951),#4859);
#143=STYLED_ITEM('',(#4951),#4860);
#144=STYLED_ITEM('',(#4951),#4861);
#145=STYLED_ITEM('',(#4951),#4862);
#146=STYLED_ITEM('',(#4952),#4906);
#147=STYLED_ITEM('',(#4952),#4907);
#148=STYLED_ITEM('',(#4952),#4908);
#149=STYLED_ITEM('',(#4953),#4909);
#150=STYLED_ITEM('',(#4953),#4910);
#151=STYLED_ITEM('',(#4953),#4911);
#152=STYLED_ITEM('',(#4950),#17);
#153=FACE_BOUND('',#787,.T.);
#154=FACE_BOUND('',#788,.T.);
#155=FACE_BOUND('',#789,.T.);
#156=FACE_BOUND('',#790,.T.);
#157=FACE_BOUND('',#791,.T.);
#158=FACE_BOUND('',#792,.T.);
#159=FACE_BOUND('',#793,.T.);
#160=FACE_BOUND('',#794,.T.);
#161=FACE_BOUND('',#795,.T.);
#162=FACE_BOUND('',#796,.T.);
#163=FACE_BOUND('',#797,.T.);
#164=FACE_BOUND('',#798,.T.);
#165=FACE_BOUND('',#799,.T.);
#166=FACE_BOUND('',#800,.T.);
#167=FACE_BOUND('',#801,.T.);
#168=FACE_BOUND('',#808,.T.);
#169=FACE_BOUND('',#810,.T.);
#170=FACE_BOUND('',#811,.T.);
#171=FACE_BOUND('',#814,.T.);
#172=FACE_BOUND('',#815,.T.);
#173=FACE_BOUND('',#817,.T.);
#174=FACE_BOUND('',#820,.T.);
#175=FACE_BOUND('',#821,.T.);
#176=FACE_BOUND('',#822,.T.);
#177=FACE_BOUND('',#823,.T.);
#178=FACE_BOUND('',#824,.T.);
#179=FACE_BOUND('',#825,.T.);
#180=FACE_BOUND('',#826,.T.);
#181=FACE_BOUND('',#827,.T.);
#182=FACE_BOUND('',#828,.T.);
#183=FACE_BOUND('',#829,.T.);
#184=FACE_BOUND('',#830,.T.);
#185=FACE_BOUND('',#831,.T.);
#186=FACE_BOUND('',#836,.T.);
#187=FACE_BOUND('',#895,.T.);
#188=FACE_BOUND('',#912,.T.);
#189=FACE_BOUND('',#939,.T.);
#190=FACE_BOUND('',#969,.T.);
#191=FACE_BOUND('',#1002,.T.);
#192=PLANE('',#5014);
#193=PLANE('',#5015);
#194=PLANE('',#5016);
#195=PLANE('',#5017);
#196=PLANE('',#5018);
#197=PLANE('',#5019);
#198=PLANE('',#5020);
#199=PLANE('',#5021);
#200=PLANE('',#5022);
#201=PLANE('',#5023);
#202=PLANE('',#5024);
#203=PLANE('',#5025);
#204=PLANE('',#5026);
#205=PLANE('',#5027);
#206=PLANE('',#5028);
#207=PLANE('',#5029);
#208=PLANE('',#5030);
#209=PLANE('',#5031);
#210=PLANE('',#5032);
#211=PLANE('',#5033);
#212=PLANE('',#5034);
#213=PLANE('',#5035);
#214=PLANE('',#5036);
#215=PLANE('',#5037);
#216=PLANE('',#5038);
#217=PLANE('',#5039);
#218=PLANE('',#5040);
#219=PLANE('',#5041);
#220=PLANE('',#5042);
#221=PLANE('',#5043);
#222=PLANE('',#5044);
#223=PLANE('',#5045);
#224=PLANE('',#5046);
#225=PLANE('',#5047);
#226=PLANE('',#5048);
#227=PLANE('',#5049);
#228=PLANE('',#5050);
#229=PLANE('',#5051);
#230=PLANE('',#5052);
#231=PLANE('',#5053);
#232=PLANE('',#5054);
#233=PLANE('',#5055);
#234=PLANE('',#5056);
#235=PLANE('',#5057);
#236=PLANE('',#5058);
#237=PLANE('',#5059);
#238=PLANE('',#5060);
#239=PLANE('',#5061);
#240=PLANE('',#5062);
#241=PLANE('',#5063);
#242=PLANE('',#5064);
#243=PLANE('',#5065);
#244=PLANE('',#5066);
#245=PLANE('',#5067);
#246=PLANE('',#5068);
#247=PLANE('',#5069);
#248=PLANE('',#5070);
#249=PLANE('',#5071);
#250=PLANE('',#5072);
#251=PLANE('',#5073);
#252=PLANE('',#5074);
#253=PLANE('',#5075);
#254=PLANE('',#5076);
#255=PLANE('',#5077);
#256=PLANE('',#5078);
#257=PLANE('',#5079);
#258=PLANE('',#5080);
#259=PLANE('',#5081);
#260=PLANE('',#5082);
#261=PLANE('',#5083);
#262=PLANE('',#5084);
#263=PLANE('',#5085);
#264=PLANE('',#5086);
#265=PLANE('',#5087);
#266=PLANE('',#5088);
#267=PLANE('',#5089);
#268=PLANE('',#5090);
#269=PLANE('',#5091);
#270=PLANE('',#5092);
#271=PLANE('',#5093);
#272=PLANE('',#5094);
#273=PLANE('',#5095);
#274=PLANE('',#5096);
#275=PLANE('',#5097);
#276=PLANE('',#5098);
#277=PLANE('',#5099);
#278=PLANE('',#5100);
#279=PLANE('',#5101);
#280=PLANE('',#5102);
#281=PLANE('',#5103);
#282=PLANE('',#5104);
#283=PLANE('',#5105);
#284=PLANE('',#5106);
#285=PLANE('',#5107);
#286=PLANE('',#5108);
#287=PLANE('',#5109);
#288=PLANE('',#5110);
#289=PLANE('',#5111);
#290=PLANE('',#5112);
#291=PLANE('',#5113);
#292=PLANE('',#5114);
#293=PLANE('',#5115);
#294=PLANE('',#5116);
#295=PLANE('',#5117);
#296=PLANE('',#5118);
#297=PLANE('',#5119);
#298=PLANE('',#5120);
#299=PLANE('',#5121);
#300=PLANE('',#5122);
#301=PLANE('',#5123);
#302=PLANE('',#5124);
#303=PLANE('',#5125);
#304=PLANE('',#5126);
#305=PLANE('',#5127);
#306=PLANE('',#5128);
#307=PLANE('',#5129);
#308=PLANE('',#5130);
#309=PLANE('',#5131);
#310=PLANE('',#5132);
#311=PLANE('',#5133);
#312=PLANE('',#5134);
#313=PLANE('',#5135);
#314=PLANE('',#5136);
#315=PLANE('',#5137);
#316=PLANE('',#5138);
#317=PLANE('',#5139);
#318=PLANE('',#5140);
#319=PLANE('',#5141);
#320=PLANE('',#5142);
#321=PLANE('',#5143);
#322=PLANE('',#5144);
#323=PLANE('',#5145);
#324=PLANE('',#5146);
#325=PLANE('',#5147);
#326=PLANE('',#5148);
#327=PLANE('',#5149);
#328=PLANE('',#5150);
#329=PLANE('',#5151);
#330=PLANE('',#5152);
#331=PLANE('',#5153);
#332=PLANE('',#5154);
#333=PLANE('',#5155);
#334=PLANE('',#5156);
#335=PLANE('',#5157);
#336=PLANE('',#5158);
#337=PLANE('',#5159);
#338=PLANE('',#5160);
#339=PLANE('',#5161);
#340=PLANE('',#5162);
#341=PLANE('',#5163);
#342=PLANE('',#5164);
#343=PLANE('',#5165);
#344=PLANE('',#5166);
#345=PLANE('',#5167);
#346=PLANE('',#5168);
#347=PLANE('',#5169);
#348=PLANE('',#5170);
#349=PLANE('',#5171);
#350=PLANE('',#5172);
#351=PLANE('',#5173);
#352=PLANE('',#5174);
#353=PLANE('',#5175);
#354=PLANE('',#5176);
#355=PLANE('',#5177);
#356=PLANE('',#5178);
#357=PLANE('',#5179);
#358=PLANE('',#5180);
#359=PLANE('',#5181);
#360=PLANE('',#5182);
#361=PLANE('',#5183);
#362=PLANE('',#5184);
#363=PLANE('',#5185);
#364=PLANE('',#5186);
#365=PLANE('',#5187);
#366=PLANE('',#5188);
#367=PLANE('',#5189);
#368=PLANE('',#5190);
#369=PLANE('',#5191);
#370=PLANE('',#5192);
#371=PLANE('',#5193);
#372=PLANE('',#5194);
#373=PLANE('',#5195);
#374=PLANE('',#5196);
#375=PLANE('',#5197);
#376=PLANE('',#5198);
#377=PLANE('',#5199);
#378=PLANE('',#5200);
#379=PLANE('',#5201);
#380=PLANE('',#5202);
#381=PLANE('',#5203);
#382=PLANE('',#5204);
#383=PLANE('',#5205);
#384=PLANE('',#5206);
#385=PLANE('',#5207);
#386=PLANE('',#5208);
#387=PLANE('',#5209);
#388=PLANE('',#5210);
#389=PLANE('',#5211);
#390=PLANE('',#5212);
#391=PLANE('',#5213);
#392=PLANE('',#5214);
#393=PLANE('',#5215);
#394=PLANE('',#5216);
#395=PLANE('',#5217);
#396=PLANE('',#5218);
#397=PLANE('',#5219);
#398=PLANE('',#5220);
#399=PLANE('',#5221);
#400=PLANE('',#5222);
#401=PLANE('',#5223);
#402=PLANE('',#5224);
#403=PLANE('',#5225);
#404=PLANE('',#5226);
#405=PLANE('',#5227);
#406=PLANE('',#5228);
#407=PLANE('',#5229);
#408=PLANE('',#5230);
#409=PLANE('',#5231);
#410=PLANE('',#5232);
#411=PLANE('',#5233);
#412=PLANE('',#5234);
#413=PLANE('',#5235);
#414=PLANE('',#5236);
#415=PLANE('',#5237);
#416=PLANE('',#5238);
#417=PLANE('',#5239);
#418=PLANE('',#5240);
#419=PLANE('',#5241);
#420=PLANE('',#5242);
#421=PLANE('',#5243);
#422=B_SPLINE_CURVE_WITH_KNOTS('',3,(#6512,#6513,#6514,#6515,#6516,#6517,
#6518,#6519,#6520,#6521,#6522,#6523,#6524,#6525,#6526,#6527,#6528,#6529,
#6530,#6531,#6532,#6533,#6534,#6535),.UNSPECIFIED.,.F.,.F.,(4,2,2,2,2,2,
2,2,2,2,2,4),(9.99999999973244E-7,0.132837417783442,0.139750885007869,0.152636913187162,
0.170871436750014,0.195750009258678,0.223666435478234,0.257088444882691,
0.291137233285067,0.31379352908276,0.334948924069739,1.26135537959443),
 .UNSPECIFIED.);
#423=B_SPLINE_CURVE_WITH_KNOTS('',3,(#6537,#6538,#6539,#6540,#6541,#6542),
 .UNSPECIFIED.,.F.,.F.,(4,1,1,4),(0.,0.523067857196963,0.523520256357239,
1.),.UNSPECIFIED.);
#424=B_SPLINE_CURVE_WITH_KNOTS('',3,(#6544,#6545,#6546,#6547,#6548,#6549,
#6550,#6551,#6552,#6553,#6554,#6555,#6556,#6557,#6558,#6559,#6560,#6561,
#6562,#6563,#6564,#6565,#6566,#6567,#6568,#6569),.UNSPECIFIED.,.F.,.F.,
(4,2,2,2,2,2,2,2,2,2,2,2,4),(-0.0784895428523234,-0.0606321114785526,-0.058600729999265,
-0.0557806338042826,-0.0517588501311291,-0.0474592664104549,-0.0442589517945651,
-0.0410497577568977,-0.0367394816034233,-0.0326584693709896,-0.0296619577936992,
-0.0270624647054508,-1.00000000002641E-6),.UNSPECIFIED.);
#425=B_SPLINE_CURVE_WITH_KNOTS('',3,(#6570,#6571,#6572,#6573,#6574),
 .UNSPECIFIED.,.F.,.F.,(4,1,4),(0.,0.523520256357239,1.),.UNSPECIFIED.);
#426=B_SPLINE_CURVE_WITH_KNOTS('',3,(#6763,#6764,#6765,#6766,#6767,#6768,
#6769,#6770,#6771,#6772,#6773,#6774,#6775,#6776,#6777,#6778,#6779,#6780,
#6781,#6782,#6783,#6784,#6785,#6786),.UNSPECIFIED.,.F.,.F.,(4,2,2,2,2,2,
2,2,2,2,2,4),(9.99999999973244E-7,0.133911417067958,0.137994233601913,0.142931661895947,
0.150393609339681,0.158380493723982,0.165724910760191,0.172219730046331,
0.178129938639471,0.183978837785458,0.189344967977769,0.310059347381048),
 .UNSPECIFIED.);
#427=B_SPLINE_CURVE_WITH_KNOTS('',3,(#6788,#6789,#6790,#6791,#6792,#6793),
 .UNSPECIFIED.,.F.,.F.,(4,1,1,4),(0.,0.523067857196963,0.523520256357239,
1.),.UNSPECIFIED.);
#428=B_SPLINE_CURVE_WITH_KNOTS('',3,(#6795,#6796,#6797,#6798,#6799,#6800,
#6801,#6802,#6803,#6804,#6805,#6806,#6807,#6808,#6809,#6810,#6811,#6812,
#6813,#6814,#6815,#6816,#6817,#6818,#6819,#6820),.UNSPECIFIED.,.F.,.F.,
(4,2,2,2,2,2,2,2,2,2,2,2,4),(-0.0784895428525718,-0.0606323389902902,-0.058600983391691,
-0.055780923125967,-0.0517591906920966,-0.0474596617500024,-0.0442593879075205,
-0.0410502347563877,-0.0367400135177147,-0.0326590532791705,-0.0296625798787612,
-0.0270631199092057,-9.99999999973245E-7),.UNSPECIFIED.);
#429=B_SPLINE_CURVE_WITH_KNOTS('',3,(#6821,#6822,#6823,#6824,#6825),
 .UNSPECIFIED.,.F.,.F.,(4,1,4),(0.,0.523520256357239,1.),.UNSPECIFIED.);
#430=B_SPLINE_CURVE_WITH_KNOTS('',3,(#7014,#7015,#7016,#7017,#7018,#7019,
#7020,#7021,#7022,#7023,#7024,#7025,#7026,#7027,#7028,#7029,#7030,#7031,
#7032,#7033,#7034,#7035),.UNSPECIFIED.,.F.,.F.,(4,2,2,2,2,2,2,2,2,2,4),
(-0.280671013168951,-0.146143801661834,-0.143844958935853,-0.142336992616384,
-0.141188455342077,-0.14012783870312,-0.139070342910573,-0.138031711840179,
-0.136787915576848,-0.134807442549063,-9.99999999917733E-7),
 .UNSPECIFIED.);
#431=B_SPLINE_CURVE_WITH_KNOTS('',3,(#7037,#7038,#7039,#7040,#7041,#7042),
 .UNSPECIFIED.,.F.,.F.,(4,1,1,4),(0.,0.523067857196963,0.523520256357239,
1.),.UNSPECIFIED.);
#432=B_SPLINE_CURVE_WITH_KNOTS('',3,(#7044,#7045,#7046,#7047,#7048,#7049,
#7050,#7051,#7052,#7053,#7054,#7055,#7056,#7057,#7058,#7059,#7060,#7061,
#7062,#7063,#7064,#7065,#7066,#7067,#7068,#7069),.UNSPECIFIED.,.F.,.F.,
(4,2,2,2,2,2,2,2,2,2,2,2,4),(9.99999999973242E-7,0.0270124683312802,0.0297694435556866,
0.0332731846026764,0.0384584777680813,0.0441025489592212,0.0501364577109376,
0.060141943193179,0.0735632010854012,0.0919459679313267,0.116178632167416,
0.133919129057052,0.286836427638656),.UNSPECIFIED.);
#433=B_SPLINE_CURVE_WITH_KNOTS('',3,(#7070,#7071,#7072,#7073,#7074),
 .UNSPECIFIED.,.F.,.F.,(4,1,4),(0.,0.523520256357239,1.),.UNSPECIFIED.);
#434=B_SPLINE_CURVE_WITH_KNOTS('',3,(#7263,#7264,#7265,#7266,#7267,#7268,
#7269,#7270,#7271,#7272,#7273,#7274,#7275,#7276,#7277,#7278,#7279,#7280,
#7281,#7282,#7283,#7284),.UNSPECIFIED.,.F.,.F.,(4,2,2,2,2,2,2,2,2,2,4),
(-0.280671013481212,-0.146143801676705,-0.143844958945628,-0.142336992622791,
-0.141188455345937,-0.140127838704416,-0.139070342910512,-0.138031711840136,
-0.136787915576821,-0.134807442549042,-9.99999999917733E-7),
 .UNSPECIFIED.);
#435=B_SPLINE_CURVE_WITH_KNOTS('',3,(#7286,#7287,#7288,#7289,#7290,#7291),
 .UNSPECIFIED.,.F.,.F.,(4,1,1,4),(0.,0.523067857196963,0.523520256357239,
1.),.UNSPECIFIED.);
#436=B_SPLINE_CURVE_WITH_KNOTS('',3,(#7293,#7294,#7295,#7296,#7297,#7298,
#7299,#7300,#7301,#7302,#7303,#7304,#7305,#7306,#7307,#7308,#7309,#7310,
#7311,#7312,#7313,#7314,#7315,#7316,#7317,#7318),.UNSPECIFIED.,.F.,.F.,
(4,2,2,2,2,2,2,2,2,2,2,2,4),(9.99999999973245E-7,0.0270124683312803,0.0297694435556859,
0.0332731846026743,0.0384584777680736,0.0441025489591976,0.0501364577108971,
0.0601419431931074,0.0735632010852898,0.0919459679311581,0.116178632167153,
0.133919129056712,0.28683642763768),.UNSPECIFIED.);
#437=B_SPLINE_CURVE_WITH_KNOTS('',3,(#7319,#7320,#7321,#7322,#7323),
 .UNSPECIFIED.,.F.,.F.,(4,1,4),(0.,0.523520256357239,1.),.UNSPECIFIED.);
#438=B_SPLINE_CURVE_WITH_KNOTS('',3,(#7512,#7513,#7514,#7515,#7516,#7517,
#7518,#7519,#7520,#7521,#7522,#7523,#7524,#7525,#7526,#7527,#7528,#7529,
#7530,#7531,#7532,#7533),.UNSPECIFIED.,.F.,.F.,(4,2,2,2,2,2,2,2,2,2,4),
(-0.280670013902618,-0.146141802204702,-0.143842959449925,-0.142334993119258,
-0.141186455841837,-0.140125839202297,-0.139068343409072,-0.138029712337422,
-0.136785916069231,-0.134805443021587,0.),.UNSPECIFIED.);
#439=B_SPLINE_CURVE_WITH_KNOTS('',3,(#7535,#7536,#7537,#7538,#7539,#7540),
 .UNSPECIFIED.,.F.,.F.,(4,1,1,4),(0.,0.531252016633518,0.531711206156817,
1.),.UNSPECIFIED.);
#440=B_SPLINE_CURVE_WITH_KNOTS('',3,(#7542,#7543,#7544,#7545,#7546,#7547,
#7548,#7549,#7550,#7551,#7552,#7553,#7554,#7555,#7556,#7557,#7558,#7559,
#7560,#7561,#7562,#7563,#7564,#7565,#7566,#7567),.UNSPECIFIED.,.F.,.F.,
(4,2,2,2,2,2,2,2,2,2,2,2,4),(1.00000000002876E-6,0.0270115462689338,0.0297685752217926,
0.033272428611942,0.0384578754072372,0.0441021259631305,0.0501362427950702,
0.0601422926860905,0.0735643109718988,0.0919483925195714,0.116183314264705,
0.133925994971849,0.286866473637969),.UNSPECIFIED.);
#441=B_SPLINE_CURVE_WITH_KNOTS('',3,(#7568,#7569,#7570,#7571,#7572),
 .UNSPECIFIED.,.F.,.F.,(4,1,4),(0.,0.531711206156817,1.),.UNSPECIFIED.);
#442=B_SPLINE_CURVE_WITH_KNOTS('',3,(#7761,#7762,#7763,#7764,#7765,#7766,
#7767,#7768,#7769,#7770,#7771,#7772,#7773,#7774,#7775,#7776,#7777,#7778,
#7779,#7780,#7781,#7782),.UNSPECIFIED.,.F.,.F.,(4,2,2,2,2,2,2,2,2,2,4),
(-0.280670013994022,-0.146141802208611,-0.143842959452505,-0.142334993121184,
-0.141186455843418,-0.140125839203583,-0.139068343410069,-0.138029712338127,
-0.136785916069695,-0.134805443021935,0.),.UNSPECIFIED.);
#443=B_SPLINE_CURVE_WITH_KNOTS('',3,(#7784,#7785,#7786,#7787,#7788,#7789),
 .UNSPECIFIED.,.F.,.F.,(4,1,1,4),(0.,0.531252016633518,0.531711206156817,
1.),.UNSPECIFIED.);
#444=B_SPLINE_CURVE_WITH_KNOTS('',3,(#7791,#7792,#7793,#7794,#7795,#7796,
#7797,#7798,#7799,#7800,#7801,#7802,#7803,#7804,#7805,#7806,#7807,#7808,
#7809,#7810,#7811,#7812,#7813,#7814,#7815,#7816),.UNSPECIFIED.,.F.,.F.,
(4,2,2,2,2,2,2,2,2,2,2,2,4),(1.00000000002876E-6,0.0270115462689344,0.0297685752217861,
0.0332724286119201,0.0384578754071795,0.0441021259630085,0.0501362427948879,
0.0601422926858028,0.0735643109714659,0.0919483925189616,0.116183314263897,
0.133925994970881,0.286866473635552),.UNSPECIFIED.);
#445=B_SPLINE_CURVE_WITH_KNOTS('',3,(#7817,#7818,#7819,#7820,#7821),
 .UNSPECIFIED.,.F.,.F.,(4,1,4),(0.,0.531711206156817,1.),.UNSPECIFIED.);
#446=B_SPLINE_CURVE_WITH_KNOTS('',3,(#8067,#8068,#8069,#8070,#8071,#8072,
#8073,#8074,#8075,#8076,#8077,#8078,#8079,#8080,#8081,#8082,#8083,#8084,
#8085,#8086,#8087,#8088,#8089,#8090),.UNSPECIFIED.,.F.,.F.,(4,2,2,2,2,2,
2,2,2,2,2,4),(9.99999999973245E-7,0.13262837960133,0.140101881746623,0.158393761062767,
0.177277055511137,0.192164483848558,0.211176611789467,0.241864711067137,
0.272897366710469,0.292992134459161,0.312153091399785,1.23878300276416),
 .UNSPECIFIED.);
#447=B_SPLINE_CURVE_WITH_KNOTS('',3,(#8091,#8092,#8093,#8094,#8095,#8096,
#8097,#8098,#8099,#8100,#8101,#8102,#8103,#8104,#8105,#8106,#8107,#8108,
#8109,#8110,#8111,#8112,#8113,#8114),.UNSPECIFIED.,.F.,.F.,(4,2,2,2,2,2,
2,2,2,2,2,4),(0.,0.134515330798646,0.13712265468963,0.139230636059059,0.141334182688539,
0.143300191394715,0.144952997582417,0.146255191133063,0.148156498720588,
0.150540524172404,0.15308011779523,0.249899078567982),.UNSPECIFIED.);
#448=B_SPLINE_CURVE_WITH_KNOTS('',3,(#8140,#8141,#8142,#8143,#8144,#8145,
#8146,#8147,#8148,#8149,#8150,#8151,#8152,#8153,#8154,#8155,#8156,#8157,
#8158,#8159,#8160,#8161,#8162,#8163,#8164,#8165),.UNSPECIFIED.,.F.,.F.,
(4,2,2,2,2,2,2,2,2,2,2,2,4),(-0.151556754860097,-0.145831772983338,-0.145529529881949,
-0.144917221286853,-0.143990374018599,-0.14274247205338,-0.141297468527967,
-0.139769877302328,-0.138108615933306,-0.136873262834554,-0.134755181048486,
-0.077260727488341,0.),.UNSPECIFIED.);
#449=B_SPLINE_CURVE_WITH_KNOTS('',3,(#8166,#8167,#8168,#8169,#8170,#8171,
#8172,#8173,#8174,#8175,#8176,#8177,#8178,#8179,#8180,#8181,#8182,#8183,
#8184,#8185,#8186,#8187,#8188,#8189,#8190,#8191),.UNSPECIFIED.,.F.,.F.,
(4,2,2,2,2,2,2,2,2,2,2,2,4),(-0.151556754865515,-0.145831772986619,-0.145529529885118,
-0.144917221289815,-0.143990374021267,-0.142742472055646,-0.141297468529769,
-0.13976987730364,-0.138108615934083,-0.136873262834957,-0.134755181048281,
-0.0772607274880509,0.),.UNSPECIFIED.);
#450=B_SPLINE_CURVE_WITH_KNOTS('',3,(#8220,#8221,#8222,#8223,#8224,#8225,
#8226,#8227,#8228,#8229,#8230),.UNSPECIFIED.,.F.,.F.,(4,1,1,1,1,1,1,1,4),
(0.,0.176257754817801,0.338434413880475,0.484822050787837,0.617157578266333,
0.734698360612477,0.837385183832361,0.926372420929584,1.),.UNSPECIFIED.);
#451=B_SPLINE_CURVE_WITH_KNOTS('',3,(#8232,#8233,#8234,#8235,#8236,#8237,
#8238,#8239,#8240,#8241,#8242,#8243,#8244,#8245,#8246,#8247,#8248,#8249,
#8250),.UNSPECIFIED.,.F.,.F.,(4,1,1,1,1,1,1,1,1,1,1,1,1,1,1,1,4),(0.,0.0642168426314309,
0.12706376569313,0.18874453834783,0.249132102835041,0.309452532710628,0.369826676247682,
0.430650141838469,0.49235193187947,0.554072106262517,0.615689783744975,
0.676797702506539,0.738439048246942,0.801316910064893,0.865184511711542,
0.931641324419076,1.),.UNSPECIFIED.);
#452=B_SPLINE_CURVE_WITH_KNOTS('',3,(#8252,#8253,#8254,#8255,#8256,#8257,
#8258,#8259,#8260,#8261,#8262,#8263,#8264,#8265,#8266,#8267,#8268,#8269,
#8270),.UNSPECIFIED.,.F.,.F.,(4,1,1,1,1,1,1,1,1,1,1,1,1,1,1,1,4),(0.,0.0787802355821395,
0.153720644208585,0.226713530308781,0.299191166065937,0.371189996837669,
0.44300641435341,0.516689173294881,0.593217216623412,0.633872917807846,
0.676989142289979,0.722899506325828,0.771958610506144,0.824211323334836,
0.879378650627203,0.937948119330418,1.),.UNSPECIFIED.);
#453=B_SPLINE_CURVE_WITH_KNOTS('',3,(#8288,#8289,#8290,#8291,#8292,#8293,
#8294,#8295,#8296,#8297,#8298),.UNSPECIFIED.,.F.,.F.,(4,1,1,1,1,1,1,1,4),
(0.,0.176955752131251,0.339055079642581,0.486318224942075,0.618780922835377,
0.735618827767379,0.838742476720111,0.926457067876315,1.),.UNSPECIFIED.);
#454=B_SPLINE_CURVE_WITH_KNOTS('',3,(#8300,#8301,#8302,#8303,#8304,#8305,
#8306,#8307,#8308,#8309,#8310,#8311,#8312,#8313,#8314,#8315,#8316,#8317,
#8318),.UNSPECIFIED.,.F.,.F.,(4,1,1,1,1,1,1,1,1,1,1,1,1,1,1,1,4),(0.,0.0624813386352052,
0.123490382687291,0.183411094206311,0.243153220999779,0.302126735372087,
0.361709670832906,0.42184229169488,0.482931901446669,0.544552254431324,
0.605680719965357,0.667679738343687,0.729984387538063,0.794550921286129,
0.860345619712082,0.928907356265708,1.),.UNSPECIFIED.);
#455=B_SPLINE_CURVE_WITH_KNOTS('',3,(#8320,#8321,#8322,#8323,#8324,#8325,
#8326,#8327,#8328,#8329,#8330,#8331,#8332,#8333,#8334,#8335,#8336,#8337,
#8338),.UNSPECIFIED.,.F.,.F.,(4,1,1,1,1,1,1,1,1,1,1,1,1,1,1,1,4),(0.,0.0701188944197145,
0.137192352785971,0.202016180724751,0.264631406974743,0.326116547145817,
0.38601030466764,0.445811846957679,0.505297696730959,0.564633277726487,
0.624282625333839,0.68390203190375,0.743952770938269,0.805387731007634,
0.868388030896279,0.933084028252477,1.),.UNSPECIFIED.);
#456=B_SPLINE_CURVE_WITH_KNOTS('',3,(#8340,#8341,#8342,#8343,#8344,#8345,
#8346,#8347,#8348,#8349,#8350),.UNSPECIFIED.,.F.,.F.,(4,1,1,1,1,1,1,1,4),
(0.,0.0751731173762201,0.164746257511802,0.268016880987779,0.385911875652955,
0.517789479273396,0.663690977002282,0.824413220536641,1.),.UNSPECIFIED.);
#457=B_SPLINE_CURVE_WITH_KNOTS('',3,(#8390,#8391,#8392,#8393,#8394,#8395,
#8396,#8397,#8398,#8399,#8400,#8401,#8402,#8403,#8404,#8405,#8406,#8407,
#8408,#8409,#8410,#8411,#8412,#8413),.UNSPECIFIED.,.F.,.F.,(4,2,2,2,2,2,
2,2,2,2,2,4),(9.99999999973245E-7,0.134517187032881,0.137124508037846,0.139232487027975,
0.14133603124686,0.143302037704131,0.144954842012011,0.146257034094993,
0.148158339548119,0.150542362346006,0.15308195314829,0.249900072226294),
 .UNSPECIFIED.);
#458=B_SPLINE_CURVE_WITH_KNOTS('',3,(#8414,#8415,#8416,#8417,#8418,#8419,
#8420,#8421,#8422,#8423,#8424,#8425,#8426,#8427,#8428,#8429,#8430,#8431,
#8432,#8433,#8434,#8435,#8436,#8437),.UNSPECIFIED.,.F.,.F.,(4,2,2,2,2,2,
2,2,2,2,2,4),(9.99999999973245E-7,0.132606346295834,0.140141328235262,0.158930783001542,
0.178104886277358,0.193132995766957,0.212425978027799,0.244067607237507,
0.276042705517601,0.302052529882767,0.329517720913523,1.66974788191152),
 .UNSPECIFIED.);
#459=B_SPLINE_CURVE_WITH_KNOTS('',3,(#8494,#8495,#8496,#8497,#8498,#8499,
#8500,#8501,#8502,#8503,#8504,#8505,#8506,#8507,#8508,#8509,#8510,#8511,
#8512),.UNSPECIFIED.,.F.,.F.,(4,1,1,1,1,1,1,1,1,1,1,1,1,1,1,1,4),(0.,0.06232636599144,
0.123196245194447,0.184036220254551,0.246964085428892,0.310699395789571,
0.373267637073443,0.436587579967388,0.502124791036649,0.539004722034163,
0.583255375525985,0.634446515282812,0.692676046102116,0.758570486286528,
0.831658674792114,0.911917102274834,1.),.UNSPECIFIED.);
#460=B_SPLINE_CURVE_WITH_KNOTS('',3,(#8520,#8521,#8522,#8523,#8524,#8525,
#8526,#8527,#8528,#8529,#8530,#8531,#8532,#8533,#8534,#8535,#8536,#8537,
#8538),.UNSPECIFIED.,.F.,.F.,(4,1,1,1,1,1,1,1,1,1,1,1,1,1,1,1,4),(0.,0.0773606839426995,
0.148541953025043,0.214007737252134,0.272994503360688,0.326409195767468,
0.373880400729808,0.416019938265759,0.452125519512633,0.518001710705456,
0.582366929733514,0.647043782341807,0.713330421064474,0.780911970350968,
0.850394959130645,0.922922973592277,1.),.UNSPECIFIED.);
#461=B_SPLINE_CURVE_WITH_KNOTS('',3,(#8540,#8541,#8542,#8543,#8544,#8545,
#8546,#8547,#8548,#8549,#8550),.UNSPECIFIED.,.F.,.F.,(4,1,1,1,1,1,1,1,4),
(0.,0.10607090210513,0.213421680412451,0.321685488130326,0.433857939098158,
0.554081282774355,0.687587043966562,0.836465850065114,1.),.UNSPECIFIED.);
#462=B_SPLINE_CURVE_WITH_KNOTS('',3,(#8554,#8555,#8556,#8557,#8558,#8559,
#8560),.UNSPECIFIED.,.F.,.F.,(4,1,1,1,4),(0.,0.299184287676537,0.564898946356809,
0.798547868842619,1.),.UNSPECIFIED.);
#463=B_SPLINE_CURVE_WITH_KNOTS('',3,(#8561,#8562,#8563,#8564,#8565,#8566,
#8567),.UNSPECIFIED.,.F.,.F.,(4,1,1,1,4),(0.,0.262951625567485,0.515706692358362,
0.762109226953108,1.),.UNSPECIFIED.);
#464=B_SPLINE_CURVE_WITH_KNOTS('',3,(#8841,#8842,#8843,#8844,#8845,#8846,
#8847,#8848,#8849,#8850,#8851),.UNSPECIFIED.,.F.,.F.,(4,1,1,1,1,1,1,1,4),
(0.,0.176257754817801,0.338434413880475,0.484822050787837,0.617157578266333,
0.734698360612477,0.837385183832361,0.926372420929584,1.),.UNSPECIFIED.);
#465=B_SPLINE_CURVE_WITH_KNOTS('',3,(#8892,#8893,#8894,#8895,#8896,#8897,
#8898,#8899,#8900,#8901,#8902,#8903,#8904,#8905,#8906,#8907,#8908,#8909,
#8910),.UNSPECIFIED.,.F.,.F.,(4,1,1,1,1,1,1,1,1,1,1,1,1,1,1,1,4),(0.,0.0642168426314309,
0.12706376569313,0.18874453834783,0.249132102835041,0.309452532710628,0.369826676247682,
0.430650141838469,0.49235193187947,0.554072106262517,0.615689783744975,
0.676797702506539,0.738439048246942,0.801316910064893,0.865184511711542,
0.931641324419076,1.),.UNSPECIFIED.);
#466=B_SPLINE_CURVE_WITH_KNOTS('',3,(#8951,#8952,#8953,#8954,#8955,#8956,
#8957,#8958,#8959,#8960,#8961,#8962,#8963,#8964,#8965,#8966,#8967,#8968,
#8969),.UNSPECIFIED.,.F.,.F.,(4,1,1,1,1,1,1,1,1,1,1,1,1,1,1,1,4),(0.,0.0787802355821395,
0.153720644208585,0.226713530308781,0.299191166065937,0.371189996837669,
0.44300641435341,0.516689173294881,0.593217216623412,0.633872917807846,
0.676989142289979,0.722899506325828,0.771958610506144,0.824211323334836,
0.879378650627203,0.937948119330418,1.),.UNSPECIFIED.);
#467=B_SPLINE_CURVE_WITH_KNOTS('',3,(#8996,#8997,#8998,#8999,#9000,#9001,
#9002,#9003,#9004,#9005,#9006,#9007,#9008,#9009,#9010,#9011,#9012,#9013,
#9014),.UNSPECIFIED.,.F.,.F.,(4,1,1,1,1,1,1,1,1,1,1,1,1,1,1,1,4),(0.,0.0688142958243097,
0.136364824552215,0.204019353511247,0.273063738624612,0.342913319561489,
0.410965444138958,0.479168766513447,0.549308006509783,0.58765157641765,
0.630646668762791,0.678878785696649,0.731934299229583,0.791111422948047,
0.855283189513077,0.925085938677385,1.),.UNSPECIFIED.);
#468=B_SPLINE_CURVE_WITH_KNOTS('',3,(#9016,#9017,#9018,#9019,#9020,#9021,
#9022,#9023,#9024,#9025,#9026,#9027,#9028,#9029,#9030,#9031,#9032,#9033,
#9034),.UNSPECIFIED.,.F.,.F.,(4,1,1,1,1,1,1,1,1,1,1,1,1,1,1,1,4),(0.,0.0716681496796057,
0.138913286274205,0.201184570026559,0.259124428290545,0.312255041426236,
0.360681509623111,0.405086143328645,0.445101658590711,0.51877778048826,
0.589461579033197,0.658462241985717,0.727283218368367,0.79632248690472,
0.863174893207881,0.930949380987856,1.),.UNSPECIFIED.);
#469=B_SPLINE_CURVE_WITH_KNOTS('',3,(#9085,#9086,#9087,#9088,#9089,#9090,
#9091,#9092,#9093,#9094,#9095,#9096,#9097,#9098,#9099,#9100,#9101,#9102,
#9103),.UNSPECIFIED.,.F.,.F.,(4,1,1,1,1,1,1,1,1,1,1,1,1,1,1,1,4),(0.,0.0688142958243097,
0.136364824552215,0.204019353511247,0.273063738624612,0.342913319561489,
0.410965444138958,0.479168766513447,0.549308006509783,0.58765157641765,
0.630646668762791,0.678878785696649,0.731934299229583,0.791111422948047,
0.855283189513077,0.925085938677385,1.),.UNSPECIFIED.);
#470=B_SPLINE_CURVE_WITH_KNOTS('',3,(#9144,#9145,#9146,#9147,#9148,#9149,
#9150,#9151,#9152,#9153,#9154,#9155,#9156,#9157,#9158,#9159,#9160,#9161,
#9162),.UNSPECIFIED.,.F.,.F.,(4,1,1,1,1,1,1,1,1,1,1,1,1,1,1,1,4),(0.,0.0716681496796057,
0.138913286274205,0.201184570026559,0.259124428290545,0.312255041426236,
0.360681509623111,0.405086143328645,0.445101658590711,0.51877778048826,
0.589461579033197,0.658462241985717,0.727283218368367,0.79632248690472,
0.863174893207881,0.930949380987856,1.),.UNSPECIFIED.);
#471=B_SPLINE_CURVE_WITH_KNOTS('',3,(#9224,#9225,#9226,#9227,#9228,#9229,
#9230,#9231,#9232,#9233,#9234,#9235,#9236,#9237,#9238,#9239,#9240,#9241,
#9242),.UNSPECIFIED.,.F.,.F.,(4,1,1,1,1,1,1,1,1,1,1,1,1,1,1,1,4),(0.,0.0773606839426995,
0.148541953025043,0.214007737252134,0.272994503360688,0.326409195767468,
0.373880400729808,0.416019938265759,0.452125519512633,0.518001710705456,
0.582366929733514,0.647043782341807,0.713330421064474,0.780911970350968,
0.850394959130645,0.922922973592277,1.),.UNSPECIFIED.);
#472=B_SPLINE_CURVE_WITH_KNOTS('',3,(#9267,#9268,#9269,#9270,#9271,#9272,
#9273,#9274,#9275,#9276,#9277),.UNSPECIFIED.,.F.,.F.,(4,1,1,1,1,1,1,1,4),
(0.,0.10607090210513,0.213421680412451,0.321685488130326,0.433857939098158,
0.554081282774355,0.687587043966562,0.836465850065114,1.),.UNSPECIFIED.);
#473=B_SPLINE_CURVE_WITH_KNOTS('',3,(#9298,#9299,#9300,#9301,#9302,#9303,
#9304),.UNSPECIFIED.,.F.,.F.,(4,1,1,1,4),(0.,0.299184287676537,0.564898946356809,
0.798547868842619,1.),.UNSPECIFIED.);
#474=B_SPLINE_CURVE_WITH_KNOTS('',3,(#9321,#9322,#9323,#9324,#9325,#9326,
#9327),.UNSPECIFIED.,.F.,.F.,(4,1,1,1,4),(0.,0.262951625567485,0.515706692358362,
0.762109226953108,1.),.UNSPECIFIED.);
#475=B_SPLINE_CURVE_WITH_KNOTS('',3,(#9367,#9368,#9369,#9370,#9371,#9372,
#9373,#9374,#9375,#9376,#9377,#9378,#9379,#9380,#9381,#9382,#9383,#9384,
#9385),.UNSPECIFIED.,.F.,.F.,(4,1,1,1,1,1,1,1,1,1,1,1,1,1,1,1,4),(0.,0.06232636599144,
0.123196245194447,0.184036220254551,0.246964085428892,0.310699395789571,
0.373267637073443,0.436587579967388,0.502124791036649,0.539004722034163,
0.583255375525985,0.634446515282812,0.692676046102116,0.758570486286528,
0.831658674792114,0.911917102274834,1.),.UNSPECIFIED.);
#476=B_SPLINE_CURVE_WITH_KNOTS('',3,(#9420,#9421,#9422,#9423,#9424,#9425,
#9426,#9427,#9428,#9429,#9430),.UNSPECIFIED.,.F.,.F.,(4,1,1,1,1,1,1,1,4),
(0.,0.176955752131251,0.339055079642581,0.486318224942075,0.618780922835377,
0.735618827767379,0.838742476720111,0.926457067876315,1.),.UNSPECIFIED.);
#477=B_SPLINE_CURVE_WITH_KNOTS('',3,(#9471,#9472,#9473,#9474,#9475,#9476,
#9477,#9478,#9479,#9480,#9481,#9482,#9483,#9484,#9485,#9486,#9487,#9488,
#9489),.UNSPECIFIED.,.F.,.F.,(4,1,1,1,1,1,1,1,1,1,1,1,1,1,1,1,4),(0.,0.0624813386352052,
0.123490382687291,0.183411094206311,0.243153220999779,0.302126735372087,
0.361709670832906,0.42184229169488,0.482931901446669,0.544552254431324,
0.605680719965357,0.667679738343687,0.729984387538063,0.794550921286129,
0.860345619712082,0.928907356265708,1.),.UNSPECIFIED.);
#478=B_SPLINE_CURVE_WITH_KNOTS('',3,(#9530,#9531,#9532,#9533,#9534,#9535,
#9536,#9537,#9538,#9539,#9540,#9541,#9542,#9543,#9544,#9545,#9546,#9547,
#9548),.UNSPECIFIED.,.F.,.F.,(4,1,1,1,1,1,1,1,1,1,1,1,1,1,1,1,4),(0.,0.0701188944197145,
0.137192352785971,0.202016180724751,0.264631406974743,0.326116547145817,
0.38601030466764,0.445811846957679,0.505297696730959,0.564633277726487,
0.624282625333839,0.68390203190375,0.743952770938269,0.805387731007634,
0.868388030896279,0.933084028252477,1.),.UNSPECIFIED.);
#479=B_SPLINE_CURVE_WITH_KNOTS('',3,(#9573,#9574,#9575,#9576,#9577,#9578,
#9579,#9580,#9581,#9582,#9583),.UNSPECIFIED.,.F.,.F.,(4,1,1,1,1,1,1,1,4),
(0.,0.0751731173762201,0.164746257511802,0.268016880987779,0.385911875652955,
0.517789479273396,0.663690977002282,0.824413220536641,1.),.UNSPECIFIED.);
#480=B_SPLINE_CURVE_WITH_KNOTS('',3,(#9598,#9599,#9600,#9601,#9602,#9603,
#9604,#9605,#9606,#9607,#9608,#9609,#9610,#9611,#9612,#9613,#9614,#9615,
#9616),.UNSPECIFIED.,.F.,.F.,(4,1,1,1,1,1,1,1,1,1,1,1,1,1,1,1,4),(0.,0.0700437554181558,
0.139238316762646,0.208197455044139,0.279173374424568,0.349986811686478,
0.418353845662656,0.487609583757151,0.557411073108389,0.595330156763242,
0.63796405156522,0.685912777711293,0.738185164652479,0.796102647184943,
0.858516543946927,0.926657726468519,1.),.UNSPECIFIED.);
#481=B_SPLINE_CURVE_WITH_KNOTS('',3,(#9618,#9619,#9620,#9621,#9622,#9623,
#9624,#9625,#9626,#9627,#9628,#9629,#9630,#9631,#9632,#9633,#9634,#9635,
#9636),.UNSPECIFIED.,.F.,.F.,(4,1,1,1,1,1,1,1,1,1,1,1,1,1,1,1,4),(0.,0.0725383714064933,
0.140033830501251,0.202495680633622,0.260575055669416,0.313228337846466,
0.361583193753264,0.404878361295126,0.444127437305539,0.516399693337198,
0.586506670997767,0.655085373796048,0.724383783147036,0.793973528725662,
0.861637682181777,0.930110942306404,1.),.UNSPECIFIED.);
#482=B_SPLINE_CURVE_WITH_KNOTS('',3,(#9687,#9688,#9689,#9690,#9691,#9692,
#9693,#9694,#9695,#9696,#9697,#9698,#9699,#9700,#9701,#9702,#9703,#9704,
#9705),.UNSPECIFIED.,.F.,.F.,(4,1,1,1,1,1,1,1,1,1,1,1,1,1,1,1,4),(0.,0.0700437554181558,
0.139238316762646,0.208197455044139,0.279173374424568,0.349986811686478,
0.418353845662656,0.487609583757151,0.557411073108389,0.595330156763242,
0.63796405156522,0.685912777711293,0.738185164652479,0.796102647184943,
0.858516543946927,0.926657726468519,1.),.UNSPECIFIED.);
#483=B_SPLINE_CURVE_WITH_KNOTS('',3,(#9746,#9747,#9748,#9749,#9750,#9751,
#9752,#9753,#9754,#9755,#9756,#9757,#9758,#9759,#9760,#9761,#9762,#9763,
#9764),.UNSPECIFIED.,.F.,.F.,(4,1,1,1,1,1,1,1,1,1,1,1,1,1,1,1,4),(0.,0.0725383714064933,
0.140033830501251,0.202495680633622,0.260575055669416,0.313228337846466,
0.361583193753264,0.404878361295126,0.444127437305539,0.516399693337198,
0.586506670997767,0.655085373796048,0.724383783147036,0.793973528725662,
0.861637682181777,0.930110942306404,1.),.UNSPECIFIED.);
#484=B_SPLINE_CURVE_WITH_KNOTS('',3,(#10066,#10067,#10068,#10069,#10070,
#10071,#10072,#10073,#10074,#10075,#10076,#10077,#10078,#10079,#10080,#10081,
#10082,#10083,#10084,#10085,#10086,#10087,#10088,#10089),.UNSPECIFIED.,
 .F.,.F.,(4,2,2,2,2,2,2,2,2,2,2,4),(-0.45765838663004,-0.101128088310467,
-0.0899248278811244,-0.0808540753145371,-0.0693238459453192,-0.0604750902450066,
-0.0525503777666954,-0.0433978833550919,-0.0367506575067124,-0.0316023013499778,
-0.0261587685609079,-9.99999999917733E-7),.UNSPECIFIED.);
#485=B_SPLINE_CURVE_WITH_KNOTS('',3,(#10277,#10278,#10279,#10280,#10281,
#10282,#10283,#10284,#10285,#10286,#10287,#10288,#10289,#10290,#10291,#10292,
#10293,#10294,#10295,#10296,#10297,#10298,#10299,#10300),.UNSPECIFIED.,
 .F.,.F.,(4,2,2,2,2,2,2,2,2,2,2,4),(-0.457658386916455,-0.101125247178771,
-0.0899223014981616,-0.0808518037693262,-0.0693218983366766,-0.0604733912389662,
-0.0525489014034859,-0.0433966641297702,-0.0367496250333467,-0.0316014135179083,
-0.0261580336635394,-9.99999999917733E-7),.UNSPECIFIED.);
#486=B_SPLINE_CURVE_WITH_KNOTS('',3,(#10488,#10489,#10490,#10491,#10492,
#10493,#10494,#10495,#10496,#10497,#10498,#10499,#10500,#10501,#10502,#10503,
#10504,#10505,#10506,#10507,#10508,#10509,#10510,#10511),.UNSPECIFIED.,
 .F.,.F.,(4,2,2,2,2,2,2,2,2,2,2,4),(-0.454731814988933,-0.100941168819069,
-0.0897906667772706,-0.0807581239891364,-0.0692659802436831,-0.0604391554855294,
-0.0525269488081825,-0.043382243669341,-0.0367420218283215,-0.0316000602123278,
-0.0261589075113453,-9.99999999973245E-7),.UNSPECIFIED.);
#487=B_SPLINE_CURVE_WITH_KNOTS('',3,(#10699,#10700,#10701,#10702,#10703,
#10704,#10705,#10706,#10707,#10708,#10709,#10710,#10711,#10712,#10713,#10714,
#10715,#10716,#10717,#10718,#10719,#10720,#10721,#10722),.UNSPECIFIED.,
 .F.,.F.,(4,2,2,2,2,2,2,2,2,2,2,4),(-0.454731814441628,-0.100941168793841,
-0.0897906667607974,-0.080758123978726,-0.0692659802386131,-0.0604391554829074,
-0.0525269488061904,-0.0433822436666151,-0.0367420218265958,-0.0316000602120199,
-0.0261589075115442,-9.99999999973245E-7),.UNSPECIFIED.);
#488=B_SPLINE_CURVE_WITH_KNOTS('',3,(#10910,#10911,#10912,#10913,#10914,
#10915,#10916,#10917,#10918,#10919,#10920,#10921,#10922,#10923,#10924,#10925,
#10926,#10927,#10928,#10929,#10930,#10931,#10932,#10933,#10934,#10935),
 .UNSPECIFIED.,.F.,.F.,(4,2,2,2,2,2,2,2,2,2,2,2,4),(9.99999999973242E-7,
0.0268627687313503,0.0300234289214557,0.034550469919255,0.040926378295391,
0.0485427492093649,0.0561874948695898,0.067424775200485,0.082849883288905,
0.0946309460684034,0.103216385561354,0.106424115764967,0.124839441237843),
 .UNSPECIFIED.);
#489=B_SPLINE_CURVE_WITH_KNOTS('',3,(#11123,#11124,#11125,#11126,#11127,
#11128,#11129,#11130,#11131,#11132,#11133,#11134,#11135,#11136,#11137,#11138,
#11139,#11140,#11141,#11142,#11143,#11144,#11145,#11146,#11147,#11148),
 .UNSPECIFIED.,.F.,.F.,(4,2,2,2,2,2,2,2,2,2,2,2,4),(9.99999999917731E-7,
0.0268627687311962,0.0300234289217187,0.034550469920694,0.0409263782982913,
0.0485427492140404,0.0561874948762136,0.0674247752105857,0.0828498833037558,
0.0946309460884635,0.103216385585633,0.106424115791913,0.12483944128244),
 .UNSPECIFIED.);
#490=B_SPLINE_SURFACE_WITH_KNOTS('',3,3,((#6324,#6325,#6326,#6327,#6328,
#6329),(#6330,#6331,#6332,#6333,#6334,#6335),(#6336,#6337,#6338,#6339,#6340,
#6341),(#6342,#6343,#6344,#6345,#6346,#6347),(#6348,#6349,#6350,#6351,#6352,
#6353),(#6354,#6355,#6356,#6357,#6358,#6359),(#6360,#6361,#6362,#6363,#6364,
#6365),(#6366,#6367,#6368,#6369,#6370,#6371),(#6372,#6373,#6374,#6375,#6376,
#6377),(#6378,#6379,#6380,#6381,#6382,#6383),(#6384,#6385,#6386,#6387,#6388,
#6389),(#6390,#6391,#6392,#6393,#6394,#6395),(#6396,#6397,#6398,#6399,#6400,
#6401),(#6402,#6403,#6404,#6405,#6406,#6407),(#6408,#6409,#6410,#6411,#6412,
#6413),(#6414,#6415,#6416,#6417,#6418,#6419),(#6420,#6421,#6422,#6423,#6424,
#6425),(#6426,#6427,#6428,#6429,#6430,#6431),(#6432,#6433,#6434,#6435,#6436,
#6437),(#6438,#6439,#6440,#6441,#6442,#6443),(#6444,#6445,#6446,#6447,#6448,
#6449),(#6450,#6451,#6452,#6453,#6454,#6455),(#6456,#6457,#6458,#6459,#6460,
#6461),(#6462,#6463,#6464,#6465,#6466,#6467),(#6468,#6469,#6470,#6471,#6472,
#6473),(#6474,#6475,#6476,#6477,#6478,#6479),(#6480,#6481,#6482,#6483,#6484,
#6485),(#6486,#6487,#6488,#6489,#6490,#6491),(#6492,#6493,#6494,#6495,#6496,
#6497),(#6498,#6499,#6500,#6501,#6502,#6503),(#6504,#6505,#6506,#6507,#6508,
#6509)),.UNSPECIFIED.,.T.,.F.,.F.,(4,1,1,1,2,1,1,1,1,1,2,1,1,1,2,1,1,1,
1,1,2,1,1,1,4),(4,1,1,4),(0.,0.0540685386678203,0.108137077335641,0.162205616003461,
0.216274154671281,0.224705616003461,0.233137077335641,0.25,0.266862922664359,
0.275294383996539,0.283725845328719,0.391862922664359,0.5,0.608137077335641,
0.716274154671281,0.724705616003461,0.733137077335641,0.75,0.766862922664359,
0.775294383996539,0.783725845328719,0.837794383996539,0.891862922664359,
0.94593146133218,1.),(0.,0.523067857196963,0.523520256357239,1.),
 .UNSPECIFIED.);
#491=B_SPLINE_SURFACE_WITH_KNOTS('',3,3,((#6575,#6576,#6577,#6578,#6579,
#6580),(#6581,#6582,#6583,#6584,#6585,#6586),(#6587,#6588,#6589,#6590,#6591,
#6592),(#6593,#6594,#6595,#6596,#6597,#6598),(#6599,#6600,#6601,#6602,#6603,
#6604),(#6605,#6606,#6607,#6608,#6609,#6610),(#6611,#6612,#6613,#6614,#6615,
#6616),(#6617,#6618,#6619,#6620,#6621,#6622),(#6623,#6624,#6625,#6626,#6627,
#6628),(#6629,#6630,#6631,#6632,#6633,#6634),(#6635,#6636,#6637,#6638,#6639,
#6640),(#6641,#6642,#6643,#6644,#6645,#6646),(#6647,#6648,#6649,#6650,#6651,
#6652),(#6653,#6654,#6655,#6656,#6657,#6658),(#6659,#6660,#6661,#6662,#6663,
#6664),(#6665,#6666,#6667,#6668,#6669,#6670),(#6671,#6672,#6673,#6674,#6675,
#6676),(#6677,#6678,#6679,#6680,#6681,#6682),(#6683,#6684,#6685,#6686,#6687,
#6688),(#6689,#6690,#6691,#6692,#6693,#6694),(#6695,#6696,#6697,#6698,#6699,
#6700),(#6701,#6702,#6703,#6704,#6705,#6706),(#6707,#6708,#6709,#6710,#6711,
#6712),(#6713,#6714,#6715,#6716,#6717,#6718),(#6719,#6720,#6721,#6722,#6723,
#6724),(#6725,#6726,#6727,#6728,#6729,#6730),(#6731,#6732,#6733,#6734,#6735,
#6736),(#6737,#6738,#6739,#6740,#6741,#6742),(#6743,#6744,#6745,#6746,#6747,
#6748),(#6749,#6750,#6751,#6752,#6753,#6754),(#6755,#6756,#6757,#6758,#6759,
#6760)),.UNSPECIFIED.,.T.,.F.,.F.,(4,1,1,1,2,1,1,1,1,1,2,1,1,1,2,1,1,1,
1,1,2,1,1,1,4),(4,1,1,4),(0.,0.0540685386678203,0.108137077335641,0.162205616003461,
0.216274154671281,0.224705616003461,0.233137077335641,0.25,0.266862922664359,
0.275294383996539,0.283725845328719,0.391862922664359,0.5,0.608137077335641,
0.716274154671281,0.724705616003461,0.733137077335641,0.75,0.766862922664359,
0.775294383996539,0.783725845328719,0.837794383996539,0.891862922664359,
0.94593146133218,1.),(0.,0.523067857196963,0.523520256357239,1.),
 .UNSPECIFIED.);
#492=B_SPLINE_SURFACE_WITH_KNOTS('',3,3,((#6826,#6827,#6828,#6829,#6830,
#6831),(#6832,#6833,#6834,#6835,#6836,#6837),(#6838,#6839,#6840,#6841,#6842,
#6843),(#6844,#6845,#6846,#6847,#6848,#6849),(#6850,#6851,#6852,#6853,#6854,
#6855),(#6856,#6857,#6858,#6859,#6860,#6861),(#6862,#6863,#6864,#6865,#6866,
#6867),(#6868,#6869,#6870,#6871,#6872,#6873),(#6874,#6875,#6876,#6877,#6878,
#6879),(#6880,#6881,#6882,#6883,#6884,#6885),(#6886,#6887,#6888,#6889,#6890,
#6891),(#6892,#6893,#6894,#6895,#6896,#6897),(#6898,#6899,#6900,#6901,#6902,
#6903),(#6904,#6905,#6906,#6907,#6908,#6909),(#6910,#6911,#6912,#6913,#6914,
#6915),(#6916,#6917,#6918,#6919,#6920,#6921),(#6922,#6923,#6924,#6925,#6926,
#6927),(#6928,#6929,#6930,#6931,#6932,#6933),(#6934,#6935,#6936,#6937,#6938,
#6939),(#6940,#6941,#6942,#6943,#6944,#6945),(#6946,#6947,#6948,#6949,#6950,
#6951),(#6952,#6953,#6954,#6955,#6956,#6957),(#6958,#6959,#6960,#6961,#6962,
#6963),(#6964,#6965,#6966,#6967,#6968,#6969),(#6970,#6971,#6972,#6973,#6974,
#6975),(#6976,#6977,#6978,#6979,#6980,#6981),(#6982,#6983,#6984,#6985,#6986,
#6987),(#6988,#6989,#6990,#6991,#6992,#6993),(#6994,#6995,#6996,#6997,#6998,
#6999),(#7000,#7001,#7002,#7003,#7004,#7005),(#7006,#7007,#7008,#7009,#7010,
#7011)),.UNSPECIFIED.,.T.,.F.,.F.,(4,1,1,1,2,1,1,1,1,1,2,1,1,1,2,1,1,1,
1,1,2,1,1,1,4),(4,1,1,4),(0.,0.0540685386678203,0.108137077335641,0.162205616003461,
0.216274154671281,0.224705616003461,0.233137077335641,0.25,0.266862922664359,
0.275294383996539,0.283725845328719,0.391862922664359,0.5,0.608137077335641,
0.716274154671281,0.724705616003461,0.733137077335641,0.75,0.766862922664359,
0.775294383996539,0.783725845328719,0.837794383996539,0.891862922664359,
0.94593146133218,1.),(0.,0.523067857196963,0.523520256357239,1.),
 .UNSPECIFIED.);
#493=B_SPLINE_SURFACE_WITH_KNOTS('',3,3,((#7075,#7076,#7077,#7078,#7079,
#7080),(#7081,#7082,#7083,#7084,#7085,#7086),(#7087,#7088,#7089,#7090,#7091,
#7092),(#7093,#7094,#7095,#7096,#7097,#7098),(#7099,#7100,#7101,#7102,#7103,
#7104),(#7105,#7106,#7107,#7108,#7109,#7110),(#7111,#7112,#7113,#7114,#7115,
#7116),(#7117,#7118,#7119,#7120,#7121,#7122),(#7123,#7124,#7125,#7126,#7127,
#7128),(#7129,#7130,#7131,#7132,#7133,#7134),(#7135,#7136,#7137,#7138,#7139,
#7140),(#7141,#7142,#7143,#7144,#7145,#7146),(#7147,#7148,#7149,#7150,#7151,
#7152),(#7153,#7154,#7155,#7156,#7157,#7158),(#7159,#7160,#7161,#7162,#7163,
#7164),(#7165,#7166,#7167,#7168,#7169,#7170),(#7171,#7172,#7173,#7174,#7175,
#7176),(#7177,#7178,#7179,#7180,#7181,#7182),(#7183,#7184,#7185,#7186,#7187,
#7188),(#7189,#7190,#7191,#7192,#7193,#7194),(#7195,#7196,#7197,#7198,#7199,
#7200),(#7201,#7202,#7203,#7204,#7205,#7206),(#7207,#7208,#7209,#7210,#7211,
#7212),(#7213,#7214,#7215,#7216,#7217,#7218),(#7219,#7220,#7221,#7222,#7223,
#7224),(#7225,#7226,#7227,#7228,#7229,#7230),(#7231,#7232,#7233,#7234,#7235,
#7236),(#7237,#7238,#7239,#7240,#7241,#7242),(#7243,#7244,#7245,#7246,#7247,
#7248),(#7249,#7250,#7251,#7252,#7253,#7254),(#7255,#7256,#7257,#7258,#7259,
#7260)),.UNSPECIFIED.,.T.,.F.,.F.,(4,1,1,1,2,1,1,1,1,1,2,1,1,1,2,1,1,1,
1,1,2,1,1,1,4),(4,1,1,4),(0.,0.0540685386678203,0.108137077335641,0.162205616003461,
0.216274154671281,0.224705616003461,0.233137077335641,0.25,0.266862922664359,
0.275294383996539,0.283725845328719,0.391862922664359,0.5,0.608137077335641,
0.716274154671281,0.724705616003461,0.733137077335641,0.75,0.766862922664359,
0.775294383996539,0.783725845328719,0.837794383996539,0.891862922664359,
0.94593146133218,1.),(0.,0.523067857196963,0.523520256357239,1.),
 .UNSPECIFIED.);
#494=B_SPLINE_SURFACE_WITH_KNOTS('',3,3,((#7324,#7325,#7326,#7327,#7328,
#7329),(#7330,#7331,#7332,#7333,#7334,#7335),(#7336,#7337,#7338,#7339,#7340,
#7341),(#7342,#7343,#7344,#7345,#7346,#7347),(#7348,#7349,#7350,#7351,#7352,
#7353),(#7354,#7355,#7356,#7357,#7358,#7359),(#7360,#7361,#7362,#7363,#7364,
#7365),(#7366,#7367,#7368,#7369,#7370,#7371),(#7372,#7373,#7374,#7375,#7376,
#7377),(#7378,#7379,#7380,#7381,#7382,#7383),(#7384,#7385,#7386,#7387,#7388,
#7389),(#7390,#7391,#7392,#7393,#7394,#7395),(#7396,#7397,#7398,#7399,#7400,
#7401),(#7402,#7403,#7404,#7405,#7406,#7407),(#7408,#7409,#7410,#7411,#7412,
#7413),(#7414,#7415,#7416,#7417,#7418,#7419),(#7420,#7421,#7422,#7423,#7424,
#7425),(#7426,#7427,#7428,#7429,#7430,#7431),(#7432,#7433,#7434,#7435,#7436,
#7437),(#7438,#7439,#7440,#7441,#7442,#7443),(#7444,#7445,#7446,#7447,#7448,
#7449),(#7450,#7451,#7452,#7453,#7454,#7455),(#7456,#7457,#7458,#7459,#7460,
#7461),(#7462,#7463,#7464,#7465,#7466,#7467),(#7468,#7469,#7470,#7471,#7472,
#7473),(#7474,#7475,#7476,#7477,#7478,#7479),(#7480,#7481,#7482,#7483,#7484,
#7485),(#7486,#7487,#7488,#7489,#7490,#7491),(#7492,#7493,#7494,#7495,#7496,
#7497),(#7498,#7499,#7500,#7501,#7502,#7503),(#7504,#7505,#7506,#7507,#7508,
#7509)),.UNSPECIFIED.,.T.,.F.,.F.,(4,1,1,1,2,1,1,1,1,1,2,1,1,1,2,1,1,1,
1,1,2,1,1,1,4),(4,1,1,4),(0.,0.0540685386973935,0.108137077394787,0.162205616092181,
0.216274154789574,0.224705616092181,0.233137077394787,0.25,0.266862922605213,
0.27529438390782,0.283725845210426,0.391862922605213,0.5,0.608137077394787,
0.716274154789574,0.724705616092181,0.733137077394787,0.75,0.766862922605213,
0.77529438390782,0.783725845210426,0.83779438390782,0.891862922605213,0.945931461302607,
1.),(0.,0.531252016633518,0.531711206156817,1.),.UNSPECIFIED.);
#495=B_SPLINE_SURFACE_WITH_KNOTS('',3,3,((#7573,#7574,#7575,#7576,#7577,
#7578),(#7579,#7580,#7581,#7582,#7583,#7584),(#7585,#7586,#7587,#7588,#7589,
#7590),(#7591,#7592,#7593,#7594,#7595,#7596),(#7597,#7598,#7599,#7600,#7601,
#7602),(#7603,#7604,#7605,#7606,#7607,#7608),(#7609,#7610,#7611,#7612,#7613,
#7614),(#7615,#7616,#7617,#7618,#7619,#7620),(#7621,#7622,#7623,#7624,#7625,
#7626),(#7627,#7628,#7629,#7630,#7631,#7632),(#7633,#7634,#7635,#7636,#7637,
#7638),(#7639,#7640,#7641,#7642,#7643,#7644),(#7645,#7646,#7647,#7648,#7649,
#7650),(#7651,#7652,#7653,#7654,#7655,#7656),(#7657,#7658,#7659,#7660,#7661,
#7662),(#7663,#7664,#7665,#7666,#7667,#7668),(#7669,#7670,#7671,#7672,#7673,
#7674),(#7675,#7676,#7677,#7678,#7679,#7680),(#7681,#7682,#7683,#7684,#7685,
#7686),(#7687,#7688,#7689,#7690,#7691,#7692),(#7693,#7694,#7695,#7696,#7697,
#7698),(#7699,#7700,#7701,#7702,#7703,#7704),(#7705,#7706,#7707,#7708,#7709,
#7710),(#7711,#7712,#7713,#7714,#7715,#7716),(#7717,#7718,#7719,#7720,#7721,
#7722),(#7723,#7724,#7725,#7726,#7727,#7728),(#7729,#7730,#7731,#7732,#7733,
#7734),(#7735,#7736,#7737,#7738,#7739,#7740),(#7741,#7742,#7743,#7744,#7745,
#7746),(#7747,#7748,#7749,#7750,#7751,#7752),(#7753,#7754,#7755,#7756,#7757,
#7758)),.UNSPECIFIED.,.T.,.F.,.F.,(4,1,1,1,2,1,1,1,1,1,2,1,1,1,2,1,1,1,
1,1,2,1,1,1,4),(4,1,1,4),(0.,0.0540685386973935,0.108137077394787,0.162205616092181,
0.216274154789574,0.224705616092181,0.233137077394787,0.25,0.266862922605213,
0.27529438390782,0.283725845210426,0.391862922605213,0.5,0.608137077394787,
0.716274154789574,0.724705616092181,0.733137077394787,0.75,0.766862922605213,
0.77529438390782,0.783725845210426,0.83779438390782,0.891862922605213,0.945931461302607,
1.),(0.,0.531252016633518,0.531711206156817,1.),.UNSPECIFIED.);
#496=B_SPLINE_SURFACE_WITH_KNOTS('',3,1,((#8818,#8819),(#8820,#8821),(#8822,
#8823),(#8824,#8825),(#8826,#8827),(#8828,#8829),(#8830,#8831),(#8832,#8833),
(#8834,#8835),(#8836,#8837),(#8838,#8839)),.UNSPECIFIED.,.F.,.F.,.F.,(4,
1,1,1,1,1,1,1,4),(2,2),(0.,0.176257754817801,0.338434413880475,0.484822050787837,
0.617157578266333,0.734698360612477,0.837385183832361,0.926372420929584,
1.),(0.,0.000120000000000386),.UNSPECIFIED.);
#497=B_SPLINE_SURFACE_WITH_KNOTS('',3,1,((#8853,#8854),(#8855,#8856),(#8857,
#8858),(#8859,#8860),(#8861,#8862),(#8863,#8864),(#8865,#8866),(#8867,#8868),
(#8869,#8870),(#8871,#8872),(#8873,#8874),(#8875,#8876),(#8877,#8878),(#8879,
#8880),(#8881,#8882),(#8883,#8884),(#8885,#8886),(#8887,#8888),(#8889,#8890)),
 .UNSPECIFIED.,.F.,.F.,.F.,(4,1,1,1,1,1,1,1,1,1,1,1,1,1,1,1,4),(2,2),(0.,
0.0642168426314309,0.12706376569313,0.18874453834783,0.249132102835041,
0.309452532710628,0.369826676247682,0.430650141838469,0.49235193187947,
0.554072106262517,0.615689783744975,0.676797702506539,0.738439048246942,
0.801316910064893,0.865184511711542,0.931641324419076,1.),(0.,0.000120000000000386),
 .UNSPECIFIED.);
#498=B_SPLINE_SURFACE_WITH_KNOTS('',3,1,((#8912,#8913),(#8914,#8915),(#8916,
#8917),(#8918,#8919),(#8920,#8921),(#8922,#8923),(#8924,#8925),(#8926,#8927),
(#8928,#8929),(#8930,#8931),(#8932,#8933),(#8934,#8935),(#8936,#8937),(#8938,
#8939),(#8940,#8941),(#8942,#8943),(#8944,#8945),(#8946,#8947),(#8948,#8949)),
 .UNSPECIFIED.,.F.,.F.,.F.,(4,1,1,1,1,1,1,1,1,1,1,1,1,1,1,1,4),(2,2),(0.,
0.0787802355821395,0.153720644208585,0.226713530308781,0.299191166065937,
0.371189996837669,0.44300641435341,0.516689173294881,0.593217216623412,
0.633872917807846,0.676989142289979,0.722899506325828,0.771958610506144,
0.824211323334836,0.879378650627203,0.937948119330418,1.),(0.,0.000120000000000386),
 .UNSPECIFIED.);
#499=B_SPLINE_SURFACE_WITH_KNOTS('',3,1,((#9046,#9047),(#9048,#9049),(#9050,
#9051),(#9052,#9053),(#9054,#9055),(#9056,#9057),(#9058,#9059),(#9060,#9061),
(#9062,#9063),(#9064,#9065),(#9066,#9067),(#9068,#9069),(#9070,#9071),(#9072,
#9073),(#9074,#9075),(#9076,#9077),(#9078,#9079),(#9080,#9081),(#9082,#9083)),
 .UNSPECIFIED.,.F.,.F.,.F.,(4,1,1,1,1,1,1,1,1,1,1,1,1,1,1,1,4),(2,2),(0.,
0.0688142958243097,0.136364824552215,0.204019353511247,0.273063738624612,
0.342913319561489,0.410965444138958,0.479168766513447,0.549308006509783,
0.58765157641765,0.630646668762791,0.678878785696649,0.731934299229583,
0.791111422948047,0.855283189513077,0.925085938677385,1.),(0.,0.00012000000000052),
 .UNSPECIFIED.);
#500=B_SPLINE_SURFACE_WITH_KNOTS('',3,1,((#9105,#9106),(#9107,#9108),(#9109,
#9110),(#9111,#9112),(#9113,#9114),(#9115,#9116),(#9117,#9118),(#9119,#9120),
(#9121,#9122),(#9123,#9124),(#9125,#9126),(#9127,#9128),(#9129,#9130),(#9131,
#9132),(#9133,#9134),(#9135,#9136),(#9137,#9138),(#9139,#9140),(#9141,#9142)),
 .UNSPECIFIED.,.F.,.F.,.F.,(4,1,1,1,1,1,1,1,1,1,1,1,1,1,1,1,4),(2,2),(0.,
0.0716681496796057,0.138913286274205,0.201184570026559,0.259124428290545,
0.312255041426236,0.360681509623111,0.405086143328645,0.445101658590711,
0.51877778048826,0.589461579033197,0.658462241985717,0.727283218368367,
0.79632248690472,0.863174893207881,0.930949380987856,1.),(0.,0.000120000000000386),
 .UNSPECIFIED.);
#501=B_SPLINE_SURFACE_WITH_KNOTS('',3,1,((#9185,#9186),(#9187,#9188),(#9189,
#9190),(#9191,#9192),(#9193,#9194),(#9195,#9196),(#9197,#9198),(#9199,#9200),
(#9201,#9202),(#9203,#9204),(#9205,#9206),(#9207,#9208),(#9209,#9210),(#9211,
#9212),(#9213,#9214),(#9215,#9216),(#9217,#9218),(#9219,#9220),(#9221,#9222)),
 .UNSPECIFIED.,.F.,.F.,.F.,(4,1,1,1,1,1,1,1,1,1,1,1,1,1,1,1,4),(2,2),(0.,
0.0773606839426995,0.148541953025043,0.214007737252134,0.272994503360688,
0.326409195767468,0.373880400729808,0.416019938265759,0.452125519512633,
0.518001710705456,0.582366929733514,0.647043782341807,0.713330421064474,
0.780911970350968,0.850394959130645,0.922922973592277,1.),(0.,0.00012000000000052),
 .UNSPECIFIED.);
#502=B_SPLINE_SURFACE_WITH_KNOTS('',3,1,((#9244,#9245),(#9246,#9247),(#9248,
#9249),(#9250,#9251),(#9252,#9253),(#9254,#9255),(#9256,#9257),(#9258,#9259),
(#9260,#9261),(#9262,#9263),(#9264,#9265)),.UNSPECIFIED.,.F.,.F.,.F.,(4,
1,1,1,1,1,1,1,4),(2,2),(0.,0.10607090210513,0.213421680412451,0.321685488130326,
0.433857939098158,0.554081282774355,0.687587043966562,0.836465850065114,
1.),(0.,0.000120000000000386),.UNSPECIFIED.);
#503=B_SPLINE_SURFACE_WITH_KNOTS('',3,1,((#9283,#9284),(#9285,#9286),(#9287,
#9288),(#9289,#9290),(#9291,#9292),(#9293,#9294),(#9295,#9296)),
 .UNSPECIFIED.,.F.,.F.,.F.,(4,1,1,1,4),(2,2),(0.,0.299184287676537,0.564898946356809,
0.798547868842619,1.),(0.,0.000120000000000386),.UNSPECIFIED.);
#504=B_SPLINE_SURFACE_WITH_KNOTS('',3,1,((#9306,#9307),(#9308,#9309),(#9310,
#9311),(#9312,#9313),(#9314,#9315),(#9316,#9317),(#9318,#9319)),
 .UNSPECIFIED.,.F.,.F.,.F.,(4,1,1,1,4),(2,2),(0.,0.262951625567485,0.515706692358362,
0.762109226953108,1.),(0.,0.000120000000000386),.UNSPECIFIED.);
#505=B_SPLINE_SURFACE_WITH_KNOTS('',3,1,((#9329,#9330),(#9331,#9332),(#9333,
#9334),(#9335,#9336),(#9337,#9338),(#9339,#9340),(#9341,#9342),(#9343,#9344),
(#9345,#9346),(#9347,#9348),(#9349,#9350),(#9351,#9352),(#9353,#9354),(#9355,
#9356),(#9357,#9358),(#9359,#9360),(#9361,#9362),(#9363,#9364),(#9365,#9366)),
 .UNSPECIFIED.,.F.,.F.,.F.,(4,1,1,1,1,1,1,1,1,1,1,1,1,1,1,1,4),(2,2),(0.,
0.06232636599144,0.123196245194447,0.184036220254551,0.246964085428892,
0.310699395789571,0.373267637073443,0.436587579967388,0.502124791036649,
0.539004722034163,0.583255375525985,0.634446515282812,0.692676046102116,
0.758570486286528,0.831658674792114,0.911917102274834,1.),(0.,0.00012000000000052),
 .UNSPECIFIED.);
#506=B_SPLINE_SURFACE_WITH_KNOTS('',3,1,((#9397,#9398),(#9399,#9400),(#9401,
#9402),(#9403,#9404),(#9405,#9406),(#9407,#9408),(#9409,#9410),(#9411,#9412),
(#9413,#9414),(#9415,#9416),(#9417,#9418)),.UNSPECIFIED.,.F.,.F.,.F.,(4,
1,1,1,1,1,1,1,4),(2,2),(0.,0.176955752131251,0.339055079642581,0.486318224942075,
0.618780922835377,0.735618827767379,0.838742476720111,0.926457067876315,
1.),(0.,0.00012000000000052),.UNSPECIFIED.);
#507=B_SPLINE_SURFACE_WITH_KNOTS('',3,1,((#9432,#9433),(#9434,#9435),(#9436,
#9437),(#9438,#9439),(#9440,#9441),(#9442,#9443),(#9444,#9445),(#9446,#9447),
(#9448,#9449),(#9450,#9451),(#9452,#9453),(#9454,#9455),(#9456,#9457),(#9458,
#9459),(#9460,#9461),(#9462,#9463),(#9464,#9465),(#9466,#9467),(#9468,#9469)),
 .UNSPECIFIED.,.F.,.F.,.F.,(4,1,1,1,1,1,1,1,1,1,1,1,1,1,1,1,4),(2,2),(0.,
0.0624813386352052,0.123490382687291,0.183411094206311,0.243153220999779,
0.302126735372087,0.361709670832906,0.42184229169488,0.482931901446669,
0.544552254431324,0.605680719965357,0.667679738343687,0.729984387538063,
0.794550921286129,0.860345619712082,0.928907356265708,1.),(0.,0.000120000000000386),
 .UNSPECIFIED.);
#508=B_SPLINE_SURFACE_WITH_KNOTS('',3,1,((#9491,#9492),(#9493,#9494),(#9495,
#9496),(#9497,#9498),(#9499,#9500),(#9501,#9502),(#9503,#9504),(#9505,#9506),
(#9507,#9508),(#9509,#9510),(#9511,#9512),(#9513,#9514),(#9515,#9516),(#9517,
#9518),(#9519,#9520),(#9521,#9522),(#9523,#9524),(#9525,#9526),(#9527,#9528)),
 .UNSPECIFIED.,.F.,.F.,.F.,(4,1,1,1,1,1,1,1,1,1,1,1,1,1,1,1,4),(2,2),(0.,
0.0701188944197145,0.137192352785971,0.202016180724751,0.264631406974743,
0.326116547145817,0.38601030466764,0.445811846957679,0.505297696730959,
0.564633277726487,0.624282625333839,0.68390203190375,0.743952770938269,
0.805387731007634,0.868388030896279,0.933084028252477,1.),(0.,0.000120000000000386),
 .UNSPECIFIED.);
#509=B_SPLINE_SURFACE_WITH_KNOTS('',3,1,((#9550,#9551),(#9552,#9553),(#9554,
#9555),(#9556,#9557),(#9558,#9559),(#9560,#9561),(#9562,#9563),(#9564,#9565),
(#9566,#9567),(#9568,#9569),(#9570,#9571)),.UNSPECIFIED.,.F.,.F.,.F.,(4,
1,1,1,1,1,1,1,4),(2,2),(0.,0.0751731173762201,0.164746257511802,0.268016880987779,
0.385911875652955,0.517789479273396,0.663690977002282,0.824413220536641,
1.),(0.,0.000120000000000386),.UNSPECIFIED.);
#510=B_SPLINE_SURFACE_WITH_KNOTS('',3,1,((#9648,#9649),(#9650,#9651),(#9652,
#9653),(#9654,#9655),(#9656,#9657),(#9658,#9659),(#9660,#9661),(#9662,#9663),
(#9664,#9665),(#9666,#9667),(#9668,#9669),(#9670,#9671),(#9672,#9673),(#9674,
#9675),(#9676,#9677),(#9678,#9679),(#9680,#9681),(#9682,#9683),(#9684,#9685)),
 .UNSPECIFIED.,.F.,.F.,.F.,(4,1,1,1,1,1,1,1,1,1,1,1,1,1,1,1,4),(2,2),(0.,
0.0700437554181558,0.139238316762646,0.208197455044139,0.279173374424568,
0.349986811686478,0.418353845662656,0.487609583757151,0.557411073108389,
0.595330156763242,0.63796405156522,0.685912777711293,0.738185164652479,
0.796102647184943,0.858516543946927,0.926657726468519,1.),(0.,0.000120000000000386),
 .UNSPECIFIED.);
#511=B_SPLINE_SURFACE_WITH_KNOTS('',3,1,((#9707,#9708),(#9709,#9710),(#9711,
#9712),(#9713,#9714),(#9715,#9716),(#9717,#9718),(#9719,#9720),(#9721,#9722),
(#9723,#9724),(#9725,#9726),(#9727,#9728),(#9729,#9730),(#9731,#9732),(#9733,
#9734),(#9735,#9736),(#9737,#9738),(#9739,#9740),(#9741,#9742),(#9743,#9744)),
 .UNSPECIFIED.,.F.,.F.,.F.,(4,1,1,1,1,1,1,1,1,1,1,1,1,1,1,1,4),(2,2),(0.,
0.0725383714064933,0.140033830501251,0.202495680633622,0.260575055669416,
0.313228337846466,0.361583193753264,0.404878361295126,0.444127437305539,
0.516399693337198,0.586506670997767,0.655085373796048,0.724383783147036,
0.793973528725662,0.861637682181777,0.930110942306404,1.),(0.,0.00012000000000052),
 .UNSPECIFIED.);
#512=B_SPLINE_SURFACE_WITH_KNOTS('',3,3,((#10090,#10091,#10092,#10093,#10094,
#10095),(#10096,#10097,#10098,#10099,#10100,#10101),(#10102,#10103,#10104,
#10105,#10106,#10107),(#10108,#10109,#10110,#10111,#10112,#10113),(#10114,
#10115,#10116,#10117,#10118,#10119),(#10120,#10121,#10122,#10123,#10124,
#10125),(#10126,#10127,#10128,#10129,#10130,#10131),(#10132,#10133,#10134,
#10135,#10136,#10137),(#10138,#10139,#10140,#10141,#10142,#10143),(#10144,
#10145,#10146,#10147,#10148,#10149),(#10150,#10151,#10152,#10153,#10154,
#10155),(#10156,#10157,#10158,#10159,#10160,#10161),(#10162,#10163,#10164,
#10165,#10166,#10167),(#10168,#10169,#10170,#10171,#10172,#10173),(#10174,
#10175,#10176,#10177,#10178,#10179),(#10180,#10181,#10182,#10183,#10184,
#10185),(#10186,#10187,#10188,#10189,#10190,#10191),(#10192,#10193,#10194,
#10195,#10196,#10197),(#10198,#10199,#10200,#10201,#10202,#10203),(#10204,
#10205,#10206,#10207,#10208,#10209),(#10210,#10211,#10212,#10213,#10214,
#10215),(#10216,#10217,#10218,#10219,#10220,#10221),(#10222,#10223,#10224,
#10225,#10226,#10227),(#10228,#10229,#10230,#10231,#10232,#10233),(#10234,
#10235,#10236,#10237,#10238,#10239),(#10240,#10241,#10242,#10243,#10244,
#10245),(#10246,#10247,#10248,#10249,#10250,#10251),(#10252,#10253,#10254,
#10255,#10256,#10257),(#10258,#10259,#10260,#10261,#10262,#10263),(#10264,
#10265,#10266,#10267,#10268,#10269),(#10270,#10271,#10272,#10273,#10274,
#10275)),.UNSPECIFIED.,.T.,.F.,.F.,(4,1,1,1,2,1,1,1,1,1,2,1,1,1,2,1,1,1,
1,1,2,1,1,1,4),(4,1,1,4),(0.,0.0540685386973935,0.108137077394787,0.162205616092181,
0.216274154789574,0.224705616092181,0.233137077394787,0.25,0.266862922605213,
0.27529438390782,0.283725845210426,0.391862922605213,0.5,0.608137077394787,
0.716274154789574,0.724705616092181,0.733137077394787,0.75,0.766862922605213,
0.77529438390782,0.783725845210426,0.83779438390782,0.891862922605213,0.945931461302607,
1.),(0.,0.531252016633518,0.531711206156817,1.),.UNSPECIFIED.);
#513=B_SPLINE_SURFACE_WITH_KNOTS('',3,3,((#10301,#10302,#10303,#10304,#10305,
#10306),(#10307,#10308,#10309,#10310,#10311,#10312),(#10313,#10314,#10315,
#10316,#10317,#10318),(#10319,#10320,#10321,#10322,#10323,#10324),(#10325,
#10326,#10327,#10328,#10329,#10330),(#10331,#10332,#10333,#10334,#10335,
#10336),(#10337,#10338,#10339,#10340,#10341,#10342),(#10343,#10344,#10345,
#10346,#10347,#10348),(#10349,#10350,#10351,#10352,#10353,#10354),(#10355,
#10356,#10357,#10358,#10359,#10360),(#10361,#10362,#10363,#10364,#10365,
#10366),(#10367,#10368,#10369,#10370,#10371,#10372),(#10373,#10374,#10375,
#10376,#10377,#10378),(#10379,#10380,#10381,#10382,#10383,#10384),(#10385,
#10386,#10387,#10388,#10389,#10390),(#10391,#10392,#10393,#10394,#10395,
#10396),(#10397,#10398,#10399,#10400,#10401,#10402),(#10403,#10404,#10405,
#10406,#10407,#10408),(#10409,#10410,#10411,#10412,#10413,#10414),(#10415,
#10416,#10417,#10418,#10419,#10420),(#10421,#10422,#10423,#10424,#10425,
#10426),(#10427,#10428,#10429,#10430,#10431,#10432),(#10433,#10434,#10435,
#10436,#10437,#10438),(#10439,#10440,#10441,#10442,#10443,#10444),(#10445,
#10446,#10447,#10448,#10449,#10450),(#10451,#10452,#10453,#10454,#10455,
#10456),(#10457,#10458,#10459,#10460,#10461,#10462),(#10463,#10464,#10465,
#10466,#10467,#10468),(#10469,#10470,#10471,#10472,#10473,#10474),(#10475,
#10476,#10477,#10478,#10479,#10480),(#10481,#10482,#10483,#10484,#10485,
#10486)),.UNSPECIFIED.,.T.,.F.,.F.,(4,1,1,1,2,1,1,1,1,1,2,1,1,1,2,1,1,1,
1,1,2,1,1,1,4),(4,1,1,4),(0.,0.0540685386973935,0.108137077394787,0.162205616092181,
0.216274154789574,0.224705616092181,0.233137077394787,0.25,0.266862922605213,
0.27529438390782,0.283725845210426,0.391862922605213,0.5,0.608137077394787,
0.716274154789574,0.724705616092181,0.733137077394787,0.75,0.766862922605213,
0.77529438390782,0.783725845210426,0.83779438390782,0.891862922605213,0.945931461302607,
1.),(0.,0.531252016633518,0.531711206156817,1.),.UNSPECIFIED.);
#514=B_SPLINE_SURFACE_WITH_KNOTS('',3,3,((#10512,#10513,#10514,#10515,#10516,
#10517),(#10518,#10519,#10520,#10521,#10522,#10523),(#10524,#10525,#10526,
#10527,#10528,#10529),(#10530,#10531,#10532,#10533,#10534,#10535),(#10536,
#10537,#10538,#10539,#10540,#10541),(#10542,#10543,#10544,#10545,#10546,
#10547),(#10548,#10549,#10550,#10551,#10552,#10553),(#10554,#10555,#10556,
#10557,#10558,#10559),(#10560,#10561,#10562,#10563,#10564,#10565),(#10566,
#10567,#10568,#10569,#10570,#10571),(#10572,#10573,#10574,#10575,#10576,
#10577),(#10578,#10579,#10580,#10581,#10582,#10583),(#10584,#10585,#10586,
#10587,#10588,#10589),(#10590,#10591,#10592,#10593,#10594,#10595),(#10596,
#10597,#10598,#10599,#10600,#10601),(#10602,#10603,#10604,#10605,#10606,
#10607),(#10608,#10609,#10610,#10611,#10612,#10613),(#10614,#10615,#10616,
#10617,#10618,#10619),(#10620,#10621,#10622,#10623,#10624,#10625),(#10626,
#10627,#10628,#10629,#10630,#10631),(#10632,#10633,#10634,#10635,#10636,
#10637),(#10638,#10639,#10640,#10641,#10642,#10643),(#10644,#10645,#10646,
#10647,#10648,#10649),(#10650,#10651,#10652,#10653,#10654,#10655),(#10656,
#10657,#10658,#10659,#10660,#10661),(#10662,#10663,#10664,#10665,#10666,
#10667),(#10668,#10669,#10670,#10671,#10672,#10673),(#10674,#10675,#10676,
#10677,#10678,#10679),(#10680,#10681,#10682,#10683,#10684,#10685),(#10686,
#10687,#10688,#10689,#10690,#10691),(#10692,#10693,#10694,#10695,#10696,
#10697)),.UNSPECIFIED.,.T.,.F.,.F.,(4,1,1,1,2,1,1,1,1,1,2,1,1,1,2,1,1,1,
1,1,2,1,1,1,4),(4,1,1,4),(0.,0.0540685386678203,0.108137077335641,0.162205616003461,
0.216274154671281,0.224705616003461,0.233137077335641,0.25,0.266862922664359,
0.275294383996539,0.283725845328719,0.391862922664359,0.5,0.608137077335641,
0.716274154671281,0.724705616003461,0.733137077335641,0.75,0.766862922664359,
0.775294383996539,0.783725845328719,0.837794383996539,0.891862922664359,
0.94593146133218,1.),(0.,0.523067857196963,0.523520256357239,1.),
 .UNSPECIFIED.);
#515=B_SPLINE_SURFACE_WITH_KNOTS('',3,3,((#10723,#10724,#10725,#10726,#10727,
#10728),(#10729,#10730,#10731,#10732,#10733,#10734),(#10735,#10736,#10737,
#10738,#10739,#10740),(#10741,#10742,#10743,#10744,#10745,#10746),(#10747,
#10748,#10749,#10750,#10751,#10752),(#10753,#10754,#10755,#10756,#10757,
#10758),(#10759,#10760,#10761,#10762,#10763,#10764),(#10765,#10766,#10767,
#10768,#10769,#10770),(#10771,#10772,#10773,#10774,#10775,#10776),(#10777,
#10778,#10779,#10780,#10781,#10782),(#10783,#10784,#10785,#10786,#10787,
#10788),(#10789,#10790,#10791,#10792,#10793,#10794),(#10795,#10796,#10797,
#10798,#10799,#10800),(#10801,#10802,#10803,#10804,#10805,#10806),(#10807,
#10808,#10809,#10810,#10811,#10812),(#10813,#10814,#10815,#10816,#10817,
#10818),(#10819,#10820,#10821,#10822,#10823,#10824),(#10825,#10826,#10827,
#10828,#10829,#10830),(#10831,#10832,#10833,#10834,#10835,#10836),(#10837,
#10838,#10839,#10840,#10841,#10842),(#10843,#10844,#10845,#10846,#10847,
#10848),(#10849,#10850,#10851,#10852,#10853,#10854),(#10855,#10856,#10857,
#10858,#10859,#10860),(#10861,#10862,#10863,#10864,#10865,#10866),(#10867,
#10868,#10869,#10870,#10871,#10872),(#10873,#10874,#10875,#10876,#10877,
#10878),(#10879,#10880,#10881,#10882,#10883,#10884),(#10885,#10886,#10887,
#10888,#10889,#10890),(#10891,#10892,#10893,#10894,#10895,#10896),(#10897,
#10898,#10899,#10900,#10901,#10902),(#10903,#10904,#10905,#10906,#10907,
#10908)),.UNSPECIFIED.,.T.,.F.,.F.,(4,1,1,1,2,1,1,1,1,1,2,1,1,1,2,1,1,1,
1,1,2,1,1,1,4),(4,1,1,4),(0.,0.0540685386678203,0.108137077335641,0.162205616003461,
0.216274154671281,0.224705616003461,0.233137077335641,0.25,0.266862922664359,
0.275294383996539,0.283725845328719,0.391862922664359,0.5,0.608137077335641,
0.716274154671281,0.724705616003461,0.733137077335641,0.75,0.766862922664359,
0.775294383996539,0.783725845328719,0.837794383996539,0.891862922664359,
0.94593146133218,1.),(0.,0.523067857196963,0.523520256357239,1.),
 .UNSPECIFIED.);
#516=B_SPLINE_SURFACE_WITH_KNOTS('',3,3,((#10936,#10937,#10938,#10939,#10940,
#10941),(#10942,#10943,#10944,#10945,#10946,#10947),(#10948,#10949,#10950,
#10951,#10952,#10953),(#10954,#10955,#10956,#10957,#10958,#10959),(#10960,
#10961,#10962,#10963,#10964,#10965),(#10966,#10967,#10968,#10969,#10970,
#10971),(#10972,#10973,#10974,#10975,#10976,#10977),(#10978,#10979,#10980,
#10981,#10982,#10983),(#10984,#10985,#10986,#10987,#10988,#10989),(#10990,
#10991,#10992,#10993,#10994,#10995),(#10996,#10997,#10998,#10999,#11000,
#11001),(#11002,#11003,#11004,#11005,#11006,#11007),(#11008,#11009,#11010,
#11011,#11012,#11013),(#11014,#11015,#11016,#11017,#11018,#11019),(#11020,
#11021,#11022,#11023,#11024,#11025),(#11026,#11027,#11028,#11029,#11030,
#11031),(#11032,#11033,#11034,#11035,#11036,#11037),(#11038,#11039,#11040,
#11041,#11042,#11043),(#11044,#11045,#11046,#11047,#11048,#11049),(#11050,
#11051,#11052,#11053,#11054,#11055),(#11056,#11057,#11058,#11059,#11060,
#11061),(#11062,#11063,#11064,#11065,#11066,#11067),(#11068,#11069,#11070,
#11071,#11072,#11073),(#11074,#11075,#11076,#11077,#11078,#11079),(#11080,
#11081,#11082,#11083,#11084,#11085),(#11086,#11087,#11088,#11089,#11090,
#11091),(#11092,#11093,#11094,#11095,#11096,#11097),(#11098,#11099,#11100,
#11101,#11102,#11103),(#11104,#11105,#11106,#11107,#11108,#11109),(#11110,
#11111,#11112,#11113,#11114,#11115),(#11116,#11117,#11118,#11119,#11120,
#11121)),.UNSPECIFIED.,.T.,.F.,.F.,(4,1,1,1,2,1,1,1,1,1,2,1,1,1,2,1,1,1,
1,1,2,1,1,1,4),(4,1,1,4),(0.,0.0540685386678203,0.108137077335641,0.162205616003461,
0.216274154671281,0.224705616003461,0.233137077335641,0.25,0.266862922664359,
0.275294383996539,0.283725845328719,0.391862922664359,0.5,0.608137077335641,
0.716274154671281,0.724705616003461,0.733137077335641,0.75,0.766862922664359,
0.775294383996539,0.783725845328719,0.837794383996539,0.891862922664359,
0.94593146133218,1.),(0.,0.523067857196963,0.523520256357239,1.),
 .UNSPECIFIED.);
#517=B_SPLINE_SURFACE_WITH_KNOTS('',3,3,((#11149,#11150,#11151,#11152,#11153,
#11154),(#11155,#11156,#11157,#11158,#11159,#11160),(#11161,#11162,#11163,
#11164,#11165,#11166),(#11167,#11168,#11169,#11170,#11171,#11172),(#11173,
#11174,#11175,#11176,#11177,#11178),(#11179,#11180,#11181,#11182,#11183,
#11184),(#11185,#11186,#11187,#11188,#11189,#11190),(#11191,#11192,#11193,
#11194,#11195,#11196),(#11197,#11198,#11199,#11200,#11201,#11202),(#11203,
#11204,#11205,#11206,#11207,#11208),(#11209,#11210,#11211,#11212,#11213,
#11214),(#11215,#11216,#11217,#11218,#11219,#11220),(#11221,#11222,#11223,
#11224,#11225,#11226),(#11227,#11228,#11229,#11230,#11231,#11232),(#11233,
#11234,#11235,#11236,#11237,#11238),(#11239,#11240,#11241,#11242,#11243,
#11244),(#11245,#11246,#11247,#11248,#11249,#11250),(#11251,#11252,#11253,
#11254,#11255,#11256),(#11257,#11258,#11259,#11260,#11261,#11262),(#11263,
#11264,#11265,#11266,#11267,#11268),(#11269,#11270,#11271,#11272,#11273,
#11274),(#11275,#11276,#11277,#11278,#11279,#11280),(#11281,#11282,#11283,
#11284,#11285,#11286),(#11287,#11288,#11289,#11290,#11291,#11292),(#11293,
#11294,#11295,#11296,#11297,#11298),(#11299,#11300,#11301,#11302,#11303,
#11304),(#11305,#11306,#11307,#11308,#11309,#11310),(#11311,#11312,#11313,
#11314,#11315,#11316),(#11317,#11318,#11319,#11320,#11321,#11322),(#11323,
#11324,#11325,#11326,#11327,#11328),(#11329,#11330,#11331,#11332,#11333,
#11334)),.UNSPECIFIED.,.T.,.F.,.F.,(4,1,1,1,2,1,1,1,1,1,2,1,1,1,2,1,1,1,
1,1,2,1,1,1,4),(4,1,1,4),(0.,0.0540685386678203,0.108137077335641,0.162205616003461,
0.216274154671281,0.224705616003461,0.233137077335641,0.25,0.266862922664359,
0.275294383996539,0.283725845328719,0.391862922664359,0.5,0.608137077335641,
0.716274154671281,0.724705616003461,0.733137077335641,0.75,0.766862922664359,
0.775294383996539,0.783725845328719,0.837794383996539,0.891862922664359,
0.94593146133218,1.),(0.,0.523067857196963,0.523520256357239,1.),
 .UNSPECIFIED.);
#518=FACE_OUTER_BOUND('',#778,.T.);
#519=FACE_OUTER_BOUND('',#779,.T.);
#520=FACE_OUTER_BOUND('',#780,.T.);
#521=FACE_OUTER_BOUND('',#781,.T.);
#522=FACE_OUTER_BOUND('',#782,.T.);
#523=FACE_OUTER_BOUND('',#783,.T.);
#524=FACE_OUTER_BOUND('',#784,.T.);
#525=FACE_OUTER_BOUND('',#785,.T.);
#526=FACE_OUTER_BOUND('',#786,.T.);
#527=FACE_OUTER_BOUND('',#802,.T.);
#528=FACE_OUTER_BOUND('',#803,.T.);
#529=FACE_OUTER_BOUND('',#804,.T.);
#530=FACE_OUTER_BOUND('',#805,.T.);
#531=FACE_OUTER_BOUND('',#806,.T.);
#532=FACE_OUTER_BOUND('',#807,.T.);
#533=FACE_OUTER_BOUND('',#809,.T.);
#534=FACE_OUTER_BOUND('',#812,.T.);
#535=FACE_OUTER_BOUND('',#813,.T.);
#536=FACE_OUTER_BOUND('',#816,.T.);
#537=FACE_OUTER_BOUND('',#818,.T.);
#538=FACE_OUTER_BOUND('',#819,.T.);
#539=FACE_OUTER_BOUND('',#832,.T.);
#540=FACE_OUTER_BOUND('',#833,.T.);
#541=FACE_OUTER_BOUND('',#834,.T.);
#542=FACE_OUTER_BOUND('',#835,.T.);
#543=FACE_OUTER_BOUND('',#837,.T.);
#544=FACE_OUTER_BOUND('',#838,.T.);
#545=FACE_OUTER_BOUND('',#839,.T.);
#546=FACE_OUTER_BOUND('',#840,.T.);
#547=FACE_OUTER_BOUND('',#841,.T.);
#548=FACE_OUTER_BOUND('',#842,.T.);
#549=FACE_OUTER_BOUND('',#843,.T.);
#550=FACE_OUTER_BOUND('',#844,.T.);
#551=FACE_OUTER_BOUND('',#845,.T.);
#552=FACE_OUTER_BOUND('',#846,.T.);
#553=FACE_OUTER_BOUND('',#847,.T.);
#554=FACE_OUTER_BOUND('',#848,.T.);
#555=FACE_OUTER_BOUND('',#849,.T.);
#556=FACE_OUTER_BOUND('',#850,.T.);
#557=FACE_OUTER_BOUND('',#851,.T.);
#558=FACE_OUTER_BOUND('',#852,.T.);
#559=FACE_OUTER_BOUND('',#853,.T.);
#560=FACE_OUTER_BOUND('',#854,.T.);
#561=FACE_OUTER_BOUND('',#855,.T.);
#562=FACE_OUTER_BOUND('',#856,.T.);
#563=FACE_OUTER_BOUND('',#857,.T.);
#564=FACE_OUTER_BOUND('',#858,.T.);
#565=FACE_OUTER_BOUND('',#859,.T.);
#566=FACE_OUTER_BOUND('',#860,.T.);
#567=FACE_OUTER_BOUND('',#861,.T.);
#568=FACE_OUTER_BOUND('',#862,.T.);
#569=FACE_OUTER_BOUND('',#863,.T.);
#570=FACE_OUTER_BOUND('',#864,.T.);
#571=FACE_OUTER_BOUND('',#865,.T.);
#572=FACE_OUTER_BOUND('',#866,.T.);
#573=FACE_OUTER_BOUND('',#867,.T.);
#574=FACE_OUTER_BOUND('',#868,.T.);
#575=FACE_OUTER_BOUND('',#869,.T.);
#576=FACE_OUTER_BOUND('',#870,.T.);
#577=FACE_OUTER_BOUND('',#871,.T.);
#578=FACE_OUTER_BOUND('',#872,.T.);
#579=FACE_OUTER_BOUND('',#873,.T.);
#580=FACE_OUTER_BOUND('',#874,.T.);
#581=FACE_OUTER_BOUND('',#875,.T.);
#582=FACE_OUTER_BOUND('',#876,.T.);
#583=FACE_OUTER_BOUND('',#877,.T.);
#584=FACE_OUTER_BOUND('',#878,.T.);
#585=FACE_OUTER_BOUND('',#879,.T.);
#586=FACE_OUTER_BOUND('',#880,.T.);
#587=FACE_OUTER_BOUND('',#881,.T.);
#588=FACE_OUTER_BOUND('',#882,.T.);
#589=FACE_OUTER_BOUND('',#883,.T.);
#590=FACE_OUTER_BOUND('',#884,.T.);
#591=FACE_OUTER_BOUND('',#885,.T.);
#592=FACE_OUTER_BOUND('',#886,.T.);
#593=FACE_OUTER_BOUND('',#887,.T.);
#594=FACE_OUTER_BOUND('',#888,.T.);
#595=FACE_OUTER_BOUND('',#889,.T.);
#596=FACE_OUTER_BOUND('',#890,.T.);
#597=FACE_OUTER_BOUND('',#891,.T.);
#598=FACE_OUTER_BOUND('',#892,.T.);
#599=FACE_OUTER_BOUND('',#893,.T.);
#600=FACE_OUTER_BOUND('',#894,.T.);
#601=FACE_OUTER_BOUND('',#896,.T.);
#602=FACE_OUTER_BOUND('',#897,.T.);
#603=FACE_OUTER_BOUND('',#898,.T.);
#604=FACE_OUTER_BOUND('',#899,.T.);
#605=FACE_OUTER_BOUND('',#900,.T.);
#606=FACE_OUTER_BOUND('',#901,.T.);
#607=FACE_OUTER_BOUND('',#902,.T.);
#608=FACE_OUTER_BOUND('',#903,.T.);
#609=FACE_OUTER_BOUND('',#904,.T.);
#610=FACE_OUTER_BOUND('',#905,.T.);
#611=FACE_OUTER_BOUND('',#906,.T.);
#612=FACE_OUTER_BOUND('',#907,.T.);
#613=FACE_OUTER_BOUND('',#908,.T.);
#614=FACE_OUTER_BOUND('',#909,.T.);
#615=FACE_OUTER_BOUND('',#910,.T.);
#616=FACE_OUTER_BOUND('',#911,.T.);
#617=FACE_OUTER_BOUND('',#913,.T.);
#618=FACE_OUTER_BOUND('',#914,.T.);
#619=FACE_OUTER_BOUND('',#915,.T.);
#620=FACE_OUTER_BOUND('',#916,.T.);
#621=FACE_OUTER_BOUND('',#917,.T.);
#622=FACE_OUTER_BOUND('',#918,.T.);
#623=FACE_OUTER_BOUND('',#919,.T.);
#624=FACE_OUTER_BOUND('',#920,.T.);
#625=FACE_OUTER_BOUND('',#921,.T.);
#626=FACE_OUTER_BOUND('',#922,.T.);
#627=FACE_OUTER_BOUND('',#923,.T.);
#628=FACE_OUTER_BOUND('',#924,.T.);
#629=FACE_OUTER_BOUND('',#925,.T.);
#630=FACE_OUTER_BOUND('',#926,.T.);
#631=FACE_OUTER_BOUND('',#927,.T.);
#632=FACE_OUTER_BOUND('',#928,.T.);
#633=FACE_OUTER_BOUND('',#929,.T.);
#634=FACE_OUTER_BOUND('',#930,.T.);
#635=FACE_OUTER_BOUND('',#931,.T.);
#636=FACE_OUTER_BOUND('',#932,.T.);
#637=FACE_OUTER_BOUND('',#933,.T.);
#638=FACE_OUTER_BOUND('',#934,.T.);
#639=FACE_OUTER_BOUND('',#935,.T.);
#640=FACE_OUTER_BOUND('',#936,.T.);
#641=FACE_OUTER_BOUND('',#937,.T.);
#642=FACE_OUTER_BOUND('',#938,.T.);
#643=FACE_OUTER_BOUND('',#940,.T.);
#644=FACE_OUTER_BOUND('',#941,.T.);
#645=FACE_OUTER_BOUND('',#942,.T.);
#646=FACE_OUTER_BOUND('',#943,.T.);
#647=FACE_OUTER_BOUND('',#944,.T.);
#648=FACE_OUTER_BOUND('',#945,.T.);
#649=FACE_OUTER_BOUND('',#946,.T.);
#650=FACE_OUTER_BOUND('',#947,.T.);
#651=FACE_OUTER_BOUND('',#948,.T.);
#652=FACE_OUTER_BOUND('',#949,.T.);
#653=FACE_OUTER_BOUND('',#950,.T.);
#654=FACE_OUTER_BOUND('',#951,.T.);
#655=FACE_OUTER_BOUND('',#952,.T.);
#656=FACE_OUTER_BOUND('',#953,.T.);
#657=FACE_OUTER_BOUND('',#954,.T.);
#658=FACE_OUTER_BOUND('',#955,.T.);
#659=FACE_OUTER_BOUND('',#956,.T.);
#660=FACE_OUTER_BOUND('',#957,.T.);
#661=FACE_OUTER_BOUND('',#958,.T.);
#662=FACE_OUTER_BOUND('',#959,.T.);
#663=FACE_OUTER_BOUND('',#960,.T.);
#664=FACE_OUTER_BOUND('',#961,.T.);
#665=FACE_OUTER_BOUND('',#962,.T.);
#666=FACE_OUTER_BOUND('',#963,.T.);
#667=FACE_OUTER_BOUND('',#964,.T.);
#668=FACE_OUTER_BOUND('',#965,.T.);
#669=FACE_OUTER_BOUND('',#966,.T.);
#670=FACE_OUTER_BOUND('',#967,.T.);
#671=FACE_OUTER_BOUND('',#968,.T.);
#672=FACE_OUTER_BOUND('',#970,.T.);
#673=FACE_OUTER_BOUND('',#971,.T.);
#674=FACE_OUTER_BOUND('',#972,.T.);
#675=FACE_OUTER_BOUND('',#973,.T.);
#676=FACE_OUTER_BOUND('',#974,.T.);
#677=FACE_OUTER_BOUND('',#975,.T.);
#678=FACE_OUTER_BOUND('',#976,.T.);
#679=FACE_OUTER_BOUND('',#977,.T.);
#680=FACE_OUTER_BOUND('',#978,.T.);
#681=FACE_OUTER_BOUND('',#979,.T.);
#682=FACE_OUTER_BOUND('',#980,.T.);
#683=FACE_OUTER_BOUND('',#981,.T.);
#684=FACE_OUTER_BOUND('',#982,.T.);
#685=FACE_OUTER_BOUND('',#983,.T.);
#686=FACE_OUTER_BOUND('',#984,.T.);
#687=FACE_OUTER_BOUND('',#985,.T.);
#688=FACE_OUTER_BOUND('',#986,.T.);
#689=FACE_OUTER_BOUND('',#987,.T.);
#690=FACE_OUTER_BOUND('',#988,.T.);
#691=FACE_OUTER_BOUND('',#989,.T.);
#692=FACE_OUTER_BOUND('',#990,.T.);
#693=FACE_OUTER_BOUND('',#991,.T.);
#694=FACE_OUTER_BOUND('',#992,.T.);
#695=FACE_OUTER_BOUND('',#993,.T.);
#696=FACE_OUTER_BOUND('',#994,.T.);
#697=FACE_OUTER_BOUND('',#995,.T.);
#698=FACE_OUTER_BOUND('',#996,.T.);
#699=FACE_OUTER_BOUND('',#997,.T.);
#700=FACE_OUTER_BOUND('',#998,.T.);
#701=FACE_OUTER_BOUND('',#999,.T.);
#702=FACE_OUTER_BOUND('',#1000,.T.);
#703=FACE_OUTER_BOUND('',#1001,.T.);
#704=FACE_OUTER_BOUND('',#1003,.T.);
#705=FACE_OUTER_BOUND('',#1004,.T.);
#706=FACE_OUTER_BOUND('',#1005,.T.);
#707=FACE_OUTER_BOUND('',#1006,.T.);
#708=FACE_OUTER_BOUND('',#1007,.T.);
#709=FACE_OUTER_BOUND('',#1008,.T.);
#710=FACE_OUTER_BOUND('',#1009,.T.);
#711=FACE_OUTER_BOUND('',#1010,.T.);
#712=FACE_OUTER_BOUND('',#1011,.T.);
#713=FACE_OUTER_BOUND('',#1012,.T.);
#714=FACE_OUTER_BOUND('',#1013,.T.);
#715=FACE_OUTER_BOUND('',#1014,.T.);
#716=FACE_OUTER_BOUND('',#1015,.T.);
#717=FACE_OUTER_BOUND('',#1016,.T.);
#718=FACE_OUTER_BOUND('',#1017,.T.);
#719=FACE_OUTER_BOUND('',#1018,.T.);
#720=FACE_OUTER_BOUND('',#1019,.T.);
#721=FACE_OUTER_BOUND('',#1020,.T.);
#722=FACE_OUTER_BOUND('',#1021,.T.);
#723=FACE_OUTER_BOUND('',#1022,.T.);
#724=FACE_OUTER_BOUND('',#1023,.T.);
#725=FACE_OUTER_BOUND('',#1024,.T.);
#726=FACE_OUTER_BOUND('',#1025,.T.);
#727=FACE_OUTER_BOUND('',#1026,.T.);
#728=FACE_OUTER_BOUND('',#1027,.T.);
#729=FACE_OUTER_BOUND('',#1028,.T.);
#730=FACE_OUTER_BOUND('',#1029,.T.);
#731=FACE_OUTER_BOUND('',#1030,.T.);
#732=FACE_OUTER_BOUND('',#1031,.T.);
#733=FACE_OUTER_BOUND('',#1032,.T.);
#734=FACE_OUTER_BOUND('',#1033,.T.);
#735=FACE_OUTER_BOUND('',#1034,.T.);
#736=FACE_OUTER_BOUND('',#1035,.T.);
#737=FACE_OUTER_BOUND('',#1036,.T.);
#738=FACE_OUTER_BOUND('',#1037,.T.);
#739=FACE_OUTER_BOUND('',#1038,.T.);
#740=FACE_OUTER_BOUND('',#1039,.T.);
#741=FACE_OUTER_BOUND('',#1040,.T.);
#742=FACE_OUTER_BOUND('',#1041,.T.);
#743=FACE_OUTER_BOUND('',#1042,.T.);
#744=FACE_OUTER_BOUND('',#1043,.T.);
#745=FACE_OUTER_BOUND('',#1044,.T.);
#746=FACE_OUTER_BOUND('',#1045,.T.);
#747=FACE_OUTER_BOUND('',#1046,.T.);
#748=FACE_OUTER_BOUND('',#1047,.T.);
#749=FACE_OUTER_BOUND('',#1048,.T.);
#750=FACE_OUTER_BOUND('',#1049,.T.);
#751=FACE_OUTER_BOUND('',#1050,.T.);
#752=FACE_OUTER_BOUND('',#1051,.T.);
#753=FACE_OUTER_BOUND('',#1052,.T.);
#754=FACE_OUTER_BOUND('',#1053,.T.);
#755=FACE_OUTER_BOUND('',#1054,.T.);
#756=FACE_OUTER_BOUND('',#1055,.T.);
#757=FACE_OUTER_BOUND('',#1056,.T.);
#758=FACE_OUTER_BOUND('',#1057,.T.);
#759=FACE_OUTER_BOUND('',#1058,.T.);
#760=FACE_OUTER_BOUND('',#1059,.T.);
#761=FACE_OUTER_BOUND('',#1060,.T.);
#762=FACE_OUTER_BOUND('',#1061,.T.);
#763=FACE_OUTER_BOUND('',#1062,.T.);
#764=FACE_OUTER_BOUND('',#1063,.T.);
#765=FACE_OUTER_BOUND('',#1064,.T.);
#766=FACE_OUTER_BOUND('',#1065,.T.);
#767=FACE_OUTER_BOUND('',#1066,.T.);
#768=FACE_OUTER_BOUND('',#1067,.T.);
#769=FACE_OUTER_BOUND('',#1068,.T.);
#770=FACE_OUTER_BOUND('',#1069,.T.);
#771=FACE_OUTER_BOUND('',#1070,.T.);
#772=FACE_OUTER_BOUND('',#1071,.T.);
#773=FACE_OUTER_BOUND('',#1072,.T.);
#774=FACE_OUTER_BOUND('',#1073,.T.);
#775=FACE_OUTER_BOUND('',#1074,.T.);
#776=FACE_OUTER_BOUND('',#1075,.T.);
#777=FACE_OUTER_BOUND('',#1076,.T.);
#778=EDGE_LOOP('',(#3354,#3355,#3356,#3357));
#779=EDGE_LOOP('',(#3358,#3359,#3360,#3361));
#780=EDGE_LOOP('',(#3362,#3363,#3364,#3365));
#781=EDGE_LOOP('',(#3366,#3367,#3368,#3369));
#782=EDGE_LOOP('',(#3370,#3371,#3372,#3373));
#783=EDGE_LOOP('',(#3374,#3375,#3376,#3377));
#784=EDGE_LOOP('',(#3378,#3379,#3380,#3381));
#785=EDGE_LOOP('',(#3382,#3383,#3384,#3385));
#786=EDGE_LOOP('',(#3386,#3387,#3388,#3389,#3390,#3391,#3392,#3393,#3394,
#3395,#3396,#3397,#3398,#3399));
#787=EDGE_LOOP('',(#3400));
#788=EDGE_LOOP('',(#3401));
#789=EDGE_LOOP('',(#3402,#3403,#3404,#3405));
#790=EDGE_LOOP('',(#3406,#3407,#3408,#3409));
#791=EDGE_LOOP('',(#3410,#3411,#3412,#3413));
#792=EDGE_LOOP('',(#3414,#3415,#3416,#3417));
#793=EDGE_LOOP('',(#3418,#3419,#3420,#3421));
#794=EDGE_LOOP('',(#3422,#3423,#3424,#3425));
#795=EDGE_LOOP('',(#3426,#3427,#3428,#3429));
#796=EDGE_LOOP('',(#3430,#3431,#3432,#3433));
#797=EDGE_LOOP('',(#3434,#3435,#3436,#3437));
#798=EDGE_LOOP('',(#3438,#3439,#3440,#3441));
#799=EDGE_LOOP('',(#3442,#3443,#3444,#3445));
#800=EDGE_LOOP('',(#3446,#3447,#3448,#3449));
#801=EDGE_LOOP('',(#3450,#3451,#3452,#3453));
#802=EDGE_LOOP('',(#3454,#3455,#3456,#3457,#3458,#3459,#3460,#3461,#3462,
#3463,#3464,#3465,#3466,#3467,#3468,#3469,#3470,#3471,#3472,#3473));
#803=EDGE_LOOP('',(#3474,#3475,#3476,#3477,#3478,#3479));
#804=EDGE_LOOP('',(#3480,#3481,#3482,#3483,#3484,#3485));
#805=EDGE_LOOP('',(#3486,#3487,#3488,#3489,#3490,#3491));
#806=EDGE_LOOP('',(#3492,#3493,#3494,#3495,#3496,#3497));
#807=EDGE_LOOP('',(#3498,#3499,#3500,#3501));
#808=EDGE_LOOP('',(#3502,#3503,#3504,#3505));
#809=EDGE_LOOP('',(#3506,#3507,#3508,#3509,#3510,#3511,#3512,#3513,#3514,
#3515,#3516,#3517,#3518,#3519));
#810=EDGE_LOOP('',(#3520,#3521));
#811=EDGE_LOOP('',(#3522,#3523));
#812=EDGE_LOOP('',(#3524,#3525,#3526,#3527));
#813=EDGE_LOOP('',(#3528,#3529,#3530,#3531,#3532,#3533,#3534,#3535,#3536,
#3537,#3538,#3539,#3540,#3541));
#814=EDGE_LOOP('',(#3542,#3543));
#815=EDGE_LOOP('',(#3544,#3545));
#816=EDGE_LOOP('',(#3546,#3547,#3548,#3549));
#817=EDGE_LOOP('',(#3550,#3551,#3552,#3553));
#818=EDGE_LOOP('',(#3554,#3555,#3556,#3557,#3558));
#819=EDGE_LOOP('',(#3559,#3560,#3561,#3562,#3563,#3564));
#820=EDGE_LOOP('',(#3565,#3566,#3567,#3568,#3569,#3570,#3571,#3572,#3573,
#3574,#3575));
#821=EDGE_LOOP('',(#3576,#3577,#3578,#3579,#3580,#3581,#3582,#3583,#3584));
#822=EDGE_LOOP('',(#3585,#3586,#3587,#3588,#3589,#3590));
#823=EDGE_LOOP('',(#3591,#3592,#3593,#3594));
#824=EDGE_LOOP('',(#3595,#3596,#3597,#3598,#3599,#3600,#3601,#3602));
#825=EDGE_LOOP('',(#3603,#3604));
#826=EDGE_LOOP('',(#3605,#3606));
#827=EDGE_LOOP('',(#3607,#3608,#3609,#3610,#3611,#3612,#3613,#3614,#3615,
#3616,#3617,#3618,#3619));
#828=EDGE_LOOP('',(#3620,#3621,#3622,#3623,#3624,#3625,#3626,#3627));
#829=EDGE_LOOP('',(#3628,#3629,#3630,#3631,#3632,#3633));
#830=EDGE_LOOP('',(#3634,#3635,#3636,#3637,#3638,#3639,#3640,#3641,#3642));
#831=EDGE_LOOP('',(#3643,#3644,#3645,#3646,#3647,#3648,#3649,#3650));
#832=EDGE_LOOP('',(#3651,#3652,#3653,#3654,#3655));
#833=EDGE_LOOP('',(#3656,#3657,#3658,#3659));
#834=EDGE_LOOP('',(#3660,#3661,#3662,#3663,#3664,#3665));
#835=EDGE_LOOP('',(#3666,#3667,#3668,#3669));
#836=EDGE_LOOP('',(#3670,#3671,#3672,#3673,#3674,#3675,#3676,#3677,#3678,
#3679,#3680,#3681,#3682,#3683,#3684,#3685));
#837=EDGE_LOOP('',(#3686,#3687,#3688,#3689));
#838=EDGE_LOOP('',(#3690,#3691,#3692,#3693));
#839=EDGE_LOOP('',(#3694,#3695,#3696,#3697));
#840=EDGE_LOOP('',(#3698,#3699,#3700,#3701));
#841=EDGE_LOOP('',(#3702,#3703,#3704,#3705));
#842=EDGE_LOOP('',(#3706,#3707,#3708,#3709));
#843=EDGE_LOOP('',(#3710,#3711,#3712,#3713));
#844=EDGE_LOOP('',(#3714,#3715,#3716,#3717));
#845=EDGE_LOOP('',(#3718,#3719,#3720,#3721));
#846=EDGE_LOOP('',(#3722,#3723,#3724,#3725));
#847=EDGE_LOOP('',(#3726,#3727,#3728,#3729));
#848=EDGE_LOOP('',(#3730,#3731,#3732,#3733));
#849=EDGE_LOOP('',(#3734,#3735,#3736,#3737));
#850=EDGE_LOOP('',(#3738,#3739,#3740,#3741));
#851=EDGE_LOOP('',(#3742,#3743,#3744,#3745));
#852=EDGE_LOOP('',(#3746,#3747,#3748,#3749,#3750,#3751));
#853=EDGE_LOOP('',(#3752,#3753,#3754,#3755));
#854=EDGE_LOOP('',(#3756,#3757,#3758,#3759));
#855=EDGE_LOOP('',(#3760,#3761,#3762,#3763));
#856=EDGE_LOOP('',(#3764,#3765,#3766,#3767));
#857=EDGE_LOOP('',(#3768,#3769,#3770,#3771));
#858=EDGE_LOOP('',(#3772,#3773,#3774,#3775,#3776,#3777));
#859=EDGE_LOOP('',(#3778,#3779,#3780,#3781));
#860=EDGE_LOOP('',(#3782,#3783,#3784,#3785));
#861=EDGE_LOOP('',(#3786,#3787,#3788,#3789));
#862=EDGE_LOOP('',(#3790,#3791,#3792,#3793));
#863=EDGE_LOOP('',(#3794,#3795,#3796,#3797));
#864=EDGE_LOOP('',(#3798,#3799,#3800,#3801));
#865=EDGE_LOOP('',(#3802,#3803,#3804,#3805));
#866=EDGE_LOOP('',(#3806,#3807,#3808,#3809));
#867=EDGE_LOOP('',(#3810,#3811,#3812,#3813));
#868=EDGE_LOOP('',(#3814,#3815,#3816,#3817));
#869=EDGE_LOOP('',(#3818,#3819,#3820,#3821));
#870=EDGE_LOOP('',(#3822,#3823,#3824,#3825));
#871=EDGE_LOOP('',(#3826,#3827,#3828,#3829));
#872=EDGE_LOOP('',(#3830,#3831,#3832,#3833));
#873=EDGE_LOOP('',(#3834,#3835,#3836,#3837));
#874=EDGE_LOOP('',(#3838,#3839,#3840,#3841));
#875=EDGE_LOOP('',(#3842,#3843,#3844,#3845));
#876=EDGE_LOOP('',(#3846,#3847,#3848,#3849));
#877=EDGE_LOOP('',(#3850,#3851,#3852,#3853));
#878=EDGE_LOOP('',(#3854,#3855,#3856,#3857));
#879=EDGE_LOOP('',(#3858,#3859,#3860,#3861));
#880=EDGE_LOOP('',(#3862,#3863,#3864,#3865));
#881=EDGE_LOOP('',(#3866,#3867,#3868,#3869));
#882=EDGE_LOOP('',(#3870,#3871,#3872,#3873));
#883=EDGE_LOOP('',(#3874,#3875,#3876,#3877));
#884=EDGE_LOOP('',(#3878,#3879,#3880,#3881));
#885=EDGE_LOOP('',(#3882,#3883,#3884,#3885));
#886=EDGE_LOOP('',(#3886,#3887,#3888,#3889));
#887=EDGE_LOOP('',(#3890,#3891,#3892,#3893));
#888=EDGE_LOOP('',(#3894,#3895,#3896,#3897));
#889=EDGE_LOOP('',(#3898,#3899,#3900,#3901));
#890=EDGE_LOOP('',(#3902,#3903,#3904,#3905));
#891=EDGE_LOOP('',(#3906,#3907,#3908,#3909));
#892=EDGE_LOOP('',(#3910,#3911,#3912,#3913));
#893=EDGE_LOOP('',(#3914,#3915,#3916,#3917));
#894=EDGE_LOOP('',(#3918,#3919,#3920,#3921,#3922,#3923,#3924,#3925));
#895=EDGE_LOOP('',(#3926,#3927,#3928));
#896=EDGE_LOOP('',(#3929,#3930,#3931,#3932));
#897=EDGE_LOOP('',(#3933,#3934,#3935,#3936));
#898=EDGE_LOOP('',(#3937,#3938,#3939,#3940));
#899=EDGE_LOOP('',(#3941,#3942,#3943));
#900=EDGE_LOOP('',(#3944,#3945,#3946,#3947));
#901=EDGE_LOOP('',(#3948,#3949,#3950,#3951));
#902=EDGE_LOOP('',(#3952,#3953,#3954,#3955));
#903=EDGE_LOOP('',(#3956,#3957,#3958,#3959));
#904=EDGE_LOOP('',(#3960,#3961,#3962,#3963));
#905=EDGE_LOOP('',(#3964,#3965,#3966,#3967));
#906=EDGE_LOOP('',(#3968,#3969,#3970,#3971));
#907=EDGE_LOOP('',(#3972,#3973,#3974,#3975));
#908=EDGE_LOOP('',(#3976,#3977,#3978,#3979));
#909=EDGE_LOOP('',(#3980,#3981,#3982,#3983));
#910=EDGE_LOOP('',(#3984,#3985,#3986,#3987));
#911=EDGE_LOOP('',(#3988,#3989,#3990,#3991,#3992,#3993,#3994,#3995,#3996,
#3997,#3998));
#912=EDGE_LOOP('',(#3999,#4000,#4001,#4002,#4003));
#913=EDGE_LOOP('',(#4004,#4005,#4006,#4007));
#914=EDGE_LOOP('',(#4008,#4009,#4010,#4011));
#915=EDGE_LOOP('',(#4012,#4013,#4014,#4015));
#916=EDGE_LOOP('',(#4016,#4017,#4018,#4019));
#917=EDGE_LOOP('',(#4020,#4021,#4022,#4023));
#918=EDGE_LOOP('',(#4024,#4025,#4026,#4027,#4028));
#919=EDGE_LOOP('',(#4029,#4030,#4031,#4032));
#920=EDGE_LOOP('',(#4033,#4034,#4035,#4036));
#921=EDGE_LOOP('',(#4037,#4038,#4039,#4040));
#922=EDGE_LOOP('',(#4041,#4042,#4043,#4044));
#923=EDGE_LOOP('',(#4045,#4046,#4047,#4048));
#924=EDGE_LOOP('',(#4049,#4050,#4051,#4052));
#925=EDGE_LOOP('',(#4053,#4054,#4055,#4056));
#926=EDGE_LOOP('',(#4057,#4058,#4059,#4060));
#927=EDGE_LOOP('',(#4061,#4062,#4063,#4064));
#928=EDGE_LOOP('',(#4065,#4066,#4067,#4068,#4069,#4070,#4071,#4072,#4073));
#929=EDGE_LOOP('',(#4074,#4075,#4076,#4077));
#930=EDGE_LOOP('',(#4078,#4079,#4080,#4081));
#931=EDGE_LOOP('',(#4082,#4083,#4084,#4085));
#932=EDGE_LOOP('',(#4086,#4087,#4088,#4089));
#933=EDGE_LOOP('',(#4090,#4091,#4092,#4093));
#934=EDGE_LOOP('',(#4094,#4095,#4096,#4097));
#935=EDGE_LOOP('',(#4098,#4099,#4100,#4101));
#936=EDGE_LOOP('',(#4102,#4103,#4104,#4105));
#937=EDGE_LOOP('',(#4106,#4107,#4108,#4109));
#938=EDGE_LOOP('',(#4110,#4111,#4112,#4113,#4114,#4115,#4116,#4117,#4118));
#939=EDGE_LOOP('',(#4119,#4120,#4121,#4122,#4123));
#940=EDGE_LOOP('',(#4124,#4125,#4126,#4127));
#941=EDGE_LOOP('',(#4128,#4129,#4130,#4131));
#942=EDGE_LOOP('',(#4132,#4133,#4134,#4135));
#943=EDGE_LOOP('',(#4136,#4137,#4138,#4139));
#944=EDGE_LOOP('',(#4140,#4141,#4142,#4143));
#945=EDGE_LOOP('',(#4144,#4145,#4146,#4147,#4148));
#946=EDGE_LOOP('',(#4149,#4150,#4151,#4152));
#947=EDGE_LOOP('',(#4153,#4154,#4155,#4156));
#948=EDGE_LOOP('',(#4157,#4158,#4159,#4160));
#949=EDGE_LOOP('',(#4161,#4162,#4163,#4164));
#950=EDGE_LOOP('',(#4165,#4166,#4167,#4168));
#951=EDGE_LOOP('',(#4169,#4170,#4171,#4172));
#952=EDGE_LOOP('',(#4173,#4174,#4175,#4176,#4177,#4178));
#953=EDGE_LOOP('',(#4179,#4180,#4181,#4182));
#954=EDGE_LOOP('',(#4183,#4184,#4185,#4186));
#955=EDGE_LOOP('',(#4187,#4188,#4189,#4190));
#956=EDGE_LOOP('',(#4191,#4192,#4193,#4194));
#957=EDGE_LOOP('',(#4195,#4196,#4197,#4198));
#958=EDGE_LOOP('',(#4199,#4200,#4201,#4202));
#959=EDGE_LOOP('',(#4203,#4204,#4205,#4206,#4207,#4208));
#960=EDGE_LOOP('',(#4209,#4210,#4211,#4212));
#961=EDGE_LOOP('',(#4213,#4214,#4215,#4216));
#962=EDGE_LOOP('',(#4217,#4218,#4219,#4220));
#963=EDGE_LOOP('',(#4221,#4222,#4223,#4224));
#964=EDGE_LOOP('',(#4225,#4226,#4227,#4228));
#965=EDGE_LOOP('',(#4229,#4230,#4231,#4232));
#966=EDGE_LOOP('',(#4233,#4234,#4235,#4236));
#967=EDGE_LOOP('',(#4237,#4238,#4239,#4240));
#968=EDGE_LOOP('',(#4241,#4242,#4243,#4244,#4245,#4246,#4247,#4248));
#969=EDGE_LOOP('',(#4249,#4250,#4251));
#970=EDGE_LOOP('',(#4252,#4253,#4254,#4255));
#971=EDGE_LOOP('',(#4256,#4257,#4258,#4259));
#972=EDGE_LOOP('',(#4260,#4261,#4262,#4263));
#973=EDGE_LOOP('',(#4264,#4265,#4266));
#974=EDGE_LOOP('',(#4267,#4268,#4269,#4270));
#975=EDGE_LOOP('',(#4271,#4272,#4273,#4274));
#976=EDGE_LOOP('',(#4275,#4276,#4277,#4278));
#977=EDGE_LOOP('',(#4279,#4280,#4281,#4282));
#978=EDGE_LOOP('',(#4283,#4284,#4285,#4286));
#979=EDGE_LOOP('',(#4287,#4288,#4289,#4290));
#980=EDGE_LOOP('',(#4291,#4292,#4293,#4294));
#981=EDGE_LOOP('',(#4295,#4296,#4297,#4298));
#982=EDGE_LOOP('',(#4299,#4300,#4301,#4302));
#983=EDGE_LOOP('',(#4303,#4304,#4305,#4306));
#984=EDGE_LOOP('',(#4307,#4308,#4309,#4310));
#985=EDGE_LOOP('',(#4311,#4312,#4313,#4314));
#986=EDGE_LOOP('',(#4315,#4316,#4317,#4318));
#987=EDGE_LOOP('',(#4319,#4320,#4321,#4322));
#988=EDGE_LOOP('',(#4323,#4324,#4325,#4326));
#989=EDGE_LOOP('',(#4327,#4328,#4329,#4330));
#990=EDGE_LOOP('',(#4331,#4332,#4333,#4334));
#991=EDGE_LOOP('',(#4335,#4336,#4337,#4338));
#992=EDGE_LOOP('',(#4339,#4340,#4341,#4342,#4343,#4344,#4345,#4346,#4347,
#4348,#4349,#4350,#4351));
#993=EDGE_LOOP('',(#4352,#4353,#4354,#4355));
#994=EDGE_LOOP('',(#4356,#4357,#4358,#4359));
#995=EDGE_LOOP('',(#4360,#4361,#4362,#4363));
#996=EDGE_LOOP('',(#4364,#4365,#4366,#4367));
#997=EDGE_LOOP('',(#4368,#4369,#4370,#4371));
#998=EDGE_LOOP('',(#4372,#4373,#4374,#4375));
#999=EDGE_LOOP('',(#4376,#4377,#4378,#4379));
#1000=EDGE_LOOP('',(#4380,#4381,#4382,#4383));
#1001=EDGE_LOOP('',(#4384,#4385,#4386,#4387,#4388,#4389,#4390,#4391));
#1002=EDGE_LOOP('',(#4392,#4393,#4394));
#1003=EDGE_LOOP('',(#4395,#4396,#4397,#4398));
#1004=EDGE_LOOP('',(#4399,#4400,#4401,#4402));
#1005=EDGE_LOOP('',(#4403,#4404,#4405,#4406));
#1006=EDGE_LOOP('',(#4407,#4408,#4409));
#1007=EDGE_LOOP('',(#4410,#4411,#4412,#4413));
#1008=EDGE_LOOP('',(#4414,#4415,#4416,#4417));
#1009=EDGE_LOOP('',(#4418,#4419,#4420,#4421));
#1010=EDGE_LOOP('',(#4422,#4423,#4424,#4425));
#1011=EDGE_LOOP('',(#4426,#4427,#4428,#4429));
#1012=EDGE_LOOP('',(#4430,#4431,#4432,#4433));
#1013=EDGE_LOOP('',(#4434,#4435,#4436,#4437));
#1014=EDGE_LOOP('',(#4438,#4439,#4440,#4441));
#1015=EDGE_LOOP('',(#4442,#4443,#4444,#4445));
#1016=EDGE_LOOP('',(#4446,#4447,#4448,#4449));
#1017=EDGE_LOOP('',(#4450,#4451,#4452,#4453));
#1018=EDGE_LOOP('',(#4454,#4455,#4456,#4457));
#1019=EDGE_LOOP('',(#4458,#4459,#4460,#4461));
#1020=EDGE_LOOP('',(#4462,#4463,#4464,#4465));
#1021=EDGE_LOOP('',(#4466,#4467,#4468,#4469));
#1022=EDGE_LOOP('',(#4470,#4471,#4472,#4473));
#1023=EDGE_LOOP('',(#4474,#4475,#4476,#4477));
#1024=EDGE_LOOP('',(#4478,#4479,#4480,#4481));
#1025=EDGE_LOOP('',(#4482,#4483,#4484,#4485));
#1026=EDGE_LOOP('',(#4486,#4487,#4488,#4489));
#1027=EDGE_LOOP('',(#4490,#4491));
#1028=EDGE_LOOP('',(#4492,#4493,#4494,#4495));
#1029=EDGE_LOOP('',(#4496,#4497));
#1030=EDGE_LOOP('',(#4498,#4499,#4500,#4501));
#1031=EDGE_LOOP('',(#4502,#4503));
#1032=EDGE_LOOP('',(#4504,#4505,#4506,#4507));
#1033=EDGE_LOOP('',(#4508,#4509));
#1034=EDGE_LOOP('',(#4510,#4511,#4512,#4513));
#1035=EDGE_LOOP('',(#4514,#4515));
#1036=EDGE_LOOP('',(#4516,#4517,#4518,#4519));
#1037=EDGE_LOOP('',(#4520,#4521));
#1038=EDGE_LOOP('',(#4522,#4523,#4524,#4525));
#1039=EDGE_LOOP('',(#4526,#4527,#4528,#4529));
#1040=EDGE_LOOP('',(#4530,#4531,#4532,#4533));
#1041=EDGE_LOOP('',(#4534,#4535,#4536,#4537));
#1042=EDGE_LOOP('',(#4538,#4539,#4540,#4541));
#1043=EDGE_LOOP('',(#4542,#4543,#4544,#4545));
#1044=EDGE_LOOP('',(#4546,#4547,#4548,#4549));
#1045=EDGE_LOOP('',(#4550,#4551,#4552,#4553));
#1046=EDGE_LOOP('',(#4554,#4555,#4556,#4557));
#1047=EDGE_LOOP('',(#4558,#4559,#4560,#4561));
#1048=EDGE_LOOP('',(#4562,#4563,#4564,#4565));
#1049=EDGE_LOOP('',(#4566,#4567,#4568,#4569));
#1050=EDGE_LOOP('',(#4570,#4571,#4572,#4573));
#1051=EDGE_LOOP('',(#4574,#4575,#4576,#4577));
#1052=EDGE_LOOP('',(#4578,#4579,#4580,#4581));
#1053=EDGE_LOOP('',(#4582,#4583,#4584,#4585));
#1054=EDGE_LOOP('',(#4586,#4587,#4588,#4589));
#1055=EDGE_LOOP('',(#4590,#4591,#4592,#4593));
#1056=EDGE_LOOP('',(#4594,#4595,#4596,#4597));
#1057=EDGE_LOOP('',(#4598,#4599,#4600,#4601));
#1058=EDGE_LOOP('',(#4602,#4603,#4604,#4605));
#1059=EDGE_LOOP('',(#4606,#4607,#4608,#4609));
#1060=EDGE_LOOP('',(#4610,#4611,#4612,#4613));
#1061=EDGE_LOOP('',(#4614,#4615,#4616,#4617));
#1062=EDGE_LOOP('',(#4618,#4619,#4620,#4621));
#1063=EDGE_LOOP('',(#4622,#4623,#4624,#4625));
#1064=EDGE_LOOP('',(#4626,#4627,#4628,#4629));
#1065=EDGE_LOOP('',(#4630,#4631,#4632,#4633));
#1066=EDGE_LOOP('',(#4634,#4635,#4636,#4637));
#1067=EDGE_LOOP('',(#4638,#4639,#4640,#4641));
#1068=EDGE_LOOP('',(#4642,#4643,#4644,#4645));
#1069=EDGE_LOOP('',(#4646,#4647,#4648,#4649));
#1070=EDGE_LOOP('',(#4650,#4651,#4652,#4653));
#1071=EDGE_LOOP('',(#4654,#4655,#4656,#4657));
#1072=EDGE_LOOP('',(#4658,#4659,#4660,#4661));
#1073=EDGE_LOOP('',(#4662,#4663,#4664,#4665));
#1074=EDGE_LOOP('',(#4666,#4667,#4668,#4669));
#1075=EDGE_LOOP('',(#4670));
#1076=EDGE_LOOP('',(#4671));
#1077=LINE('',#6316,#1664);
#1078=LINE('',#6322,#1665);
#1079=LINE('',#7825,#1666);
#1080=LINE('',#7827,#1667);
#1081=LINE('',#7829,#1668);
#1082=LINE('',#7831,#1669);
#1083=LINE('',#7833,#1670);
#1084=LINE('',#7835,#1671);
#1085=LINE('',#7837,#1672);
#1086=LINE('',#7839,#1673);
#1087=LINE('',#7841,#1674);
#1088=LINE('',#7843,#1675);
#1089=LINE('',#7845,#1676);
#1090=LINE('',#7847,#1677);
#1091=LINE('',#7849,#1678);
#1092=LINE('',#7850,#1679);
#1093=LINE('',#7853,#1680);
#1094=LINE('',#7855,#1681);
#1095=LINE('',#7857,#1682);
#1096=LINE('',#7858,#1683);
#1097=LINE('',#7861,#1684);
#1098=LINE('',#7863,#1685);
#1099=LINE('',#7865,#1686);
#1100=LINE('',#7866,#1687);
#1101=LINE('',#7869,#1688);
#1102=LINE('',#7871,#1689);
#1103=LINE('',#7873,#1690);
#1104=LINE('',#7874,#1691);
#1105=LINE('',#7877,#1692);
#1106=LINE('',#7879,#1693);
#1107=LINE('',#7881,#1694);
#1108=LINE('',#7882,#1695);
#1109=LINE('',#7885,#1696);
#1110=LINE('',#7887,#1697);
#1111=LINE('',#7889,#1698);
#1112=LINE('',#7890,#1699);
#1113=LINE('',#7893,#1700);
#1114=LINE('',#7895,#1701);
#1115=LINE('',#7897,#1702);
#1116=LINE('',#7898,#1703);
#1117=LINE('',#7901,#1704);
#1118=LINE('',#7903,#1705);
#1119=LINE('',#7905,#1706);
#1120=LINE('',#7906,#1707);
#1121=LINE('',#7909,#1708);
#1122=LINE('',#7911,#1709);
#1123=LINE('',#7913,#1710);
#1124=LINE('',#7914,#1711);
#1125=LINE('',#7917,#1712);
#1126=LINE('',#7919,#1713);
#1127=LINE('',#7921,#1714);
#1128=LINE('',#7922,#1715);
#1129=LINE('',#7925,#1716);
#1130=LINE('',#7927,#1717);
#1131=LINE('',#7929,#1718);
#1132=LINE('',#7930,#1719);
#1133=LINE('',#7933,#1720);
#1134=LINE('',#7935,#1721);
#1135=LINE('',#7937,#1722);
#1136=LINE('',#7938,#1723);
#1137=LINE('',#7941,#1724);
#1138=LINE('',#7943,#1725);
#1139=LINE('',#7945,#1726);
#1140=LINE('',#7946,#1727);
#1141=LINE('',#7949,#1728);
#1142=LINE('',#7951,#1729);
#1143=LINE('',#7953,#1730);
#1144=LINE('',#7954,#1731);
#1145=LINE('',#7958,#1732);
#1146=LINE('',#7960,#1733);
#1147=LINE('',#7962,#1734);
#1148=LINE('',#7964,#1735);
#1149=LINE('',#7966,#1736);
#1150=LINE('',#7968,#1737);
#1151=LINE('',#7970,#1738);
#1152=LINE('',#7972,#1739);
#1153=LINE('',#7974,#1740);
#1154=LINE('',#7976,#1741);
#1155=LINE('',#7978,#1742);
#1156=LINE('',#7980,#1743);
#1157=LINE('',#7982,#1744);
#1158=LINE('',#7984,#1745);
#1159=LINE('',#7986,#1746);
#1160=LINE('',#7988,#1747);
#1161=LINE('',#7990,#1748);
#1162=LINE('',#7992,#1749);
#1163=LINE('',#7994,#1750);
#1164=LINE('',#7995,#1751);
#1165=LINE('',#7998,#1752);
#1166=LINE('',#8000,#1753);
#1167=LINE('',#8002,#1754);
#1168=LINE('',#8004,#1755);
#1169=LINE('',#8005,#1756);
#1170=LINE('',#8008,#1757);
#1171=LINE('',#8010,#1758);
#1172=LINE('',#8011,#1759);
#1173=LINE('',#8012,#1760);
#1174=LINE('',#8015,#1761);
#1175=LINE('',#8017,#1762);
#1176=LINE('',#8019,#1763);
#1177=LINE('',#8021,#1764);
#1178=LINE('',#8022,#1765);
#1179=LINE('',#8025,#1766);
#1180=LINE('',#8027,#1767);
#1181=LINE('',#8028,#1768);
#1182=LINE('',#8029,#1769);
#1183=LINE('',#8033,#1770);
#1184=LINE('',#8035,#1771);
#1185=LINE('',#8037,#1772);
#1186=LINE('',#8038,#1773);
#1187=LINE('',#8041,#1774);
#1188=LINE('',#8043,#1775);
#1189=LINE('',#8045,#1776);
#1190=LINE('',#8046,#1777);
#1191=LINE('',#8050,#1778);
#1192=LINE('',#8051,#1779);
#1193=LINE('',#8053,#1780);
#1194=LINE('',#8054,#1781);
#1195=LINE('',#8056,#1782);
#1196=LINE('',#8058,#1783);
#1197=LINE('',#8060,#1784);
#1198=LINE('',#8062,#1785);
#1199=LINE('',#8063,#1786);
#1200=LINE('',#8065,#1787);
#1201=LINE('',#8066,#1788);
#1202=LINE('',#8116,#1789);
#1203=LINE('',#8120,#1790);
#1204=LINE('',#8122,#1791);
#1205=LINE('',#8124,#1792);
#1206=LINE('',#8126,#1793);
#1207=LINE('',#8128,#1794);
#1208=LINE('',#8129,#1795);
#1209=LINE('',#8131,#1796);
#1210=LINE('',#8133,#1797);
#1211=LINE('',#8135,#1798);
#1212=LINE('',#8137,#1799);
#1213=LINE('',#8138,#1800);
#1214=LINE('',#8139,#1801);
#1215=LINE('',#8194,#1802);
#1216=LINE('',#8196,#1803);
#1217=LINE('',#8197,#1804);
#1218=LINE('',#8200,#1805);
#1219=LINE('',#8202,#1806);
#1220=LINE('',#8204,#1807);
#1221=LINE('',#8205,#1808);
#1222=LINE('',#8207,#1809);
#1223=LINE('',#8209,#1810);
#1224=LINE('',#8210,#1811);
#1225=LINE('',#8211,#1812);
#1226=LINE('',#8214,#1813);
#1227=LINE('',#8216,#1814);
#1228=LINE('',#8218,#1815);
#1229=LINE('',#8272,#1816);
#1230=LINE('',#8274,#1817);
#1231=LINE('',#8276,#1818);
#1232=LINE('',#8278,#1819);
#1233=LINE('',#8279,#1820);
#1234=LINE('',#8282,#1821);
#1235=LINE('',#8284,#1822);
#1236=LINE('',#8286,#1823);
#1237=LINE('',#8352,#1824);
#1238=LINE('',#8353,#1825);
#1239=LINE('',#8356,#1826);
#1240=LINE('',#8358,#1827);
#1241=LINE('',#8360,#1828);
#1242=LINE('',#8362,#1829);
#1243=LINE('',#8364,#1830);
#1244=LINE('',#8365,#1831);
#1245=LINE('',#8368,#1832);
#1246=LINE('',#8370,#1833);
#1247=LINE('',#8372,#1834);
#1248=LINE('',#8373,#1835);
#1249=LINE('',#8376,#1836);
#1250=LINE('',#8378,#1837);
#1251=LINE('',#8380,#1838);
#1252=LINE('',#8382,#1839);
#1253=LINE('',#8384,#1840);
#1254=LINE('',#8386,#1841);
#1255=LINE('',#8388,#1842);
#1256=LINE('',#8389,#1843);
#1257=LINE('',#8440,#1844);
#1258=LINE('',#8442,#1845);
#1259=LINE('',#8444,#1846);
#1260=LINE('',#8446,#1847);
#1261=LINE('',#8448,#1848);
#1262=LINE('',#8450,#1849);
#1263=LINE('',#8452,#1850);
#1264=LINE('',#8454,#1851);
#1265=LINE('',#8456,#1852);
#1266=LINE('',#8458,#1853);
#1267=LINE('',#8460,#1854);
#1268=LINE('',#8462,#1855);
#1269=LINE('',#8463,#1856);
#1270=LINE('',#8466,#1857);
#1271=LINE('',#8468,#1858);
#1272=LINE('',#8470,#1859);
#1273=LINE('',#8472,#1860);
#1274=LINE('',#8474,#1861);
#1275=LINE('',#8476,#1862);
#1276=LINE('',#8478,#1863);
#1277=LINE('',#8479,#1864);
#1278=LINE('',#8482,#1865);
#1279=LINE('',#8484,#1866);
#1280=LINE('',#8486,#1867);
#1281=LINE('',#8488,#1868);
#1282=LINE('',#8490,#1869);
#1283=LINE('',#8491,#1870);
#1284=LINE('',#8514,#1871);
#1285=LINE('',#8516,#1872);
#1286=LINE('',#8518,#1873);
#1287=LINE('',#8552,#1874);
#1288=LINE('',#8570,#1875);
#1289=LINE('',#8572,#1876);
#1290=LINE('',#8574,#1877);
#1291=LINE('',#8576,#1878);
#1292=LINE('',#8578,#1879);
#1293=LINE('',#8580,#1880);
#1294=LINE('',#8582,#1881);
#1295=LINE('',#8583,#1882);
#1296=LINE('',#8585,#1883);
#1297=LINE('',#8590,#1884);
#1298=LINE('',#8592,#1885);
#1299=LINE('',#8593,#1886);
#1300=LINE('',#8595,#1887);
#1301=LINE('',#8597,#1888);
#1302=LINE('',#8599,#1889);
#1303=LINE('',#8601,#1890);
#1304=LINE('',#8603,#1891);
#1305=LINE('',#8605,#1892);
#1306=LINE('',#8607,#1893);
#1307=LINE('',#8609,#1894);
#1308=LINE('',#8610,#1895);
#1309=LINE('',#8612,#1896);
#1310=LINE('',#8614,#1897);
#1311=LINE('',#8617,#1898);
#1312=LINE('',#8619,#1899);
#1313=LINE('',#8621,#1900);
#1314=LINE('',#8623,#1901);
#1315=LINE('',#8625,#1902);
#1316=LINE('',#8627,#1903);
#1317=LINE('',#8629,#1904);
#1318=LINE('',#8631,#1905);
#1319=LINE('',#8635,#1906);
#1320=LINE('',#8636,#1907);
#1321=LINE('',#8639,#1908);
#1322=LINE('',#8641,#1909);
#1323=LINE('',#8642,#1910);
#1324=LINE('',#8645,#1911);
#1325=LINE('',#8646,#1912);
#1326=LINE('',#8648,#1913);
#1327=LINE('',#8649,#1914);
#1328=LINE('',#8654,#1915);
#1329=LINE('',#8655,#1916);
#1330=LINE('',#8659,#1917);
#1331=LINE('',#8660,#1918);
#1332=LINE('',#8661,#1919);
#1333=LINE('',#8664,#1920);
#1334=LINE('',#8665,#1921);
#1335=LINE('',#8667,#1922);
#1336=LINE('',#8668,#1923);
#1337=LINE('',#8673,#1924);
#1338=LINE('',#8675,#1925);
#1339=LINE('',#8676,#1926);
#1340=LINE('',#8679,#1927);
#1341=LINE('',#8681,#1928);
#1342=LINE('',#8682,#1929);
#1343=LINE('',#8684,#1930);
#1344=LINE('',#8685,#1931);
#1345=LINE('',#8690,#1932);
#1346=LINE('',#8692,#1933);
#1347=LINE('',#8693,#1934);
#1348=LINE('',#8696,#1935);
#1349=LINE('',#8698,#1936);
#1350=LINE('',#8699,#1937);
#1351=LINE('',#8701,#1938);
#1352=LINE('',#8702,#1939);
#1353=LINE('',#8707,#1940);
#1354=LINE('',#8709,#1941);
#1355=LINE('',#8710,#1942);
#1356=LINE('',#8713,#1943);
#1357=LINE('',#8715,#1944);
#1358=LINE('',#8716,#1945);
#1359=LINE('',#8718,#1946);
#1360=LINE('',#8719,#1947);
#1361=LINE('',#8724,#1948);
#1362=LINE('',#8726,#1949);
#1363=LINE('',#8727,#1950);
#1364=LINE('',#8730,#1951);
#1365=LINE('',#8732,#1952);
#1366=LINE('',#8733,#1953);
#1367=LINE('',#8735,#1954);
#1368=LINE('',#8736,#1955);
#1369=LINE('',#8741,#1956);
#1370=LINE('',#8743,#1957);
#1371=LINE('',#8744,#1958);
#1372=LINE('',#8747,#1959);
#1373=LINE('',#8749,#1960);
#1374=LINE('',#8750,#1961);
#1375=LINE('',#8752,#1962);
#1376=LINE('',#8753,#1963);
#1377=LINE('',#8758,#1964);
#1378=LINE('',#8760,#1965);
#1379=LINE('',#8761,#1966);
#1380=LINE('',#8764,#1967);
#1381=LINE('',#8765,#1968);
#1382=LINE('',#8768,#1969);
#1383=LINE('',#8769,#1970);
#1384=LINE('',#8772,#1971);
#1385=LINE('',#8773,#1972);
#1386=LINE('',#8776,#1973);
#1387=LINE('',#8777,#1974);
#1388=LINE('',#8780,#1975);
#1389=LINE('',#8781,#1976);
#1390=LINE('',#8784,#1977);
#1391=LINE('',#8785,#1978);
#1392=LINE('',#8787,#1979);
#1393=LINE('',#8791,#1980);
#1394=LINE('',#8793,#1981);
#1395=LINE('',#8794,#1982);
#1396=LINE('',#8798,#1983);
#1397=LINE('',#8799,#1984);
#1398=LINE('',#8800,#1985);
#1399=LINE('',#8803,#1986);
#1400=LINE('',#8804,#1987);
#1401=LINE('',#8806,#1988);
#1402=LINE('',#8810,#1989);
#1403=LINE('',#8812,#1990);
#1404=LINE('',#8813,#1991);
#1405=LINE('',#8816,#1992);
#1406=LINE('',#8817,#1993);
#1407=LINE('',#8852,#1994);
#1408=LINE('',#8911,#1995);
#1409=LINE('',#8970,#1996);
#1410=LINE('',#8973,#1997);
#1411=LINE('',#8974,#1998);
#1412=LINE('',#8977,#1999);
#1413=LINE('',#8978,#2000);
#1414=LINE('',#8981,#2001);
#1415=LINE('',#8982,#2002);
#1416=LINE('',#8985,#2003);
#1417=LINE('',#8986,#2004);
#1418=LINE('',#8989,#2005);
#1419=LINE('',#8990,#2006);
#1420=LINE('',#8992,#2007);
#1421=LINE('',#9036,#2008);
#1422=LINE('',#9038,#2009);
#1423=LINE('',#9039,#2010);
#1424=LINE('',#9043,#2011);
#1425=LINE('',#9044,#2012);
#1426=LINE('',#9045,#2013);
#1427=LINE('',#9104,#2014);
#1428=LINE('',#9163,#2015);
#1429=LINE('',#9166,#2016);
#1430=LINE('',#9167,#2017);
#1431=LINE('',#9169,#2018);
#1432=LINE('',#9173,#2019);
#1433=LINE('',#9175,#2020);
#1434=LINE('',#9176,#2021);
#1435=LINE('',#9179,#2022);
#1436=LINE('',#9180,#2023);
#1437=LINE('',#9183,#2024);
#1438=LINE('',#9184,#2025);
#1439=LINE('',#9243,#2026);
#1440=LINE('',#9278,#2027);
#1441=LINE('',#9281,#2028);
#1442=LINE('',#9282,#2029);
#1443=LINE('',#9305,#2030);
#1444=LINE('',#9328,#2031);
#1445=LINE('',#9389,#2032);
#1446=LINE('',#9391,#2033);
#1447=LINE('',#9392,#2034);
#1448=LINE('',#9395,#2035);
#1449=LINE('',#9396,#2036);
#1450=LINE('',#9431,#2037);
#1451=LINE('',#9490,#2038);
#1452=LINE('',#9549,#2039);
#1453=LINE('',#9584,#2040);
#1454=LINE('',#9587,#2041);
#1455=LINE('',#9588,#2042);
#1456=LINE('',#9591,#2043);
#1457=LINE('',#9592,#2044);
#1458=LINE('',#9594,#2045);
#1459=LINE('',#9638,#2046);
#1460=LINE('',#9640,#2047);
#1461=LINE('',#9641,#2048);
#1462=LINE('',#9645,#2049);
#1463=LINE('',#9646,#2050);
#1464=LINE('',#9647,#2051);
#1465=LINE('',#9706,#2052);
#1466=LINE('',#9765,#2053);
#1467=LINE('',#9768,#2054);
#1468=LINE('',#9769,#2055);
#1469=LINE('',#9771,#2056);
#1470=LINE('',#9775,#2057);
#1471=LINE('',#9777,#2058);
#1472=LINE('',#9778,#2059);
#1473=LINE('',#9781,#2060);
#1474=LINE('',#9782,#2061);
#1475=LINE('',#9785,#2062);
#1476=LINE('',#9786,#2063);
#1477=LINE('',#9789,#2064);
#1478=LINE('',#9790,#2065);
#1479=LINE('',#9793,#2066);
#1480=LINE('',#9794,#2067);
#1481=LINE('',#9796,#2068);
#1482=LINE('',#9800,#2069);
#1483=LINE('',#9802,#2070);
#1484=LINE('',#9803,#2071);
#1485=LINE('',#9806,#2072);
#1486=LINE('',#9807,#2073);
#1487=LINE('',#9810,#2074);
#1488=LINE('',#9811,#2075);
#1489=LINE('',#9814,#2076);
#1490=LINE('',#9815,#2077);
#1491=LINE('',#9818,#2078);
#1492=LINE('',#9819,#2079);
#1493=LINE('',#9821,#2080);
#1494=LINE('',#9825,#2081);
#1495=LINE('',#9827,#2082);
#1496=LINE('',#9828,#2083);
#1497=LINE('',#9831,#2084);
#1498=LINE('',#9832,#2085);
#1499=LINE('',#9835,#2086);
#1500=LINE('',#9836,#2087);
#1501=LINE('',#9839,#2088);
#1502=LINE('',#9840,#2089);
#1503=LINE('',#9843,#2090);
#1504=LINE('',#9844,#2091);
#1505=LINE('',#9847,#2092);
#1506=LINE('',#9848,#2093);
#1507=LINE('',#9851,#2094);
#1508=LINE('',#9852,#2095);
#1509=LINE('',#9854,#2096);
#1510=LINE('',#9858,#2097);
#1511=LINE('',#9860,#2098);
#1512=LINE('',#9861,#2099);
#1513=LINE('',#9865,#2100);
#1514=LINE('',#9866,#2101);
#1515=LINE('',#9867,#2102);
#1516=LINE('',#9870,#2103);
#1517=LINE('',#9871,#2104);
#1518=LINE('',#9873,#2105);
#1519=LINE('',#9877,#2106);
#1520=LINE('',#9879,#2107);
#1521=LINE('',#9880,#2108);
#1522=LINE('',#9883,#2109);
#1523=LINE('',#9884,#2110);
#1524=LINE('',#9887,#2111);
#1525=LINE('',#9888,#2112);
#1526=LINE('',#9890,#2113);
#1527=LINE('',#9894,#2114);
#1528=LINE('',#9896,#2115);
#1529=LINE('',#9897,#2116);
#1530=LINE('',#9900,#2117);
#1531=LINE('',#9901,#2118);
#1532=LINE('',#9904,#2119);
#1533=LINE('',#9905,#2120);
#1534=LINE('',#9908,#2121);
#1535=LINE('',#9909,#2122);
#1536=LINE('',#9912,#2123);
#1537=LINE('',#9913,#2124);
#1538=LINE('',#9916,#2125);
#1539=LINE('',#9917,#2126);
#1540=LINE('',#9920,#2127);
#1541=LINE('',#9921,#2128);
#1542=LINE('',#9924,#2129);
#1543=LINE('',#9925,#2130);
#1544=LINE('',#9928,#2131);
#1545=LINE('',#9929,#2132);
#1546=LINE('',#9932,#2133);
#1547=LINE('',#9933,#2134);
#1548=LINE('',#9936,#2135);
#1549=LINE('',#9937,#2136);
#1550=LINE('',#9940,#2137);
#1551=LINE('',#9941,#2138);
#1552=LINE('',#9943,#2139);
#1553=LINE('',#9947,#2140);
#1554=LINE('',#9949,#2141);
#1555=LINE('',#9950,#2142);
#1556=LINE('',#9953,#2143);
#1557=LINE('',#9954,#2144);
#1558=LINE('',#9957,#2145);
#1559=LINE('',#9958,#2146);
#1560=LINE('',#9961,#2147);
#1561=LINE('',#9962,#2148);
#1562=LINE('',#9965,#2149);
#1563=LINE('',#9966,#2150);
#1564=LINE('',#9969,#2151);
#1565=LINE('',#9970,#2152);
#1566=LINE('',#9973,#2153);
#1567=LINE('',#9974,#2154);
#1568=LINE('',#9976,#2155);
#1569=LINE('',#9980,#2156);
#1570=LINE('',#9982,#2157);
#1571=LINE('',#9983,#2158);
#1572=LINE('',#9987,#2159);
#1573=LINE('',#9988,#2160);
#1574=LINE('',#9989,#2161);
#1575=LINE('',#9992,#2162);
#1576=LINE('',#9993,#2163);
#1577=LINE('',#9995,#2164);
#1578=LINE('',#9999,#2165);
#1579=LINE('',#10001,#2166);
#1580=LINE('',#10002,#2167);
#1581=LINE('',#10005,#2168);
#1582=LINE('',#10007,#2169);
#1583=LINE('',#10008,#2170);
#1584=LINE('',#10010,#2171);
#1585=LINE('',#10011,#2172);
#1586=LINE('',#10016,#2173);
#1587=LINE('',#10018,#2174);
#1588=LINE('',#10019,#2175);
#1589=LINE('',#10022,#2176);
#1590=LINE('',#10024,#2177);
#1591=LINE('',#10025,#2178);
#1592=LINE('',#10027,#2179);
#1593=LINE('',#10028,#2180);
#1594=LINE('',#10033,#2181);
#1595=LINE('',#10035,#2182);
#1596=LINE('',#10036,#2183);
#1597=LINE('',#10039,#2184);
#1598=LINE('',#10041,#2185);
#1599=LINE('',#10042,#2186);
#1600=LINE('',#10044,#2187);
#1601=LINE('',#10045,#2188);
#1602=LINE('',#10050,#2189);
#1603=LINE('',#10052,#2190);
#1604=LINE('',#10053,#2191);
#1605=LINE('',#10056,#2192);
#1606=LINE('',#10058,#2193);
#1607=LINE('',#10059,#2194);
#1608=LINE('',#10061,#2195);
#1609=LINE('',#10062,#2196);
#1610=LINE('',#11337,#2197);
#1611=LINE('',#11339,#2198);
#1612=LINE('',#11340,#2199);
#1613=LINE('',#11343,#2200);
#1614=LINE('',#11344,#2201);
#1615=LINE('',#11347,#2202);
#1616=LINE('',#11348,#2203);
#1617=LINE('',#11350,#2204);
#1618=LINE('',#11354,#2205);
#1619=LINE('',#11356,#2206);
#1620=LINE('',#11357,#2207);
#1621=LINE('',#11360,#2208);
#1622=LINE('',#11361,#2209);
#1623=LINE('',#11364,#2210);
#1624=LINE('',#11365,#2211);
#1625=LINE('',#11367,#2212);
#1626=LINE('',#11371,#2213);
#1627=LINE('',#11372,#2214);
#1628=LINE('',#11374,#2215);
#1629=LINE('',#11378,#2216);
#1630=LINE('',#11379,#2217);
#1631=LINE('',#11381,#2218);
#1632=LINE('',#11385,#2219);
#1633=LINE('',#11387,#2220);
#1634=LINE('',#11388,#2221);
#1635=LINE('',#11391,#2222);
#1636=LINE('',#11393,#2223);
#1637=LINE('',#11394,#2224);
#1638=LINE('',#11396,#2225);
#1639=LINE('',#11397,#2226);
#1640=LINE('',#11402,#2227);
#1641=LINE('',#11404,#2228);
#1642=LINE('',#11405,#2229);
#1643=LINE('',#11408,#2230);
#1644=LINE('',#11410,#2231);
#1645=LINE('',#11411,#2232);
#1646=LINE('',#11413,#2233);
#1647=LINE('',#11414,#2234);
#1648=LINE('',#11419,#2235);
#1649=LINE('',#11421,#2236);
#1650=LINE('',#11422,#2237);
#1651=LINE('',#11425,#2238);
#1652=LINE('',#11427,#2239);
#1653=LINE('',#11428,#2240);
#1654=LINE('',#11430,#2241);
#1655=LINE('',#11431,#2242);
#1656=LINE('',#11436,#2243);
#1657=LINE('',#11438,#2244);
#1658=LINE('',#11439,#2245);
#1659=LINE('',#11442,#2246);
#1660=LINE('',#11444,#2247);
#1661=LINE('',#11445,#2248);
#1662=LINE('',#11447,#2249);
#1663=LINE('',#11448,#2250);
#1664=VECTOR('',#5253,0.062992125984252);
#1665=VECTOR('',#5260,0.062992125984252);
#1666=VECTOR('',#5265,39.3700787401575);
#1667=VECTOR('',#5266,39.3700787401575);
#1668=VECTOR('',#5267,39.3700787401575);
#1669=VECTOR('',#5268,39.3700787401575);
#1670=VECTOR('',#5269,39.3700787401575);
#1671=VECTOR('',#5270,39.3700787401575);
#1672=VECTOR('',#5271,39.3700787401575);
#1673=VECTOR('',#5272,39.3700787401575);
#1674=VECTOR('',#5273,39.3700787401575);
#1675=VECTOR('',#5274,39.3700787401575);
#1676=VECTOR('',#5275,39.3700787401575);
#1677=VECTOR('',#5276,39.3700787401575);
#1678=VECTOR('',#5277,39.3700787401575);
#1679=VECTOR('',#5278,39.3700787401575);
#1680=VECTOR('',#5279,39.3700787401575);
#1681=VECTOR('',#5280,39.3700787401575);
#1682=VECTOR('',#5281,39.3700787401575);
#1683=VECTOR('',#5282,39.3700787401575);
#1684=VECTOR('',#5283,39.3700787401575);
#1685=VECTOR('',#5284,39.3700787401575);
#1686=VECTOR('',#5285,39.3700787401575);
#1687=VECTOR('',#5286,39.3700787401575);
#1688=VECTOR('',#5287,39.3700787401575);
#1689=VECTOR('',#5288,39.3700787401575);
#1690=VECTOR('',#5289,39.3700787401575);
#1691=VECTOR('',#5290,39.3700787401575);
#1692=VECTOR('',#5291,39.3700787401575);
#1693=VECTOR('',#5292,39.3700787401575);
#1694=VECTOR('',#5293,39.3700787401575);
#1695=VECTOR('',#5294,39.3700787401575);
#1696=VECTOR('',#5295,39.3700787401575);
#1697=VECTOR('',#5296,39.3700787401575);
#1698=VECTOR('',#5297,39.3700787401575);
#1699=VECTOR('',#5298,39.3700787401575);
#1700=VECTOR('',#5299,39.3700787401575);
#1701=VECTOR('',#5300,39.3700787401575);
#1702=VECTOR('',#5301,39.3700787401575);
#1703=VECTOR('',#5302,39.3700787401575);
#1704=VECTOR('',#5303,39.3700787401575);
#1705=VECTOR('',#5304,39.3700787401575);
#1706=VECTOR('',#5305,39.3700787401575);
#1707=VECTOR('',#5306,39.3700787401575);
#1708=VECTOR('',#5307,39.3700787401575);
#1709=VECTOR('',#5308,39.3700787401575);
#1710=VECTOR('',#5309,39.3700787401575);
#1711=VECTOR('',#5310,39.3700787401575);
#1712=VECTOR('',#5311,39.3700787401575);
#1713=VECTOR('',#5312,39.3700787401575);
#1714=VECTOR('',#5313,39.3700787401575);
#1715=VECTOR('',#5314,39.3700787401575);
#1716=VECTOR('',#5315,39.3700787401575);
#1717=VECTOR('',#5316,39.3700787401575);
#1718=VECTOR('',#5317,39.3700787401575);
#1719=VECTOR('',#5318,39.3700787401575);
#1720=VECTOR('',#5319,39.3700787401575);
#1721=VECTOR('',#5320,39.3700787401575);
#1722=VECTOR('',#5321,39.3700787401575);
#1723=VECTOR('',#5322,39.3700787401575);
#1724=VECTOR('',#5323,39.3700787401575);
#1725=VECTOR('',#5324,39.3700787401575);
#1726=VECTOR('',#5325,39.3700787401575);
#1727=VECTOR('',#5326,39.3700787401575);
#1728=VECTOR('',#5327,39.3700787401575);
#1729=VECTOR('',#5328,39.3700787401575);
#1730=VECTOR('',#5329,39.3700787401575);
#1731=VECTOR('',#5330,39.3700787401575);
#1732=VECTOR('',#5333,39.3700787401575);
#1733=VECTOR('',#5334,39.3700787401575);
#1734=VECTOR('',#5335,39.3700787401575);
#1735=VECTOR('',#5336,39.3700787401575);
#1736=VECTOR('',#5337,39.3700787401575);
#1737=VECTOR('',#5338,39.3700787401575);
#1738=VECTOR('',#5339,39.3700787401575);
#1739=VECTOR('',#5340,39.3700787401575);
#1740=VECTOR('',#5341,39.3700787401575);
#1741=VECTOR('',#5342,39.3700787401575);
#1742=VECTOR('',#5343,39.3700787401575);
#1743=VECTOR('',#5344,39.3700787401575);
#1744=VECTOR('',#5345,39.3700787401575);
#1745=VECTOR('',#5346,39.3700787401575);
#1746=VECTOR('',#5347,39.3700787401575);
#1747=VECTOR('',#5348,39.3700787401575);
#1748=VECTOR('',#5349,39.3700787401575);
#1749=VECTOR('',#5350,39.3700787401575);
#1750=VECTOR('',#5351,39.3700787401575);
#1751=VECTOR('',#5352,39.3700787401575);
#1752=VECTOR('',#5355,39.3700787401575);
#1753=VECTOR('',#5356,39.3700787401575);
#1754=VECTOR('',#5357,39.3700787401575);
#1755=VECTOR('',#5358,39.3700787401575);
#1756=VECTOR('',#5359,39.3700787401575);
#1757=VECTOR('',#5362,39.3700787401575);
#1758=VECTOR('',#5363,39.3700787401575);
#1759=VECTOR('',#5364,39.3700787401575);
#1760=VECTOR('',#5365,39.3700787401575);
#1761=VECTOR('',#5368,39.3700787401575);
#1762=VECTOR('',#5369,39.3700787401575);
#1763=VECTOR('',#5370,39.3700787401575);
#1764=VECTOR('',#5371,39.3700787401575);
#1765=VECTOR('',#5372,39.3700787401575);
#1766=VECTOR('',#5375,39.3700787401575);
#1767=VECTOR('',#5376,39.3700787401575);
#1768=VECTOR('',#5377,39.3700787401575);
#1769=VECTOR('',#5378,39.3700787401575);
#1770=VECTOR('',#5381,39.3700787401575);
#1771=VECTOR('',#5382,39.3700787401575);
#1772=VECTOR('',#5383,39.3700787401575);
#1773=VECTOR('',#5384,39.3700787401575);
#1774=VECTOR('',#5385,39.3700787401575);
#1775=VECTOR('',#5386,39.3700787401575);
#1776=VECTOR('',#5387,39.3700787401575);
#1777=VECTOR('',#5388,39.3700787401575);
#1778=VECTOR('',#5391,39.3700787401575);
#1779=VECTOR('',#5392,39.3700787401575);
#1780=VECTOR('',#5393,39.3700787401575);
#1781=VECTOR('',#5394,39.3700787401575);
#1782=VECTOR('',#5395,39.3700787401575);
#1783=VECTOR('',#5396,39.3700787401575);
#1784=VECTOR('',#5397,39.3700787401575);
#1785=VECTOR('',#5398,39.3700787401575);
#1786=VECTOR('',#5399,39.3700787401575);
#1787=VECTOR('',#5400,39.3700787401575);
#1788=VECTOR('',#5401,39.3700787401575);
#1789=VECTOR('',#5404,39.3700787401575);
#1790=VECTOR('',#5407,39.3700787401575);
#1791=VECTOR('',#5408,39.3700787401575);
#1792=VECTOR('',#5409,39.3700787401575);
#1793=VECTOR('',#5410,39.3700787401575);
#1794=VECTOR('',#5411,39.3700787401575);
#1795=VECTOR('',#5412,39.3700787401575);
#1796=VECTOR('',#5413,39.3700787401575);
#1797=VECTOR('',#5414,39.3700787401575);
#1798=VECTOR('',#5415,39.3700787401575);
#1799=VECTOR('',#5416,39.3700787401575);
#1800=VECTOR('',#5417,39.3700787401575);
#1801=VECTOR('',#5418,39.3700787401575);
#1802=VECTOR('',#5421,39.3700787401575);
#1803=VECTOR('',#5422,39.3700787401575);
#1804=VECTOR('',#5423,39.3700787401575);
#1805=VECTOR('',#5424,39.3700787401575);
#1806=VECTOR('',#5425,39.3700787401575);
#1807=VECTOR('',#5426,39.3700787401575);
#1808=VECTOR('',#5427,39.3700787401575);
#1809=VECTOR('',#5430,39.3700787401575);
#1810=VECTOR('',#5433,39.3700787401575);
#1811=VECTOR('',#5434,39.3700787401575);
#1812=VECTOR('',#5435,39.3700787401575);
#1813=VECTOR('',#5436,39.3700787401575);
#1814=VECTOR('',#5437,39.3700787401575);
#1815=VECTOR('',#5438,39.3700787401575);
#1816=VECTOR('',#5439,39.3700787401575);
#1817=VECTOR('',#5440,39.3700787401575);
#1818=VECTOR('',#5441,39.3700787401575);
#1819=VECTOR('',#5442,39.3700787401575);
#1820=VECTOR('',#5443,39.3700787401575);
#1821=VECTOR('',#5444,39.3700787401575);
#1822=VECTOR('',#5445,39.3700787401575);
#1823=VECTOR('',#5446,39.3700787401575);
#1824=VECTOR('',#5447,39.3700787401575);
#1825=VECTOR('',#5448,39.3700787401575);
#1826=VECTOR('',#5449,39.3700787401575);
#1827=VECTOR('',#5450,39.3700787401575);
#1828=VECTOR('',#5451,39.3700787401575);
#1829=VECTOR('',#5452,39.3700787401575);
#1830=VECTOR('',#5453,39.3700787401575);
#1831=VECTOR('',#5454,39.3700787401575);
#1832=VECTOR('',#5455,39.3700787401575);
#1833=VECTOR('',#5456,39.3700787401575);
#1834=VECTOR('',#5457,39.3700787401575);
#1835=VECTOR('',#5458,39.3700787401575);
#1836=VECTOR('',#5459,39.3700787401575);
#1837=VECTOR('',#5460,39.3700787401575);
#1838=VECTOR('',#5461,39.3700787401575);
#1839=VECTOR('',#5462,39.3700787401575);
#1840=VECTOR('',#5463,39.3700787401575);
#1841=VECTOR('',#5464,39.3700787401575);
#1842=VECTOR('',#5465,39.3700787401575);
#1843=VECTOR('',#5466,39.3700787401575);
#1844=VECTOR('',#5467,39.3700787401575);
#1845=VECTOR('',#5468,39.3700787401575);
#1846=VECTOR('',#5469,39.3700787401575);
#1847=VECTOR('',#5470,39.3700787401575);
#1848=VECTOR('',#5471,39.3700787401575);
#1849=VECTOR('',#5472,39.3700787401575);
#1850=VECTOR('',#5473,39.3700787401575);
#1851=VECTOR('',#5474,39.3700787401575);
#1852=VECTOR('',#5475,39.3700787401575);
#1853=VECTOR('',#5476,39.3700787401575);
#1854=VECTOR('',#5477,39.3700787401575);
#1855=VECTOR('',#5478,39.3700787401575);
#1856=VECTOR('',#5479,39.3700787401575);
#1857=VECTOR('',#5480,39.3700787401575);
#1858=VECTOR('',#5481,39.3700787401575);
#1859=VECTOR('',#5482,39.3700787401575);
#1860=VECTOR('',#5483,39.3700787401575);
#1861=VECTOR('',#5484,39.3700787401575);
#1862=VECTOR('',#5485,39.3700787401575);
#1863=VECTOR('',#5486,39.3700787401575);
#1864=VECTOR('',#5487,39.3700787401575);
#1865=VECTOR('',#5488,39.3700787401575);
#1866=VECTOR('',#5489,39.3700787401575);
#1867=VECTOR('',#5490,39.3700787401575);
#1868=VECTOR('',#5491,39.3700787401575);
#1869=VECTOR('',#5492,39.3700787401575);
#1870=VECTOR('',#5493,39.3700787401575);
#1871=VECTOR('',#5494,39.3700787401575);
#1872=VECTOR('',#5495,39.3700787401575);
#1873=VECTOR('',#5496,39.3700787401575);
#1874=VECTOR('',#5497,39.3700787401575);
#1875=VECTOR('',#5498,39.3700787401575);
#1876=VECTOR('',#5499,39.3700787401575);
#1877=VECTOR('',#5500,39.3700787401575);
#1878=VECTOR('',#5501,39.3700787401575);
#1879=VECTOR('',#5502,39.3700787401575);
#1880=VECTOR('',#5503,39.3700787401575);
#1881=VECTOR('',#5504,39.3700787401575);
#1882=VECTOR('',#5505,39.3700787401575);
#1883=VECTOR('',#5508,39.3700787401575);
#1884=VECTOR('',#5515,39.3700787401575);
#1885=VECTOR('',#5516,39.3700787401575);
#1886=VECTOR('',#5517,39.3700787401575);
#1887=VECTOR('',#5518,39.3700787401575);
#1888=VECTOR('',#5519,39.3700787401575);
#1889=VECTOR('',#5520,39.3700787401575);
#1890=VECTOR('',#5521,39.3700787401575);
#1891=VECTOR('',#5522,39.3700787401575);
#1892=VECTOR('',#5523,39.3700787401575);
#1893=VECTOR('',#5524,39.3700787401575);
#1894=VECTOR('',#5525,39.3700787401575);
#1895=VECTOR('',#5526,39.3700787401575);
#1896=VECTOR('',#5529,39.3700787401575);
#1897=VECTOR('',#5532,39.3700787401575);
#1898=VECTOR('',#5537,39.3700787401575);
#1899=VECTOR('',#5540,39.3700787401575);
#1900=VECTOR('',#5543,39.3700787401575);
#1901=VECTOR('',#5546,39.3700787401575);
#1902=VECTOR('',#5549,39.3700787401575);
#1903=VECTOR('',#5552,39.3700787401575);
#1904=VECTOR('',#5555,39.3700787401575);
#1905=VECTOR('',#5558,39.3700787401575);
#1906=VECTOR('',#5563,39.3700787401575);
#1907=VECTOR('',#5564,39.3700787401575);
#1908=VECTOR('',#5567,39.3700787401575);
#1909=VECTOR('',#5568,39.3700787401575);
#1910=VECTOR('',#5569,39.3700787401575);
#1911=VECTOR('',#5572,39.3700787401575);
#1912=VECTOR('',#5573,39.3700787401575);
#1913=VECTOR('',#5576,39.3700787401575);
#1914=VECTOR('',#5577,39.3700787401575);
#1915=VECTOR('',#5584,39.3700787401575);
#1916=VECTOR('',#5585,39.3700787401575);
#1917=VECTOR('',#5588,39.3700787401575);
#1918=VECTOR('',#5589,39.3700787401575);
#1919=VECTOR('',#5590,39.3700787401575);
#1920=VECTOR('',#5593,39.3700787401575);
#1921=VECTOR('',#5594,39.3700787401575);
#1922=VECTOR('',#5597,39.3700787401575);
#1923=VECTOR('',#5598,39.3700787401575);
#1924=VECTOR('',#5605,39.3700787401575);
#1925=VECTOR('',#5606,39.3700787401575);
#1926=VECTOR('',#5607,39.3700787401575);
#1927=VECTOR('',#5610,39.3700787401575);
#1928=VECTOR('',#5611,39.3700787401575);
#1929=VECTOR('',#5612,39.3700787401575);
#1930=VECTOR('',#5615,39.3700787401575);
#1931=VECTOR('',#5616,39.3700787401575);
#1932=VECTOR('',#5623,39.3700787401575);
#1933=VECTOR('',#5624,39.3700787401575);
#1934=VECTOR('',#5625,39.3700787401575);
#1935=VECTOR('',#5628,39.3700787401575);
#1936=VECTOR('',#5629,39.3700787401575);
#1937=VECTOR('',#5630,39.3700787401575);
#1938=VECTOR('',#5633,39.3700787401575);
#1939=VECTOR('',#5634,39.3700787401575);
#1940=VECTOR('',#5641,39.3700787401575);
#1941=VECTOR('',#5642,39.3700787401575);
#1942=VECTOR('',#5643,39.3700787401575);
#1943=VECTOR('',#5646,39.3700787401575);
#1944=VECTOR('',#5647,39.3700787401575);
#1945=VECTOR('',#5648,39.3700787401575);
#1946=VECTOR('',#5651,39.3700787401575);
#1947=VECTOR('',#5652,39.3700787401575);
#1948=VECTOR('',#5659,39.3700787401575);
#1949=VECTOR('',#5660,39.3700787401575);
#1950=VECTOR('',#5661,39.3700787401575);
#1951=VECTOR('',#5664,39.3700787401575);
#1952=VECTOR('',#5665,39.3700787401575);
#1953=VECTOR('',#5666,39.3700787401575);
#1954=VECTOR('',#5669,39.3700787401575);
#1955=VECTOR('',#5670,39.3700787401575);
#1956=VECTOR('',#5677,39.3700787401575);
#1957=VECTOR('',#5678,39.3700787401575);
#1958=VECTOR('',#5679,39.3700787401575);
#1959=VECTOR('',#5682,39.3700787401575);
#1960=VECTOR('',#5683,39.3700787401575);
#1961=VECTOR('',#5684,39.3700787401575);
#1962=VECTOR('',#5687,39.3700787401575);
#1963=VECTOR('',#5688,39.3700787401575);
#1964=VECTOR('',#5695,39.3700787401575);
#1965=VECTOR('',#5696,39.3700787401575);
#1966=VECTOR('',#5697,39.3700787401575);
#1967=VECTOR('',#5700,39.3700787401575);
#1968=VECTOR('',#5701,39.3700787401575);
#1969=VECTOR('',#5704,39.3700787401575);
#1970=VECTOR('',#5705,39.3700787401575);
#1971=VECTOR('',#5708,39.3700787401575);
#1972=VECTOR('',#5709,39.3700787401575);
#1973=VECTOR('',#5712,39.3700787401575);
#1974=VECTOR('',#5713,39.3700787401575);
#1975=VECTOR('',#5716,39.3700787401575);
#1976=VECTOR('',#5717,39.3700787401575);
#1977=VECTOR('',#5720,39.3700787401575);
#1978=VECTOR('',#5721,39.3700787401575);
#1979=VECTOR('',#5724,39.3700787401575);
#1980=VECTOR('',#5727,39.3700787401575);
#1981=VECTOR('',#5728,39.3700787401575);
#1982=VECTOR('',#5729,39.3700787401575);
#1983=VECTOR('',#5732,39.3700787401575);
#1984=VECTOR('',#5733,39.3700787401575);
#1985=VECTOR('',#5734,39.3700787401575);
#1986=VECTOR('',#5737,39.3700787401575);
#1987=VECTOR('',#5738,39.3700787401575);
#1988=VECTOR('',#5741,39.3700787401575);
#1989=VECTOR('',#5746,39.3700787401575);
#1990=VECTOR('',#5747,39.3700787401575);
#1991=VECTOR('',#5748,39.3700787401575);
#1992=VECTOR('',#5751,39.3700787401575);
#1993=VECTOR('',#5752,39.3700787401575);
#1994=VECTOR('',#5753,39.3700787401575);
#1995=VECTOR('',#5754,39.3700787401575);
#1996=VECTOR('',#5755,39.3700787401575);
#1997=VECTOR('',#5758,39.3700787401575);
#1998=VECTOR('',#5759,39.3700787401575);
#1999=VECTOR('',#5762,39.3700787401575);
#2000=VECTOR('',#5763,39.3700787401575);
#2001=VECTOR('',#5766,39.3700787401575);
#2002=VECTOR('',#5767,39.3700787401575);
#2003=VECTOR('',#5770,39.3700787401575);
#2004=VECTOR('',#5771,39.3700787401575);
#2005=VECTOR('',#5774,39.3700787401575);
#2006=VECTOR('',#5775,39.3700787401575);
#2007=VECTOR('',#5778,39.3700787401575);
#2008=VECTOR('',#5781,39.3700787401575);
#2009=VECTOR('',#5782,39.3700787401575);
#2010=VECTOR('',#5783,39.3700787401575);
#2011=VECTOR('',#5786,39.3700787401575);
#2012=VECTOR('',#5787,39.3700787401575);
#2013=VECTOR('',#5788,39.3700787401575);
#2014=VECTOR('',#5789,39.3700787401575);
#2015=VECTOR('',#5790,39.3700787401575);
#2016=VECTOR('',#5793,39.3700787401575);
#2017=VECTOR('',#5794,39.3700787401575);
#2018=VECTOR('',#5797,39.3700787401575);
#2019=VECTOR('',#5802,39.3700787401575);
#2020=VECTOR('',#5803,39.3700787401575);
#2021=VECTOR('',#5804,39.3700787401575);
#2022=VECTOR('',#5807,39.3700787401575);
#2023=VECTOR('',#5808,39.3700787401575);
#2024=VECTOR('',#5811,39.3700787401575);
#2025=VECTOR('',#5812,39.3700787401575);
#2026=VECTOR('',#5813,39.3700787401575);
#2027=VECTOR('',#5814,39.3700787401575);
#2028=VECTOR('',#5817,39.3700787401575);
#2029=VECTOR('',#5818,39.3700787401575);
#2030=VECTOR('',#5819,39.3700787401575);
#2031=VECTOR('',#5820,39.3700787401575);
#2032=VECTOR('',#5825,39.3700787401575);
#2033=VECTOR('',#5826,39.3700787401575);
#2034=VECTOR('',#5827,39.3700787401575);
#2035=VECTOR('',#5830,39.3700787401575);
#2036=VECTOR('',#5831,39.3700787401575);
#2037=VECTOR('',#5832,39.3700787401575);
#2038=VECTOR('',#5833,39.3700787401575);
#2039=VECTOR('',#5834,39.3700787401575);
#2040=VECTOR('',#5835,39.3700787401575);
#2041=VECTOR('',#5838,39.3700787401575);
#2042=VECTOR('',#5839,39.3700787401575);
#2043=VECTOR('',#5842,39.3700787401575);
#2044=VECTOR('',#5843,39.3700787401575);
#2045=VECTOR('',#5846,39.3700787401575);
#2046=VECTOR('',#5849,39.3700787401575);
#2047=VECTOR('',#5850,39.3700787401575);
#2048=VECTOR('',#5851,39.3700787401575);
#2049=VECTOR('',#5854,39.3700787401575);
#2050=VECTOR('',#5855,39.3700787401575);
#2051=VECTOR('',#5856,39.3700787401575);
#2052=VECTOR('',#5857,39.3700787401575);
#2053=VECTOR('',#5858,39.3700787401575);
#2054=VECTOR('',#5861,39.3700787401575);
#2055=VECTOR('',#5862,39.3700787401575);
#2056=VECTOR('',#5865,39.3700787401575);
#2057=VECTOR('',#5870,39.3700787401575);
#2058=VECTOR('',#5871,39.3700787401575);
#2059=VECTOR('',#5872,39.3700787401575);
#2060=VECTOR('',#5875,39.3700787401575);
#2061=VECTOR('',#5876,39.3700787401575);
#2062=VECTOR('',#5879,39.3700787401575);
#2063=VECTOR('',#5880,39.3700787401575);
#2064=VECTOR('',#5883,39.3700787401575);
#2065=VECTOR('',#5884,39.3700787401575);
#2066=VECTOR('',#5887,39.3700787401575);
#2067=VECTOR('',#5888,39.3700787401575);
#2068=VECTOR('',#5891,39.3700787401575);
#2069=VECTOR('',#5896,39.3700787401575);
#2070=VECTOR('',#5897,39.3700787401575);
#2071=VECTOR('',#5898,39.3700787401575);
#2072=VECTOR('',#5901,39.3700787401575);
#2073=VECTOR('',#5902,39.3700787401575);
#2074=VECTOR('',#5905,39.3700787401575);
#2075=VECTOR('',#5906,39.3700787401575);
#2076=VECTOR('',#5909,39.3700787401575);
#2077=VECTOR('',#5910,39.3700787401575);
#2078=VECTOR('',#5913,39.3700787401575);
#2079=VECTOR('',#5914,39.3700787401575);
#2080=VECTOR('',#5917,39.3700787401575);
#2081=VECTOR('',#5922,39.3700787401575);
#2082=VECTOR('',#5923,39.3700787401575);
#2083=VECTOR('',#5924,39.3700787401575);
#2084=VECTOR('',#5927,39.3700787401575);
#2085=VECTOR('',#5928,39.3700787401575);
#2086=VECTOR('',#5931,39.3700787401575);
#2087=VECTOR('',#5932,39.3700787401575);
#2088=VECTOR('',#5935,39.3700787401575);
#2089=VECTOR('',#5936,39.3700787401575);
#2090=VECTOR('',#5939,39.3700787401575);
#2091=VECTOR('',#5940,39.3700787401575);
#2092=VECTOR('',#5943,39.3700787401575);
#2093=VECTOR('',#5944,39.3700787401575);
#2094=VECTOR('',#5947,39.3700787401575);
#2095=VECTOR('',#5948,39.3700787401575);
#2096=VECTOR('',#5951,39.3700787401575);
#2097=VECTOR('',#5954,39.3700787401575);
#2098=VECTOR('',#5955,39.3700787401575);
#2099=VECTOR('',#5956,39.3700787401575);
#2100=VECTOR('',#5959,39.3700787401575);
#2101=VECTOR('',#5960,39.3700787401575);
#2102=VECTOR('',#5961,39.3700787401575);
#2103=VECTOR('',#5964,39.3700787401575);
#2104=VECTOR('',#5965,39.3700787401575);
#2105=VECTOR('',#5968,39.3700787401575);
#2106=VECTOR('',#5973,39.3700787401575);
#2107=VECTOR('',#5974,39.3700787401575);
#2108=VECTOR('',#5975,39.3700787401575);
#2109=VECTOR('',#5978,39.3700787401575);
#2110=VECTOR('',#5979,39.3700787401575);
#2111=VECTOR('',#5982,39.3700787401575);
#2112=VECTOR('',#5983,39.3700787401575);
#2113=VECTOR('',#5986,39.3700787401575);
#2114=VECTOR('',#5991,39.3700787401575);
#2115=VECTOR('',#5992,39.3700787401575);
#2116=VECTOR('',#5993,39.3700787401575);
#2117=VECTOR('',#5996,39.3700787401575);
#2118=VECTOR('',#5997,39.3700787401575);
#2119=VECTOR('',#6000,39.3700787401575);
#2120=VECTOR('',#6001,39.3700787401575);
#2121=VECTOR('',#6004,39.3700787401575);
#2122=VECTOR('',#6005,39.3700787401575);
#2123=VECTOR('',#6008,39.3700787401575);
#2124=VECTOR('',#6009,39.3700787401575);
#2125=VECTOR('',#6012,39.3700787401575);
#2126=VECTOR('',#6013,39.3700787401575);
#2127=VECTOR('',#6016,39.3700787401575);
#2128=VECTOR('',#6017,39.3700787401575);
#2129=VECTOR('',#6020,39.3700787401575);
#2130=VECTOR('',#6021,39.3700787401575);
#2131=VECTOR('',#6024,39.3700787401575);
#2132=VECTOR('',#6025,39.3700787401575);
#2133=VECTOR('',#6028,39.3700787401575);
#2134=VECTOR('',#6029,39.3700787401575);
#2135=VECTOR('',#6032,39.3700787401575);
#2136=VECTOR('',#6033,39.3700787401575);
#2137=VECTOR('',#6036,39.3700787401575);
#2138=VECTOR('',#6037,39.3700787401575);
#2139=VECTOR('',#6040,39.3700787401575);
#2140=VECTOR('',#6045,39.3700787401575);
#2141=VECTOR('',#6046,39.3700787401575);
#2142=VECTOR('',#6047,39.3700787401575);
#2143=VECTOR('',#6050,39.3700787401575);
#2144=VECTOR('',#6051,39.3700787401575);
#2145=VECTOR('',#6054,39.3700787401575);
#2146=VECTOR('',#6055,39.3700787401575);
#2147=VECTOR('',#6058,39.3700787401575);
#2148=VECTOR('',#6059,39.3700787401575);
#2149=VECTOR('',#6062,39.3700787401575);
#2150=VECTOR('',#6063,39.3700787401575);
#2151=VECTOR('',#6066,39.3700787401575);
#2152=VECTOR('',#6067,39.3700787401575);
#2153=VECTOR('',#6070,39.3700787401575);
#2154=VECTOR('',#6071,39.3700787401575);
#2155=VECTOR('',#6074,39.3700787401575);
#2156=VECTOR('',#6077,39.3700787401575);
#2157=VECTOR('',#6078,39.3700787401575);
#2158=VECTOR('',#6079,39.3700787401575);
#2159=VECTOR('',#6082,39.3700787401575);
#2160=VECTOR('',#6083,39.3700787401575);
#2161=VECTOR('',#6084,39.3700787401575);
#2162=VECTOR('',#6087,39.3700787401575);
#2163=VECTOR('',#6088,39.3700787401575);
#2164=VECTOR('',#6091,39.3700787401575);
#2165=VECTOR('',#6096,39.3700787401575);
#2166=VECTOR('',#6097,39.3700787401575);
#2167=VECTOR('',#6098,39.3700787401575);
#2168=VECTOR('',#6101,39.3700787401575);
#2169=VECTOR('',#6102,39.3700787401575);
#2170=VECTOR('',#6103,39.3700787401575);
#2171=VECTOR('',#6106,39.3700787401575);
#2172=VECTOR('',#6107,39.3700787401575);
#2173=VECTOR('',#6114,39.3700787401575);
#2174=VECTOR('',#6115,39.3700787401575);
#2175=VECTOR('',#6116,39.3700787401575);
#2176=VECTOR('',#6119,39.3700787401575);
#2177=VECTOR('',#6120,39.3700787401575);
#2178=VECTOR('',#6121,39.3700787401575);
#2179=VECTOR('',#6124,39.3700787401575);
#2180=VECTOR('',#6125,39.3700787401575);
#2181=VECTOR('',#6132,39.3700787401575);
#2182=VECTOR('',#6133,39.3700787401575);
#2183=VECTOR('',#6134,39.3700787401575);
#2184=VECTOR('',#6137,39.3700787401575);
#2185=VECTOR('',#6138,39.3700787401575);
#2186=VECTOR('',#6139,39.3700787401575);
#2187=VECTOR('',#6142,39.3700787401575);
#2188=VECTOR('',#6143,39.3700787401575);
#2189=VECTOR('',#6150,39.3700787401575);
#2190=VECTOR('',#6151,39.3700787401575);
#2191=VECTOR('',#6152,39.3700787401575);
#2192=VECTOR('',#6155,39.3700787401575);
#2193=VECTOR('',#6156,39.3700787401575);
#2194=VECTOR('',#6157,39.3700787401575);
#2195=VECTOR('',#6160,39.3700787401575);
#2196=VECTOR('',#6161,39.3700787401575);
#2197=VECTOR('',#6180,39.3700787401575);
#2198=VECTOR('',#6181,39.3700787401575);
#2199=VECTOR('',#6182,39.3700787401575);
#2200=VECTOR('',#6185,39.3700787401575);
#2201=VECTOR('',#6186,39.3700787401575);
#2202=VECTOR('',#6189,39.3700787401575);
#2203=VECTOR('',#6190,39.3700787401575);
#2204=VECTOR('',#6193,39.3700787401575);
#2205=VECTOR('',#6198,39.3700787401575);
#2206=VECTOR('',#6199,39.3700787401575);
#2207=VECTOR('',#6200,39.3700787401575);
#2208=VECTOR('',#6203,39.3700787401575);
#2209=VECTOR('',#6204,39.3700787401575);
#2210=VECTOR('',#6207,39.3700787401575);
#2211=VECTOR('',#6208,39.3700787401575);
#2212=VECTOR('',#6211,39.3700787401575);
#2213=VECTOR('',#6216,39.3700787401575);
#2214=VECTOR('',#6217,39.3700787401575);
#2215=VECTOR('',#6220,39.3700787401575);
#2216=VECTOR('',#6225,39.3700787401575);
#2217=VECTOR('',#6226,39.3700787401575);
#2218=VECTOR('',#6229,39.3700787401575);
#2219=VECTOR('',#6234,39.3700787401575);
#2220=VECTOR('',#6235,39.3700787401575);
#2221=VECTOR('',#6236,39.3700787401575);
#2222=VECTOR('',#6239,39.3700787401575);
#2223=VECTOR('',#6240,39.3700787401575);
#2224=VECTOR('',#6241,39.3700787401575);
#2225=VECTOR('',#6244,39.3700787401575);
#2226=VECTOR('',#6245,39.3700787401575);
#2227=VECTOR('',#6252,39.3700787401575);
#2228=VECTOR('',#6253,39.3700787401575);
#2229=VECTOR('',#6254,39.3700787401575);
#2230=VECTOR('',#6257,39.3700787401575);
#2231=VECTOR('',#6258,39.3700787401575);
#2232=VECTOR('',#6259,39.3700787401575);
#2233=VECTOR('',#6262,39.3700787401575);
#2234=VECTOR('',#6263,39.3700787401575);
#2235=VECTOR('',#6270,39.3700787401575);
#2236=VECTOR('',#6271,39.3700787401575);
#2237=VECTOR('',#6272,39.3700787401575);
#2238=VECTOR('',#6275,39.3700787401575);
#2239=VECTOR('',#6276,39.3700787401575);
#2240=VECTOR('',#6277,39.3700787401575);
#2241=VECTOR('',#6280,39.3700787401575);
#2242=VECTOR('',#6281,39.3700787401575);
#2243=VECTOR('',#6288,39.3700787401575);
#2244=VECTOR('',#6289,39.3700787401575);
#2245=VECTOR('',#6290,39.3700787401575);
#2246=VECTOR('',#6293,39.3700787401575);
#2247=VECTOR('',#6294,39.3700787401575);
#2248=VECTOR('',#6295,39.3700787401575);
#2249=VECTOR('',#6298,39.3700787401575);
#2250=VECTOR('',#6299,39.3700787401575);
#2251=CIRCLE('',#5009,0.062992125984252);
#2252=CIRCLE('',#5010,0.062992125984252);
#2253=CIRCLE('',#5012,0.062992125984252);
#2254=CIRCLE('',#5013,0.062992125984252);
#2255=VERTEX_POINT('',#6313);
#2256=VERTEX_POINT('',#6315);
#2257=VERTEX_POINT('',#6319);
#2258=VERTEX_POINT('',#6321);
#2259=VERTEX_POINT('',#6510);
#2260=VERTEX_POINT('',#6511);
#2261=VERTEX_POINT('',#6536);
#2262=VERTEX_POINT('',#6543);
#2263=VERTEX_POINT('',#6761);
#2264=VERTEX_POINT('',#6762);
#2265=VERTEX_POINT('',#6787);
#2266=VERTEX_POINT('',#6794);
#2267=VERTEX_POINT('',#7012);
#2268=VERTEX_POINT('',#7013);
#2269=VERTEX_POINT('',#7036);
#2270=VERTEX_POINT('',#7043);
#2271=VERTEX_POINT('',#7261);
#2272=VERTEX_POINT('',#7262);
#2273=VERTEX_POINT('',#7285);
#2274=VERTEX_POINT('',#7292);
#2275=VERTEX_POINT('',#7510);
#2276=VERTEX_POINT('',#7511);
#2277=VERTEX_POINT('',#7534);
#2278=VERTEX_POINT('',#7541);
#2279=VERTEX_POINT('',#7759);
#2280=VERTEX_POINT('',#7760);
#2281=VERTEX_POINT('',#7783);
#2282=VERTEX_POINT('',#7790);
#2283=VERTEX_POINT('',#7823);
#2284=VERTEX_POINT('',#7824);
#2285=VERTEX_POINT('',#7826);
#2286=VERTEX_POINT('',#7828);
#2287=VERTEX_POINT('',#7830);
#2288=VERTEX_POINT('',#7832);
#2289=VERTEX_POINT('',#7834);
#2290=VERTEX_POINT('',#7836);
#2291=VERTEX_POINT('',#7838);
#2292=VERTEX_POINT('',#7840);
#2293=VERTEX_POINT('',#7842);
#2294=VERTEX_POINT('',#7844);
#2295=VERTEX_POINT('',#7846);
#2296=VERTEX_POINT('',#7848);
#2297=VERTEX_POINT('',#7851);
#2298=VERTEX_POINT('',#7852);
#2299=VERTEX_POINT('',#7854);
#2300=VERTEX_POINT('',#7856);
#2301=VERTEX_POINT('',#7859);
#2302=VERTEX_POINT('',#7860);
#2303=VERTEX_POINT('',#7862);
#2304=VERTEX_POINT('',#7864);
#2305=VERTEX_POINT('',#7867);
#2306=VERTEX_POINT('',#7868);
#2307=VERTEX_POINT('',#7870);
#2308=VERTEX_POINT('',#7872);
#2309=VERTEX_POINT('',#7875);
#2310=VERTEX_POINT('',#7876);
#2311=VERTEX_POINT('',#7878);
#2312=VERTEX_POINT('',#7880);
#2313=VERTEX_POINT('',#7883);
#2314=VERTEX_POINT('',#7884);
#2315=VERTEX_POINT('',#7886);
#2316=VERTEX_POINT('',#7888);
#2317=VERTEX_POINT('',#7891);
#2318=VERTEX_POINT('',#7892);
#2319=VERTEX_POINT('',#7894);
#2320=VERTEX_POINT('',#7896);
#2321=VERTEX_POINT('',#7899);
#2322=VERTEX_POINT('',#7900);
#2323=VERTEX_POINT('',#7902);
#2324=VERTEX_POINT('',#7904);
#2325=VERTEX_POINT('',#7907);
#2326=VERTEX_POINT('',#7908);
#2327=VERTEX_POINT('',#7910);
#2328=VERTEX_POINT('',#7912);
#2329=VERTEX_POINT('',#7915);
#2330=VERTEX_POINT('',#7916);
#2331=VERTEX_POINT('',#7918);
#2332=VERTEX_POINT('',#7920);
#2333=VERTEX_POINT('',#7923);
#2334=VERTEX_POINT('',#7924);
#2335=VERTEX_POINT('',#7926);
#2336=VERTEX_POINT('',#7928);
#2337=VERTEX_POINT('',#7931);
#2338=VERTEX_POINT('',#7932);
#2339=VERTEX_POINT('',#7934);
#2340=VERTEX_POINT('',#7936);
#2341=VERTEX_POINT('',#7939);
#2342=VERTEX_POINT('',#7940);
#2343=VERTEX_POINT('',#7942);
#2344=VERTEX_POINT('',#7944);
#2345=VERTEX_POINT('',#7947);
#2346=VERTEX_POINT('',#7948);
#2347=VERTEX_POINT('',#7950);
#2348=VERTEX_POINT('',#7952);
#2349=VERTEX_POINT('',#7956);
#2350=VERTEX_POINT('',#7957);
#2351=VERTEX_POINT('',#7959);
#2352=VERTEX_POINT('',#7961);
#2353=VERTEX_POINT('',#7963);
#2354=VERTEX_POINT('',#7965);
#2355=VERTEX_POINT('',#7967);
#2356=VERTEX_POINT('',#7969);
#2357=VERTEX_POINT('',#7971);
#2358=VERTEX_POINT('',#7973);
#2359=VERTEX_POINT('',#7975);
#2360=VERTEX_POINT('',#7977);
#2361=VERTEX_POINT('',#7979);
#2362=VERTEX_POINT('',#7981);
#2363=VERTEX_POINT('',#7983);
#2364=VERTEX_POINT('',#7985);
#2365=VERTEX_POINT('',#7987);
#2366=VERTEX_POINT('',#7989);
#2367=VERTEX_POINT('',#7991);
#2368=VERTEX_POINT('',#7993);
#2369=VERTEX_POINT('',#7997);
#2370=VERTEX_POINT('',#7999);
#2371=VERTEX_POINT('',#8001);
#2372=VERTEX_POINT('',#8003);
#2373=VERTEX_POINT('',#8007);
#2374=VERTEX_POINT('',#8009);
#2375=VERTEX_POINT('',#8014);
#2376=VERTEX_POINT('',#8016);
#2377=VERTEX_POINT('',#8018);
#2378=VERTEX_POINT('',#8020);
#2379=VERTEX_POINT('',#8024);
#2380=VERTEX_POINT('',#8026);
#2381=VERTEX_POINT('',#8031);
#2382=VERTEX_POINT('',#8032);
#2383=VERTEX_POINT('',#8034);
#2384=VERTEX_POINT('',#8036);
#2385=VERTEX_POINT('',#8039);
#2386=VERTEX_POINT('',#8040);
#2387=VERTEX_POINT('',#8042);
#2388=VERTEX_POINT('',#8044);
#2389=VERTEX_POINT('',#8048);
#2390=VERTEX_POINT('',#8049);
#2391=VERTEX_POINT('',#8052);
#2392=VERTEX_POINT('',#8055);
#2393=VERTEX_POINT('',#8057);
#2394=VERTEX_POINT('',#8059);
#2395=VERTEX_POINT('',#8061);
#2396=VERTEX_POINT('',#8064);
#2397=VERTEX_POINT('',#8118);
#2398=VERTEX_POINT('',#8119);
#2399=VERTEX_POINT('',#8121);
#2400=VERTEX_POINT('',#8123);
#2401=VERTEX_POINT('',#8125);
#2402=VERTEX_POINT('',#8127);
#2403=VERTEX_POINT('',#8130);
#2404=VERTEX_POINT('',#8132);
#2405=VERTEX_POINT('',#8134);
#2406=VERTEX_POINT('',#8136);
#2407=VERTEX_POINT('',#8193);
#2408=VERTEX_POINT('',#8195);
#2409=VERTEX_POINT('',#8198);
#2410=VERTEX_POINT('',#8199);
#2411=VERTEX_POINT('',#8201);
#2412=VERTEX_POINT('',#8203);
#2413=VERTEX_POINT('',#8212);
#2414=VERTEX_POINT('',#8213);
#2415=VERTEX_POINT('',#8215);
#2416=VERTEX_POINT('',#8217);
#2417=VERTEX_POINT('',#8219);
#2418=VERTEX_POINT('',#8231);
#2419=VERTEX_POINT('',#8251);
#2420=VERTEX_POINT('',#8271);
#2421=VERTEX_POINT('',#8273);
#2422=VERTEX_POINT('',#8275);
#2423=VERTEX_POINT('',#8277);
#2424=VERTEX_POINT('',#8280);
#2425=VERTEX_POINT('',#8281);
#2426=VERTEX_POINT('',#8283);
#2427=VERTEX_POINT('',#8285);
#2428=VERTEX_POINT('',#8287);
#2429=VERTEX_POINT('',#8299);
#2430=VERTEX_POINT('',#8319);
#2431=VERTEX_POINT('',#8339);
#2432=VERTEX_POINT('',#8351);
#2433=VERTEX_POINT('',#8354);
#2434=VERTEX_POINT('',#8355);
#2435=VERTEX_POINT('',#8357);
#2436=VERTEX_POINT('',#8359);
#2437=VERTEX_POINT('',#8361);
#2438=VERTEX_POINT('',#8363);
#2439=VERTEX_POINT('',#8366);
#2440=VERTEX_POINT('',#8367);
#2441=VERTEX_POINT('',#8369);
#2442=VERTEX_POINT('',#8371);
#2443=VERTEX_POINT('',#8374);
#2444=VERTEX_POINT('',#8375);
#2445=VERTEX_POINT('',#8377);
#2446=VERTEX_POINT('',#8379);
#2447=VERTEX_POINT('',#8381);
#2448=VERTEX_POINT('',#8383);
#2449=VERTEX_POINT('',#8385);
#2450=VERTEX_POINT('',#8387);
#2451=VERTEX_POINT('',#8438);
#2452=VERTEX_POINT('',#8439);
#2453=VERTEX_POINT('',#8441);
#2454=VERTEX_POINT('',#8443);
#2455=VERTEX_POINT('',#8445);
#2456=VERTEX_POINT('',#8447);
#2457=VERTEX_POINT('',#8449);
#2458=VERTEX_POINT('',#8451);
#2459=VERTEX_POINT('',#8453);
#2460=VERTEX_POINT('',#8455);
#2461=VERTEX_POINT('',#8457);
#2462=VERTEX_POINT('',#8459);
#2463=VERTEX_POINT('',#8461);
#2464=VERTEX_POINT('',#8464);
#2465=VERTEX_POINT('',#8465);
#2466=VERTEX_POINT('',#8467);
#2467=VERTEX_POINT('',#8469);
#2468=VERTEX_POINT('',#8471);
#2469=VERTEX_POINT('',#8473);
#2470=VERTEX_POINT('',#8475);
#2471=VERTEX_POINT('',#8477);
#2472=VERTEX_POINT('',#8480);
#2473=VERTEX_POINT('',#8481);
#2474=VERTEX_POINT('',#8483);
#2475=VERTEX_POINT('',#8485);
#2476=VERTEX_POINT('',#8487);
#2477=VERTEX_POINT('',#8489);
#2478=VERTEX_POINT('',#8492);
#2479=VERTEX_POINT('',#8493);
#2480=VERTEX_POINT('',#8513);
#2481=VERTEX_POINT('',#8515);
#2482=VERTEX_POINT('',#8517);
#2483=VERTEX_POINT('',#8519);
#2484=VERTEX_POINT('',#8539);
#2485=VERTEX_POINT('',#8551);
#2486=VERTEX_POINT('',#8553);
#2487=VERTEX_POINT('',#8568);
#2488=VERTEX_POINT('',#8569);
#2489=VERTEX_POINT('',#8571);
#2490=VERTEX_POINT('',#8573);
#2491=VERTEX_POINT('',#8575);
#2492=VERTEX_POINT('',#8577);
#2493=VERTEX_POINT('',#8579);
#2494=VERTEX_POINT('',#8581);
#2495=VERTEX_POINT('',#8589);
#2496=VERTEX_POINT('',#8591);
#2497=VERTEX_POINT('',#8594);
#2498=VERTEX_POINT('',#8596);
#2499=VERTEX_POINT('',#8598);
#2500=VERTEX_POINT('',#8600);
#2501=VERTEX_POINT('',#8602);
#2502=VERTEX_POINT('',#8604);
#2503=VERTEX_POINT('',#8606);
#2504=VERTEX_POINT('',#8608);
#2505=VERTEX_POINT('',#8634);
#2506=VERTEX_POINT('',#8638);
#2507=VERTEX_POINT('',#8640);
#2508=VERTEX_POINT('',#8644);
#2509=VERTEX_POINT('',#8653);
#2510=VERTEX_POINT('',#8657);
#2511=VERTEX_POINT('',#8658);
#2512=VERTEX_POINT('',#8663);
#2513=VERTEX_POINT('',#8672);
#2514=VERTEX_POINT('',#8674);
#2515=VERTEX_POINT('',#8678);
#2516=VERTEX_POINT('',#8680);
#2517=VERTEX_POINT('',#8689);
#2518=VERTEX_POINT('',#8691);
#2519=VERTEX_POINT('',#8695);
#2520=VERTEX_POINT('',#8697);
#2521=VERTEX_POINT('',#8706);
#2522=VERTEX_POINT('',#8708);
#2523=VERTEX_POINT('',#8712);
#2524=VERTEX_POINT('',#8714);
#2525=VERTEX_POINT('',#8723);
#2526=VERTEX_POINT('',#8725);
#2527=VERTEX_POINT('',#8729);
#2528=VERTEX_POINT('',#8731);
#2529=VERTEX_POINT('',#8740);
#2530=VERTEX_POINT('',#8742);
#2531=VERTEX_POINT('',#8746);
#2532=VERTEX_POINT('',#8748);
#2533=VERTEX_POINT('',#8757);
#2534=VERTEX_POINT('',#8759);
#2535=VERTEX_POINT('',#8763);
#2536=VERTEX_POINT('',#8767);
#2537=VERTEX_POINT('',#8771);
#2538=VERTEX_POINT('',#8775);
#2539=VERTEX_POINT('',#8779);
#2540=VERTEX_POINT('',#8783);
#2541=VERTEX_POINT('',#8789);
#2542=VERTEX_POINT('',#8790);
#2543=VERTEX_POINT('',#8792);
#2544=VERTEX_POINT('',#8796);
#2545=VERTEX_POINT('',#8797);
#2546=VERTEX_POINT('',#8802);
#2547=VERTEX_POINT('',#8809);
#2548=VERTEX_POINT('',#8811);
#2549=VERTEX_POINT('',#8815);
#2550=VERTEX_POINT('',#8840);
#2551=VERTEX_POINT('',#8891);
#2552=VERTEX_POINT('',#8950);
#2553=VERTEX_POINT('',#8972);
#2554=VERTEX_POINT('',#8976);
#2555=VERTEX_POINT('',#8980);
#2556=VERTEX_POINT('',#8984);
#2557=VERTEX_POINT('',#8988);
#2558=VERTEX_POINT('',#8994);
#2559=VERTEX_POINT('',#8995);
#2560=VERTEX_POINT('',#9015);
#2561=VERTEX_POINT('',#9035);
#2562=VERTEX_POINT('',#9037);
#2563=VERTEX_POINT('',#9041);
#2564=VERTEX_POINT('',#9042);
#2565=VERTEX_POINT('',#9084);
#2566=VERTEX_POINT('',#9143);
#2567=VERTEX_POINT('',#9165);
#2568=VERTEX_POINT('',#9172);
#2569=VERTEX_POINT('',#9174);
#2570=VERTEX_POINT('',#9178);
#2571=VERTEX_POINT('',#9182);
#2572=VERTEX_POINT('',#9223);
#2573=VERTEX_POINT('',#9266);
#2574=VERTEX_POINT('',#9280);
#2575=VERTEX_POINT('',#9297);
#2576=VERTEX_POINT('',#9320);
#2577=VERTEX_POINT('',#9388);
#2578=VERTEX_POINT('',#9390);
#2579=VERTEX_POINT('',#9394);
#2580=VERTEX_POINT('',#9419);
#2581=VERTEX_POINT('',#9470);
#2582=VERTEX_POINT('',#9529);
#2583=VERTEX_POINT('',#9572);
#2584=VERTEX_POINT('',#9586);
#2585=VERTEX_POINT('',#9590);
#2586=VERTEX_POINT('',#9596);
#2587=VERTEX_POINT('',#9597);
#2588=VERTEX_POINT('',#9617);
#2589=VERTEX_POINT('',#9637);
#2590=VERTEX_POINT('',#9639);
#2591=VERTEX_POINT('',#9643);
#2592=VERTEX_POINT('',#9644);
#2593=VERTEX_POINT('',#9686);
#2594=VERTEX_POINT('',#9745);
#2595=VERTEX_POINT('',#9767);
#2596=VERTEX_POINT('',#9774);
#2597=VERTEX_POINT('',#9776);
#2598=VERTEX_POINT('',#9780);
#2599=VERTEX_POINT('',#9784);
#2600=VERTEX_POINT('',#9788);
#2601=VERTEX_POINT('',#9792);
#2602=VERTEX_POINT('',#9799);
#2603=VERTEX_POINT('',#9801);
#2604=VERTEX_POINT('',#9805);
#2605=VERTEX_POINT('',#9809);
#2606=VERTEX_POINT('',#9813);
#2607=VERTEX_POINT('',#9817);
#2608=VERTEX_POINT('',#9824);
#2609=VERTEX_POINT('',#9826);
#2610=VERTEX_POINT('',#9830);
#2611=VERTEX_POINT('',#9834);
#2612=VERTEX_POINT('',#9838);
#2613=VERTEX_POINT('',#9842);
#2614=VERTEX_POINT('',#9846);
#2615=VERTEX_POINT('',#9850);
#2616=VERTEX_POINT('',#9856);
#2617=VERTEX_POINT('',#9857);
#2618=VERTEX_POINT('',#9859);
#2619=VERTEX_POINT('',#9863);
#2620=VERTEX_POINT('',#9864);
#2621=VERTEX_POINT('',#9869);
#2622=VERTEX_POINT('',#9876);
#2623=VERTEX_POINT('',#9878);
#2624=VERTEX_POINT('',#9882);
#2625=VERTEX_POINT('',#9886);
#2626=VERTEX_POINT('',#9893);
#2627=VERTEX_POINT('',#9895);
#2628=VERTEX_POINT('',#9899);
#2629=VERTEX_POINT('',#9903);
#2630=VERTEX_POINT('',#9907);
#2631=VERTEX_POINT('',#9911);
#2632=VERTEX_POINT('',#9915);
#2633=VERTEX_POINT('',#9919);
#2634=VERTEX_POINT('',#9923);
#2635=VERTEX_POINT('',#9927);
#2636=VERTEX_POINT('',#9931);
#2637=VERTEX_POINT('',#9935);
#2638=VERTEX_POINT('',#9939);
#2639=VERTEX_POINT('',#9946);
#2640=VERTEX_POINT('',#9948);
#2641=VERTEX_POINT('',#9952);
#2642=VERTEX_POINT('',#9956);
#2643=VERTEX_POINT('',#9960);
#2644=VERTEX_POINT('',#9964);
#2645=VERTEX_POINT('',#9968);
#2646=VERTEX_POINT('',#9972);
#2647=VERTEX_POINT('',#9978);
#2648=VERTEX_POINT('',#9979);
#2649=VERTEX_POINT('',#9981);
#2650=VERTEX_POINT('',#9985);
#2651=VERTEX_POINT('',#9986);
#2652=VERTEX_POINT('',#9991);
#2653=VERTEX_POINT('',#9998);
#2654=VERTEX_POINT('',#10000);
#2655=VERTEX_POINT('',#10004);
#2656=VERTEX_POINT('',#10006);
#2657=VERTEX_POINT('',#10015);
#2658=VERTEX_POINT('',#10017);
#2659=VERTEX_POINT('',#10021);
#2660=VERTEX_POINT('',#10023);
#2661=VERTEX_POINT('',#10032);
#2662=VERTEX_POINT('',#10034);
#2663=VERTEX_POINT('',#10038);
#2664=VERTEX_POINT('',#10040);
#2665=VERTEX_POINT('',#10049);
#2666=VERTEX_POINT('',#10051);
#2667=VERTEX_POINT('',#10055);
#2668=VERTEX_POINT('',#10057);
#2669=VERTEX_POINT('',#11336);
#2670=VERTEX_POINT('',#11338);
#2671=VERTEX_POINT('',#11342);
#2672=VERTEX_POINT('',#11346);
#2673=VERTEX_POINT('',#11353);
#2674=VERTEX_POINT('',#11355);
#2675=VERTEX_POINT('',#11359);
#2676=VERTEX_POINT('',#11363);
#2677=VERTEX_POINT('',#11370);
#2678=VERTEX_POINT('',#11377);
#2679=VERTEX_POINT('',#11384);
#2680=VERTEX_POINT('',#11386);
#2681=VERTEX_POINT('',#11390);
#2682=VERTEX_POINT('',#11392);
#2683=VERTEX_POINT('',#11401);
#2684=VERTEX_POINT('',#11403);
#2685=VERTEX_POINT('',#11407);
#2686=VERTEX_POINT('',#11409);
#2687=VERTEX_POINT('',#11418);
#2688=VERTEX_POINT('',#11420);
#2689=VERTEX_POINT('',#11424);
#2690=VERTEX_POINT('',#11426);
#2691=VERTEX_POINT('',#11435);
#2692=VERTEX_POINT('',#11437);
#2693=VERTEX_POINT('',#11441);
#2694=VERTEX_POINT('',#11443);
#2695=EDGE_CURVE('',#2255,#2255,#2251,.T.);
#2696=EDGE_CURVE('',#2255,#2256,#1077,.T.);
#2697=EDGE_CURVE('',#2256,#2256,#2252,.T.);
#2698=EDGE_CURVE('',#2257,#2257,#2253,.T.);
#2699=EDGE_CURVE('',#2257,#2258,#1078,.T.);
#2700=EDGE_CURVE('',#2258,#2258,#2254,.T.);
#2701=EDGE_CURVE('',#2259,#2260,#422,.F.);
#2702=EDGE_CURVE('',#2259,#2261,#423,.T.);
#2703=EDGE_CURVE('',#2261,#2262,#424,.T.);
#2704=EDGE_CURVE('',#2260,#2262,#425,.T.);
#2705=EDGE_CURVE('',#2263,#2264,#426,.F.);
#2706=EDGE_CURVE('',#2263,#2265,#427,.T.);
#2707=EDGE_CURVE('',#2265,#2266,#428,.T.);
#2708=EDGE_CURVE('',#2264,#2266,#429,.T.);
#2709=EDGE_CURVE('',#2267,#2268,#430,.T.);
#2710=EDGE_CURVE('',#2268,#2269,#431,.T.);
#2711=EDGE_CURVE('',#2270,#2269,#432,.F.);
#2712=EDGE_CURVE('',#2267,#2270,#433,.T.);
#2713=EDGE_CURVE('',#2271,#2272,#434,.T.);
#2714=EDGE_CURVE('',#2272,#2273,#435,.T.);
#2715=EDGE_CURVE('',#2274,#2273,#436,.F.);
#2716=EDGE_CURVE('',#2271,#2274,#437,.T.);
#2717=EDGE_CURVE('',#2275,#2276,#438,.T.);
#2718=EDGE_CURVE('',#2276,#2277,#439,.T.);
#2719=EDGE_CURVE('',#2278,#2277,#440,.F.);
#2720=EDGE_CURVE('',#2275,#2278,#441,.T.);
#2721=EDGE_CURVE('',#2279,#2280,#442,.T.);
#2722=EDGE_CURVE('',#2280,#2281,#443,.T.);
#2723=EDGE_CURVE('',#2282,#2281,#444,.F.);
#2724=EDGE_CURVE('',#2279,#2282,#445,.T.);
#2725=EDGE_CURVE('',#2283,#2284,#1079,.T.);
#2726=EDGE_CURVE('',#2285,#2283,#1080,.T.);
#2727=EDGE_CURVE('',#2286,#2285,#1081,.T.);
#2728=EDGE_CURVE('',#2286,#2287,#1082,.T.);
#2729=EDGE_CURVE('',#2288,#2287,#1083,.T.);
#2730=EDGE_CURVE('',#2289,#2288,#1084,.T.);
#2731=EDGE_CURVE('',#2289,#2290,#1085,.T.);
#2732=EDGE_CURVE('',#2290,#2291,#1086,.T.);
#2733=EDGE_CURVE('',#2291,#2292,#1087,.T.);
#2734=EDGE_CURVE('',#2293,#2292,#1088,.T.);
#2735=EDGE_CURVE('',#2293,#2294,#1089,.T.);
#2736=EDGE_CURVE('',#2294,#2295,#1090,.T.);
#2737=EDGE_CURVE('',#2295,#2296,#1091,.T.);
#2738=EDGE_CURVE('',#2284,#2296,#1092,.T.);
#2739=EDGE_CURVE('',#2297,#2298,#1093,.T.);
#2740=EDGE_CURVE('',#2297,#2299,#1094,.T.);
#2741=EDGE_CURVE('',#2299,#2300,#1095,.T.);
#2742=EDGE_CURVE('',#2298,#2300,#1096,.T.);
#2743=EDGE_CURVE('',#2301,#2302,#1097,.T.);
#2744=EDGE_CURVE('',#2301,#2303,#1098,.T.);
#2745=EDGE_CURVE('',#2303,#2304,#1099,.T.);
#2746=EDGE_CURVE('',#2302,#2304,#1100,.T.);
#2747=EDGE_CURVE('',#2305,#2306,#1101,.T.);
#2748=EDGE_CURVE('',#2305,#2307,#1102,.T.);
#2749=EDGE_CURVE('',#2307,#2308,#1103,.T.);
#2750=EDGE_CURVE('',#2306,#2308,#1104,.T.);
#2751=EDGE_CURVE('',#2309,#2310,#1105,.T.);
#2752=EDGE_CURVE('',#2309,#2311,#1106,.T.);
#2753=EDGE_CURVE('',#2311,#2312,#1107,.T.);
#2754=EDGE_CURVE('',#2310,#2312,#1108,.T.);
#2755=EDGE_CURVE('',#2313,#2314,#1109,.T.);
#2756=EDGE_CURVE('',#2313,#2315,#1110,.T.);
#2757=EDGE_CURVE('',#2315,#2316,#1111,.T.);
#2758=EDGE_CURVE('',#2314,#2316,#1112,.T.);
#2759=EDGE_CURVE('',#2317,#2318,#1113,.T.);
#2760=EDGE_CURVE('',#2317,#2319,#1114,.T.);
#2761=EDGE_CURVE('',#2319,#2320,#1115,.T.);
#2762=EDGE_CURVE('',#2318,#2320,#1116,.T.);
#2763=EDGE_CURVE('',#2321,#2322,#1117,.T.);
#2764=EDGE_CURVE('',#2321,#2323,#1118,.T.);
#2765=EDGE_CURVE('',#2323,#2324,#1119,.T.);
#2766=EDGE_CURVE('',#2322,#2324,#1120,.T.);
#2767=EDGE_CURVE('',#2325,#2326,#1121,.T.);
#2768=EDGE_CURVE('',#2325,#2327,#1122,.T.);
#2769=EDGE_CURVE('',#2327,#2328,#1123,.T.);
#2770=EDGE_CURVE('',#2326,#2328,#1124,.T.);
#2771=EDGE_CURVE('',#2329,#2330,#1125,.T.);
#2772=EDGE_CURVE('',#2329,#2331,#1126,.T.);
#2773=EDGE_CURVE('',#2331,#2332,#1127,.T.);
#2774=EDGE_CURVE('',#2330,#2332,#1128,.T.);
#2775=EDGE_CURVE('',#2333,#2334,#1129,.T.);
#2776=EDGE_CURVE('',#2333,#2335,#1130,.T.);
#2777=EDGE_CURVE('',#2335,#2336,#1131,.T.);
#2778=EDGE_CURVE('',#2334,#2336,#1132,.T.);
#2779=EDGE_CURVE('',#2337,#2338,#1133,.T.);
#2780=EDGE_CURVE('',#2337,#2339,#1134,.T.);
#2781=EDGE_CURVE('',#2339,#2340,#1135,.T.);
#2782=EDGE_CURVE('',#2338,#2340,#1136,.T.);
#2783=EDGE_CURVE('',#2341,#2342,#1137,.T.);
#2784=EDGE_CURVE('',#2341,#2343,#1138,.T.);
#2785=EDGE_CURVE('',#2343,#2344,#1139,.T.);
#2786=EDGE_CURVE('',#2342,#2344,#1140,.T.);
#2787=EDGE_CURVE('',#2345,#2346,#1141,.T.);
#2788=EDGE_CURVE('',#2345,#2347,#1142,.T.);
#2789=EDGE_CURVE('',#2347,#2348,#1143,.T.);
#2790=EDGE_CURVE('',#2346,#2348,#1144,.T.);
#2791=EDGE_CURVE('',#2349,#2350,#1145,.T.);
#2792=EDGE_CURVE('',#2349,#2351,#1146,.T.);
#2793=EDGE_CURVE('',#2351,#2352,#1147,.T.);
#2794=EDGE_CURVE('',#2352,#2353,#1148,.T.);
#2795=EDGE_CURVE('',#2353,#2354,#1149,.T.);
#2796=EDGE_CURVE('',#2354,#2355,#1150,.T.);
#2797=EDGE_CURVE('',#2355,#2356,#1151,.T.);
#2798=EDGE_CURVE('',#2356,#2357,#1152,.T.);
#2799=EDGE_CURVE('',#2357,#2358,#1153,.T.);
#2800=EDGE_CURVE('',#2358,#2359,#1154,.T.);
#2801=EDGE_CURVE('',#2359,#2360,#1155,.T.);
#2802=EDGE_CURVE('',#2360,#2361,#1156,.T.);
#2803=EDGE_CURVE('',#2362,#2361,#1157,.T.);
#2804=EDGE_CURVE('',#2363,#2362,#1158,.T.);
#2805=EDGE_CURVE('',#2363,#2364,#1159,.T.);
#2806=EDGE_CURVE('',#2364,#2365,#1160,.T.);
#2807=EDGE_CURVE('',#2365,#2366,#1161,.T.);
#2808=EDGE_CURVE('',#2366,#2367,#1162,.T.);
#2809=EDGE_CURVE('',#2367,#2368,#1163,.T.);
#2810=EDGE_CURVE('',#2350,#2368,#1164,.T.);
#2811=EDGE_CURVE('',#2369,#2349,#1165,.T.);
#2812=EDGE_CURVE('',#2370,#2369,#1166,.T.);
#2813=EDGE_CURVE('',#2370,#2371,#1167,.T.);
#2814=EDGE_CURVE('',#2371,#2372,#1168,.T.);
#2815=EDGE_CURVE('',#2351,#2372,#1169,.T.);
#2816=EDGE_CURVE('',#2373,#2368,#1170,.T.);
#2817=EDGE_CURVE('',#2367,#2374,#1171,.T.);
#2818=EDGE_CURVE('',#2374,#2371,#1172,.T.);
#2819=EDGE_CURVE('',#2373,#2370,#1173,.T.);
#2820=EDGE_CURVE('',#2375,#2363,#1174,.T.);
#2821=EDGE_CURVE('',#2376,#2375,#1175,.T.);
#2822=EDGE_CURVE('',#2376,#2377,#1176,.T.);
#2823=EDGE_CURVE('',#2377,#2378,#1177,.T.);
#2824=EDGE_CURVE('',#2364,#2378,#1178,.T.);
#2825=EDGE_CURVE('',#2379,#2361,#1179,.T.);
#2826=EDGE_CURVE('',#2360,#2380,#1180,.T.);
#2827=EDGE_CURVE('',#2380,#2377,#1181,.T.);
#2828=EDGE_CURVE('',#2379,#2376,#1182,.T.);
#2829=EDGE_CURVE('',#2381,#2382,#1183,.T.);
#2830=EDGE_CURVE('',#2383,#2381,#1184,.T.);
#2831=EDGE_CURVE('',#2383,#2384,#1185,.T.);
#2832=EDGE_CURVE('',#2384,#2382,#1186,.T.);
#2833=EDGE_CURVE('',#2385,#2386,#1187,.T.);
#2834=EDGE_CURVE('',#2386,#2387,#1188,.T.);
#2835=EDGE_CURVE('',#2387,#2388,#1189,.T.);
#2836=EDGE_CURVE('',#2388,#2385,#1190,.T.);
#2837=EDGE_CURVE('',#2389,#2390,#1191,.T.);
#2838=EDGE_CURVE('',#2390,#2381,#1192,.T.);
#2839=EDGE_CURVE('',#2382,#2391,#1193,.T.);
#2840=EDGE_CURVE('',#2391,#2288,#1194,.T.);
#2841=EDGE_CURVE('',#2392,#2287,#1195,.T.);
#2842=EDGE_CURVE('',#2392,#2393,#1196,.T.);
#2843=EDGE_CURVE('',#2394,#2393,#1197,.T.);
#2844=EDGE_CURVE('',#2394,#2395,#1198,.T.);
#2845=EDGE_CURVE('',#2283,#2395,#1199,.T.);
#2846=EDGE_CURVE('',#2396,#2284,#1200,.T.);
#2847=EDGE_CURVE('',#2389,#2396,#1201,.T.);
#2848=EDGE_CURVE('',#2272,#2271,#446,.F.);
#2849=EDGE_CURVE('',#2268,#2267,#447,.F.);
#2850=EDGE_CURVE('',#2383,#2389,#1202,.T.);
#2851=EDGE_CURVE('',#2397,#2398,#1203,.T.);
#2852=EDGE_CURVE('',#2398,#2399,#1204,.T.);
#2853=EDGE_CURVE('',#2399,#2400,#1205,.T.);
#2854=EDGE_CURVE('',#2400,#2401,#1206,.T.);
#2855=EDGE_CURVE('',#2401,#2402,#1207,.T.);
#2856=EDGE_CURVE('',#2296,#2402,#1208,.T.);
#2857=EDGE_CURVE('',#2295,#2403,#1209,.T.);
#2858=EDGE_CURVE('',#2403,#2404,#1210,.T.);
#2859=EDGE_CURVE('',#2404,#2405,#1211,.T.);
#2860=EDGE_CURVE('',#2405,#2406,#1212,.T.);
#2861=EDGE_CURVE('',#2406,#2292,#1213,.T.);
#2862=EDGE_CURVE('',#2291,#2397,#1214,.T.);
#2863=EDGE_CURVE('',#2264,#2263,#448,.T.);
#2864=EDGE_CURVE('',#2260,#2259,#449,.T.);
#2865=EDGE_CURVE('',#2398,#2407,#1215,.T.);
#2866=EDGE_CURVE('',#2407,#2408,#1216,.T.);
#2867=EDGE_CURVE('',#2408,#2399,#1217,.T.);
#2868=EDGE_CURVE('',#2409,#2410,#1218,.T.);
#2869=EDGE_CURVE('',#2411,#2409,#1219,.T.);
#2870=EDGE_CURVE('',#2412,#2411,#1220,.T.);
#2871=EDGE_CURVE('',#2410,#2412,#1221,.T.);
#2872=EDGE_CURVE('',#2290,#2407,#1222,.T.);
#2873=EDGE_CURVE('',#2402,#2396,#1223,.T.);
#2874=EDGE_CURVE('',#2408,#2401,#1224,.T.);
#2875=EDGE_CURVE('',#2408,#2383,#1225,.T.);
#2876=EDGE_CURVE('',#2413,#2414,#1226,.T.);
#2877=EDGE_CURVE('',#2414,#2415,#1227,.T.);
#2878=EDGE_CURVE('',#2415,#2416,#1228,.T.);
#2879=EDGE_CURVE('',#2416,#2417,#450,.T.);
#2880=EDGE_CURVE('',#2417,#2418,#451,.T.);
#2881=EDGE_CURVE('',#2418,#2419,#452,.T.);
#2882=EDGE_CURVE('',#2419,#2420,#1229,.T.);
#2883=EDGE_CURVE('',#2420,#2421,#1230,.T.);
#2884=EDGE_CURVE('',#2421,#2422,#1231,.T.);
#2885=EDGE_CURVE('',#2422,#2423,#1232,.T.);
#2886=EDGE_CURVE('',#2423,#2413,#1233,.T.);
#2887=EDGE_CURVE('',#2424,#2425,#1234,.T.);
#2888=EDGE_CURVE('',#2425,#2426,#1235,.T.);
#2889=EDGE_CURVE('',#2426,#2427,#1236,.T.);
#2890=EDGE_CURVE('',#2427,#2428,#453,.T.);
#2891=EDGE_CURVE('',#2428,#2429,#454,.T.);
#2892=EDGE_CURVE('',#2429,#2430,#455,.T.);
#2893=EDGE_CURVE('',#2430,#2431,#456,.T.);
#2894=EDGE_CURVE('',#2431,#2432,#1237,.T.);
#2895=EDGE_CURVE('',#2432,#2424,#1238,.T.);
#2896=EDGE_CURVE('',#2433,#2434,#1239,.T.);
#2897=EDGE_CURVE('',#2434,#2435,#1240,.T.);
#2898=EDGE_CURVE('',#2435,#2436,#1241,.T.);
#2899=EDGE_CURVE('',#2436,#2437,#1242,.T.);
#2900=EDGE_CURVE('',#2437,#2438,#1243,.T.);
#2901=EDGE_CURVE('',#2438,#2433,#1244,.T.);
#2902=EDGE_CURVE('',#2439,#2440,#1245,.T.);
#2903=EDGE_CURVE('',#2440,#2441,#1246,.T.);
#2904=EDGE_CURVE('',#2441,#2442,#1247,.T.);
#2905=EDGE_CURVE('',#2442,#2439,#1248,.T.);
#2906=EDGE_CURVE('',#2443,#2444,#1249,.T.);
#2907=EDGE_CURVE('',#2444,#2445,#1250,.T.);
#2908=EDGE_CURVE('',#2445,#2446,#1251,.T.);
#2909=EDGE_CURVE('',#2446,#2447,#1252,.T.);
#2910=EDGE_CURVE('',#2447,#2448,#1253,.T.);
#2911=EDGE_CURVE('',#2448,#2449,#1254,.T.);
#2912=EDGE_CURVE('',#2449,#2450,#1255,.T.);
#2913=EDGE_CURVE('',#2450,#2443,#1256,.T.);
#2914=EDGE_CURVE('',#2276,#2275,#457,.F.);
#2915=EDGE_CURVE('',#2280,#2279,#458,.F.);
#2916=EDGE_CURVE('',#2451,#2452,#1257,.T.);
#2917=EDGE_CURVE('',#2452,#2453,#1258,.T.);
#2918=EDGE_CURVE('',#2453,#2454,#1259,.T.);
#2919=EDGE_CURVE('',#2454,#2455,#1260,.T.);
#2920=EDGE_CURVE('',#2455,#2456,#1261,.T.);
#2921=EDGE_CURVE('',#2456,#2457,#1262,.T.);
#2922=EDGE_CURVE('',#2457,#2458,#1263,.T.);
#2923=EDGE_CURVE('',#2458,#2459,#1264,.T.);
#2924=EDGE_CURVE('',#2459,#2460,#1265,.T.);
#2925=EDGE_CURVE('',#2460,#2461,#1266,.T.);
#2926=EDGE_CURVE('',#2461,#2462,#1267,.T.);
#2927=EDGE_CURVE('',#2462,#2463,#1268,.T.);
#2928=EDGE_CURVE('',#2463,#2451,#1269,.T.);
#2929=EDGE_CURVE('',#2464,#2465,#1270,.T.);
#2930=EDGE_CURVE('',#2465,#2466,#1271,.T.);
#2931=EDGE_CURVE('',#2466,#2467,#1272,.T.);
#2932=EDGE_CURVE('',#2467,#2468,#1273,.T.);
#2933=EDGE_CURVE('',#2468,#2469,#1274,.T.);
#2934=EDGE_CURVE('',#2469,#2470,#1275,.T.);
#2935=EDGE_CURVE('',#2470,#2471,#1276,.T.);
#2936=EDGE_CURVE('',#2471,#2464,#1277,.T.);
#2937=EDGE_CURVE('',#2472,#2473,#1278,.T.);
#2938=EDGE_CURVE('',#2473,#2474,#1279,.T.);
#2939=EDGE_CURVE('',#2474,#2475,#1280,.T.);
#2940=EDGE_CURVE('',#2475,#2476,#1281,.T.);
#2941=EDGE_CURVE('',#2476,#2477,#1282,.T.);
#2942=EDGE_CURVE('',#2477,#2472,#1283,.T.);
#2943=EDGE_CURVE('',#2478,#2479,#459,.T.);
#2944=EDGE_CURVE('',#2479,#2480,#1284,.T.);
#2945=EDGE_CURVE('',#2480,#2481,#1285,.T.);
#2946=EDGE_CURVE('',#2481,#2482,#1286,.T.);
#2947=EDGE_CURVE('',#2482,#2483,#460,.T.);
#2948=EDGE_CURVE('',#2483,#2484,#461,.T.);
#2949=EDGE_CURVE('',#2484,#2485,#1287,.T.);
#2950=EDGE_CURVE('',#2485,#2486,#462,.T.);
#2951=EDGE_CURVE('',#2486,#2478,#463,.T.);
#2952=EDGE_CURVE('',#2487,#2488,#1288,.T.);
#2953=EDGE_CURVE('',#2488,#2489,#1289,.T.);
#2954=EDGE_CURVE('',#2489,#2490,#1290,.T.);
#2955=EDGE_CURVE('',#2490,#2491,#1291,.T.);
#2956=EDGE_CURVE('',#2491,#2492,#1292,.T.);
#2957=EDGE_CURVE('',#2492,#2493,#1293,.T.);
#2958=EDGE_CURVE('',#2493,#2494,#1294,.T.);
#2959=EDGE_CURVE('',#2494,#2487,#1295,.T.);
#2960=EDGE_CURVE('',#2384,#2289,#1296,.T.);
#2961=EDGE_CURVE('',#2495,#2374,#1297,.T.);
#2962=EDGE_CURVE('',#2496,#2495,#1298,.T.);
#2963=EDGE_CURVE('',#2378,#2496,#1299,.T.);
#2964=EDGE_CURVE('',#2497,#2380,#1300,.T.);
#2965=EDGE_CURVE('',#2498,#2497,#1301,.T.);
#2966=EDGE_CURVE('',#2499,#2498,#1302,.T.);
#2967=EDGE_CURVE('',#2500,#2499,#1303,.T.);
#2968=EDGE_CURVE('',#2501,#2500,#1304,.T.);
#2969=EDGE_CURVE('',#2502,#2501,#1305,.T.);
#2970=EDGE_CURVE('',#2503,#2502,#1306,.T.);
#2971=EDGE_CURVE('',#2504,#2503,#1307,.T.);
#2972=EDGE_CURVE('',#2372,#2504,#1308,.T.);
#2973=EDGE_CURVE('',#2366,#2495,#1309,.T.);
#2974=EDGE_CURVE('',#2365,#2496,#1310,.T.);
#2975=EDGE_CURVE('',#2359,#2497,#1311,.T.);
#2976=EDGE_CURVE('',#2358,#2498,#1312,.T.);
#2977=EDGE_CURVE('',#2357,#2499,#1313,.T.);
#2978=EDGE_CURVE('',#2356,#2500,#1314,.T.);
#2979=EDGE_CURVE('',#2355,#2501,#1315,.T.);
#2980=EDGE_CURVE('',#2354,#2502,#1316,.T.);
#2981=EDGE_CURVE('',#2353,#2503,#1317,.T.);
#2982=EDGE_CURVE('',#2352,#2504,#1318,.T.);
#2983=EDGE_CURVE('',#2406,#2505,#1319,.T.);
#2984=EDGE_CURVE('',#2505,#2293,#1320,.T.);
#2985=EDGE_CURVE('',#2404,#2506,#1321,.T.);
#2986=EDGE_CURVE('',#2506,#2507,#1322,.T.);
#2987=EDGE_CURVE('',#2507,#2405,#1323,.T.);
#2988=EDGE_CURVE('',#2294,#2508,#1324,.T.);
#2989=EDGE_CURVE('',#2508,#2403,#1325,.T.);
#2990=EDGE_CURVE('',#2506,#2508,#1326,.T.);
#2991=EDGE_CURVE('',#2505,#2507,#1327,.T.);
#2992=EDGE_CURVE('',#2395,#2509,#1328,.T.);
#2993=EDGE_CURVE('',#2285,#2509,#1329,.T.);
#2994=EDGE_CURVE('',#2510,#2511,#1330,.T.);
#2995=EDGE_CURVE('',#2510,#2394,#1331,.T.);
#2996=EDGE_CURVE('',#2393,#2511,#1332,.T.);
#2997=EDGE_CURVE('',#2512,#2286,#1333,.T.);
#2998=EDGE_CURVE('',#2512,#2392,#1334,.T.);
#2999=EDGE_CURVE('',#2509,#2510,#1335,.T.);
#3000=EDGE_CURVE('',#2511,#2512,#1336,.T.);
#3001=EDGE_CURVE('',#2348,#2513,#1337,.T.);
#3002=EDGE_CURVE('',#2514,#2513,#1338,.T.);
#3003=EDGE_CURVE('',#2346,#2514,#1339,.T.);
#3004=EDGE_CURVE('',#2513,#2515,#1340,.T.);
#3005=EDGE_CURVE('',#2516,#2515,#1341,.T.);
#3006=EDGE_CURVE('',#2514,#2516,#1342,.T.);
#3007=EDGE_CURVE('',#2515,#2347,#1343,.T.);
#3008=EDGE_CURVE('',#2516,#2345,#1344,.T.);
#3009=EDGE_CURVE('',#2344,#2517,#1345,.T.);
#3010=EDGE_CURVE('',#2518,#2517,#1346,.T.);
#3011=EDGE_CURVE('',#2342,#2518,#1347,.T.);
#3012=EDGE_CURVE('',#2517,#2519,#1348,.T.);
#3013=EDGE_CURVE('',#2520,#2519,#1349,.T.);
#3014=EDGE_CURVE('',#2518,#2520,#1350,.T.);
#3015=EDGE_CURVE('',#2519,#2343,#1351,.T.);
#3016=EDGE_CURVE('',#2520,#2341,#1352,.T.);
#3017=EDGE_CURVE('',#2340,#2521,#1353,.T.);
#3018=EDGE_CURVE('',#2522,#2521,#1354,.T.);
#3019=EDGE_CURVE('',#2338,#2522,#1355,.T.);
#3020=EDGE_CURVE('',#2521,#2523,#1356,.T.);
#3021=EDGE_CURVE('',#2524,#2523,#1357,.T.);
#3022=EDGE_CURVE('',#2522,#2524,#1358,.T.);
#3023=EDGE_CURVE('',#2523,#2339,#1359,.T.);
#3024=EDGE_CURVE('',#2524,#2337,#1360,.T.);
#3025=EDGE_CURVE('',#2336,#2525,#1361,.T.);
#3026=EDGE_CURVE('',#2526,#2525,#1362,.T.);
#3027=EDGE_CURVE('',#2334,#2526,#1363,.T.);
#3028=EDGE_CURVE('',#2525,#2527,#1364,.T.);
#3029=EDGE_CURVE('',#2528,#2527,#1365,.T.);
#3030=EDGE_CURVE('',#2526,#2528,#1366,.T.);
#3031=EDGE_CURVE('',#2527,#2335,#1367,.T.);
#3032=EDGE_CURVE('',#2528,#2333,#1368,.T.);
#3033=EDGE_CURVE('',#2332,#2529,#1369,.T.);
#3034=EDGE_CURVE('',#2530,#2529,#1370,.T.);
#3035=EDGE_CURVE('',#2330,#2530,#1371,.T.);
#3036=EDGE_CURVE('',#2529,#2531,#1372,.T.);
#3037=EDGE_CURVE('',#2532,#2531,#1373,.T.);
#3038=EDGE_CURVE('',#2530,#2532,#1374,.T.);
#3039=EDGE_CURVE('',#2531,#2331,#1375,.T.);
#3040=EDGE_CURVE('',#2532,#2329,#1376,.T.);
#3041=EDGE_CURVE('',#2533,#2488,#1377,.T.);
#3042=EDGE_CURVE('',#2533,#2534,#1378,.T.);
#3043=EDGE_CURVE('',#2534,#2489,#1379,.T.);
#3044=EDGE_CURVE('',#2534,#2535,#1380,.T.);
#3045=EDGE_CURVE('',#2535,#2490,#1381,.T.);
#3046=EDGE_CURVE('',#2535,#2536,#1382,.T.);
#3047=EDGE_CURVE('',#2536,#2491,#1383,.T.);
#3048=EDGE_CURVE('',#2536,#2537,#1384,.T.);
#3049=EDGE_CURVE('',#2537,#2492,#1385,.T.);
#3050=EDGE_CURVE('',#2537,#2538,#1386,.T.);
#3051=EDGE_CURVE('',#2538,#2493,#1387,.T.);
#3052=EDGE_CURVE('',#2538,#2539,#1388,.T.);
#3053=EDGE_CURVE('',#2539,#2494,#1389,.T.);
#3054=EDGE_CURVE('',#2539,#2540,#1390,.T.);
#3055=EDGE_CURVE('',#2540,#2487,#1391,.T.);
#3056=EDGE_CURVE('',#2540,#2533,#1392,.T.);
#3057=EDGE_CURVE('',#2541,#2542,#1393,.T.);
#3058=EDGE_CURVE('',#2543,#2541,#1394,.T.);
#3059=EDGE_CURVE('',#2542,#2543,#1395,.T.);
#3060=EDGE_CURVE('',#2544,#2545,#1396,.T.);
#3061=EDGE_CURVE('',#2542,#2544,#1397,.T.);
#3062=EDGE_CURVE('',#2543,#2545,#1398,.T.);
#3063=EDGE_CURVE('',#2546,#2544,#1399,.T.);
#3064=EDGE_CURVE('',#2541,#2546,#1400,.T.);
#3065=EDGE_CURVE('',#2545,#2546,#1401,.T.);
#3066=EDGE_CURVE('',#2547,#2414,#1402,.T.);
#3067=EDGE_CURVE('',#2547,#2548,#1403,.T.);
#3068=EDGE_CURVE('',#2548,#2415,#1404,.T.);
#3069=EDGE_CURVE('',#2548,#2549,#1405,.T.);
#3070=EDGE_CURVE('',#2549,#2416,#1406,.T.);
#3071=EDGE_CURVE('',#2549,#2550,#464,.T.);
#3072=EDGE_CURVE('',#2550,#2417,#1407,.T.);
#3073=EDGE_CURVE('',#2550,#2551,#465,.T.);
#3074=EDGE_CURVE('',#2551,#2418,#1408,.T.);
#3075=EDGE_CURVE('',#2551,#2552,#466,.T.);
#3076=EDGE_CURVE('',#2552,#2419,#1409,.T.);
#3077=EDGE_CURVE('',#2552,#2553,#1410,.T.);
#3078=EDGE_CURVE('',#2553,#2420,#1411,.T.);
#3079=EDGE_CURVE('',#2553,#2554,#1412,.T.);
#3080=EDGE_CURVE('',#2554,#2421,#1413,.T.);
#3081=EDGE_CURVE('',#2554,#2555,#1414,.T.);
#3082=EDGE_CURVE('',#2555,#2422,#1415,.T.);
#3083=EDGE_CURVE('',#2555,#2556,#1416,.T.);
#3084=EDGE_CURVE('',#2556,#2423,#1417,.T.);
#3085=EDGE_CURVE('',#2556,#2557,#1418,.T.);
#3086=EDGE_CURVE('',#2557,#2413,#1419,.T.);
#3087=EDGE_CURVE('',#2557,#2547,#1420,.T.);
#3088=EDGE_CURVE('',#2558,#2559,#467,.T.);
#3089=EDGE_CURVE('',#2560,#2558,#468,.T.);
#3090=EDGE_CURVE('',#2561,#2560,#1421,.T.);
#3091=EDGE_CURVE('',#2562,#2561,#1422,.T.);
#3092=EDGE_CURVE('',#2559,#2562,#1423,.T.);
#3093=EDGE_CURVE('',#2563,#2564,#1424,.T.);
#3094=EDGE_CURVE('',#2559,#2563,#1425,.T.);
#3095=EDGE_CURVE('',#2562,#2564,#1426,.T.);
#3096=EDGE_CURVE('',#2565,#2563,#469,.T.);
#3097=EDGE_CURVE('',#2558,#2565,#1427,.T.);
#3098=EDGE_CURVE('',#2566,#2565,#470,.T.);
#3099=EDGE_CURVE('',#2560,#2566,#1428,.T.);
#3100=EDGE_CURVE('',#2567,#2566,#1429,.T.);
#3101=EDGE_CURVE('',#2561,#2567,#1430,.T.);
#3102=EDGE_CURVE('',#2564,#2567,#1431,.T.);
#3103=EDGE_CURVE('',#2568,#2479,#1432,.T.);
#3104=EDGE_CURVE('',#2568,#2569,#1433,.T.);
#3105=EDGE_CURVE('',#2569,#2480,#1434,.T.);
#3106=EDGE_CURVE('',#2569,#2570,#1435,.T.);
#3107=EDGE_CURVE('',#2570,#2481,#1436,.T.);
#3108=EDGE_CURVE('',#2570,#2571,#1437,.T.);
#3109=EDGE_CURVE('',#2571,#2482,#1438,.T.);
#3110=EDGE_CURVE('',#2571,#2572,#471,.T.);
#3111=EDGE_CURVE('',#2572,#2483,#1439,.T.);
#3112=EDGE_CURVE('',#2572,#2573,#472,.T.);
#3113=EDGE_CURVE('',#2573,#2484,#1440,.T.);
#3114=EDGE_CURVE('',#2573,#2574,#1441,.T.);
#3115=EDGE_CURVE('',#2574,#2485,#1442,.T.);
#3116=EDGE_CURVE('',#2574,#2575,#473,.T.);
#3117=EDGE_CURVE('',#2575,#2486,#1443,.T.);
#3118=EDGE_CURVE('',#2575,#2576,#474,.T.);
#3119=EDGE_CURVE('',#2576,#2478,#1444,.T.);
#3120=EDGE_CURVE('',#2576,#2568,#475,.T.);
#3121=EDGE_CURVE('',#2577,#2425,#1445,.T.);
#3122=EDGE_CURVE('',#2577,#2578,#1446,.T.);
#3123=EDGE_CURVE('',#2578,#2426,#1447,.T.);
#3124=EDGE_CURVE('',#2578,#2579,#1448,.T.);
#3125=EDGE_CURVE('',#2579,#2427,#1449,.T.);
#3126=EDGE_CURVE('',#2579,#2580,#476,.T.);
#3127=EDGE_CURVE('',#2580,#2428,#1450,.T.);
#3128=EDGE_CURVE('',#2580,#2581,#477,.T.);
#3129=EDGE_CURVE('',#2581,#2429,#1451,.T.);
#3130=EDGE_CURVE('',#2581,#2582,#478,.T.);
#3131=EDGE_CURVE('',#2582,#2430,#1452,.T.);
#3132=EDGE_CURVE('',#2582,#2583,#479,.T.);
#3133=EDGE_CURVE('',#2583,#2431,#1453,.T.);
#3134=EDGE_CURVE('',#2583,#2584,#1454,.T.);
#3135=EDGE_CURVE('',#2584,#2432,#1455,.T.);
#3136=EDGE_CURVE('',#2584,#2585,#1456,.T.);
#3137=EDGE_CURVE('',#2585,#2424,#1457,.T.);
#3138=EDGE_CURVE('',#2585,#2577,#1458,.T.);
#3139=EDGE_CURVE('',#2586,#2587,#480,.T.);
#3140=EDGE_CURVE('',#2588,#2586,#481,.T.);
#3141=EDGE_CURVE('',#2589,#2588,#1459,.T.);
#3142=EDGE_CURVE('',#2590,#2589,#1460,.T.);
#3143=EDGE_CURVE('',#2587,#2590,#1461,.T.);
#3144=EDGE_CURVE('',#2591,#2592,#1462,.T.);
#3145=EDGE_CURVE('',#2587,#2591,#1463,.T.);
#3146=EDGE_CURVE('',#2590,#2592,#1464,.T.);
#3147=EDGE_CURVE('',#2593,#2591,#482,.T.);
#3148=EDGE_CURVE('',#2586,#2593,#1465,.T.);
#3149=EDGE_CURVE('',#2594,#2593,#483,.T.);
#3150=EDGE_CURVE('',#2588,#2594,#1466,.T.);
#3151=EDGE_CURVE('',#2595,#2594,#1467,.T.);
#3152=EDGE_CURVE('',#2589,#2595,#1468,.T.);
#3153=EDGE_CURVE('',#2592,#2595,#1469,.T.);
#3154=EDGE_CURVE('',#2596,#2473,#1470,.T.);
#3155=EDGE_CURVE('',#2596,#2597,#1471,.T.);
#3156=EDGE_CURVE('',#2597,#2474,#1472,.T.);
#3157=EDGE_CURVE('',#2597,#2598,#1473,.T.);
#3158=EDGE_CURVE('',#2598,#2475,#1474,.T.);
#3159=EDGE_CURVE('',#2598,#2599,#1475,.T.);
#3160=EDGE_CURVE('',#2599,#2476,#1476,.T.);
#3161=EDGE_CURVE('',#2599,#2600,#1477,.T.);
#3162=EDGE_CURVE('',#2600,#2477,#1478,.T.);
#3163=EDGE_CURVE('',#2600,#2601,#1479,.T.);
#3164=EDGE_CURVE('',#2601,#2472,#1480,.T.);
#3165=EDGE_CURVE('',#2601,#2596,#1481,.T.);
#3166=EDGE_CURVE('',#2602,#2434,#1482,.T.);
#3167=EDGE_CURVE('',#2602,#2603,#1483,.T.);
#3168=EDGE_CURVE('',#2603,#2435,#1484,.T.);
#3169=EDGE_CURVE('',#2603,#2604,#1485,.T.);
#3170=EDGE_CURVE('',#2604,#2436,#1486,.T.);
#3171=EDGE_CURVE('',#2604,#2605,#1487,.T.);
#3172=EDGE_CURVE('',#2605,#2437,#1488,.T.);
#3173=EDGE_CURVE('',#2605,#2606,#1489,.T.);
#3174=EDGE_CURVE('',#2606,#2438,#1490,.T.);
#3175=EDGE_CURVE('',#2606,#2607,#1491,.T.);
#3176=EDGE_CURVE('',#2607,#2433,#1492,.T.);
#3177=EDGE_CURVE('',#2607,#2602,#1493,.T.);
#3178=EDGE_CURVE('',#2608,#2465,#1494,.T.);
#3179=EDGE_CURVE('',#2608,#2609,#1495,.T.);
#3180=EDGE_CURVE('',#2609,#2466,#1496,.T.);
#3181=EDGE_CURVE('',#2609,#2610,#1497,.T.);
#3182=EDGE_CURVE('',#2610,#2467,#1498,.T.);
#3183=EDGE_CURVE('',#2610,#2611,#1499,.T.);
#3184=EDGE_CURVE('',#2611,#2468,#1500,.T.);
#3185=EDGE_CURVE('',#2611,#2612,#1501,.T.);
#3186=EDGE_CURVE('',#2612,#2469,#1502,.T.);
#3187=EDGE_CURVE('',#2612,#2613,#1503,.T.);
#3188=EDGE_CURVE('',#2613,#2470,#1504,.T.);
#3189=EDGE_CURVE('',#2613,#2614,#1505,.T.);
#3190=EDGE_CURVE('',#2614,#2471,#1506,.T.);
#3191=EDGE_CURVE('',#2614,#2615,#1507,.T.);
#3192=EDGE_CURVE('',#2615,#2464,#1508,.T.);
#3193=EDGE_CURVE('',#2615,#2608,#1509,.T.);
#3194=EDGE_CURVE('',#2616,#2617,#1510,.T.);
#3195=EDGE_CURVE('',#2618,#2616,#1511,.T.);
#3196=EDGE_CURVE('',#2617,#2618,#1512,.T.);
#3197=EDGE_CURVE('',#2619,#2620,#1513,.T.);
#3198=EDGE_CURVE('',#2617,#2619,#1514,.T.);
#3199=EDGE_CURVE('',#2618,#2620,#1515,.T.);
#3200=EDGE_CURVE('',#2621,#2619,#1516,.T.);
#3201=EDGE_CURVE('',#2616,#2621,#1517,.T.);
#3202=EDGE_CURVE('',#2620,#2621,#1518,.T.);
#3203=EDGE_CURVE('',#2622,#2440,#1519,.T.);
#3204=EDGE_CURVE('',#2622,#2623,#1520,.T.);
#3205=EDGE_CURVE('',#2623,#2441,#1521,.T.);
#3206=EDGE_CURVE('',#2623,#2624,#1522,.T.);
#3207=EDGE_CURVE('',#2624,#2442,#1523,.T.);
#3208=EDGE_CURVE('',#2624,#2625,#1524,.T.);
#3209=EDGE_CURVE('',#2625,#2439,#1525,.T.);
#3210=EDGE_CURVE('',#2625,#2622,#1526,.T.);
#3211=EDGE_CURVE('',#2626,#2452,#1527,.T.);
#3212=EDGE_CURVE('',#2626,#2627,#1528,.T.);
#3213=EDGE_CURVE('',#2627,#2453,#1529,.T.);
#3214=EDGE_CURVE('',#2627,#2628,#1530,.T.);
#3215=EDGE_CURVE('',#2628,#2454,#1531,.T.);
#3216=EDGE_CURVE('',#2628,#2629,#1532,.T.);
#3217=EDGE_CURVE('',#2629,#2455,#1533,.T.);
#3218=EDGE_CURVE('',#2629,#2630,#1534,.T.);
#3219=EDGE_CURVE('',#2630,#2456,#1535,.T.);
#3220=EDGE_CURVE('',#2630,#2631,#1536,.T.);
#3221=EDGE_CURVE('',#2631,#2457,#1537,.T.);
#3222=EDGE_CURVE('',#2631,#2632,#1538,.T.);
#3223=EDGE_CURVE('',#2632,#2458,#1539,.T.);
#3224=EDGE_CURVE('',#2632,#2633,#1540,.T.);
#3225=EDGE_CURVE('',#2633,#2459,#1541,.T.);
#3226=EDGE_CURVE('',#2633,#2634,#1542,.T.);
#3227=EDGE_CURVE('',#2634,#2460,#1543,.T.);
#3228=EDGE_CURVE('',#2634,#2635,#1544,.T.);
#3229=EDGE_CURVE('',#2635,#2461,#1545,.T.);
#3230=EDGE_CURVE('',#2635,#2636,#1546,.T.);
#3231=EDGE_CURVE('',#2636,#2462,#1547,.T.);
#3232=EDGE_CURVE('',#2636,#2637,#1548,.T.);
#3233=EDGE_CURVE('',#2637,#2463,#1549,.T.);
#3234=EDGE_CURVE('',#2637,#2638,#1550,.T.);
#3235=EDGE_CURVE('',#2638,#2451,#1551,.T.);
#3236=EDGE_CURVE('',#2638,#2626,#1552,.T.);
#3237=EDGE_CURVE('',#2639,#2444,#1553,.T.);
#3238=EDGE_CURVE('',#2639,#2640,#1554,.T.);
#3239=EDGE_CURVE('',#2640,#2445,#1555,.T.);
#3240=EDGE_CURVE('',#2640,#2641,#1556,.T.);
#3241=EDGE_CURVE('',#2641,#2446,#1557,.T.);
#3242=EDGE_CURVE('',#2641,#2642,#1558,.T.);
#3243=EDGE_CURVE('',#2642,#2447,#1559,.T.);
#3244=EDGE_CURVE('',#2642,#2643,#1560,.T.);
#3245=EDGE_CURVE('',#2643,#2448,#1561,.T.);
#3246=EDGE_CURVE('',#2643,#2644,#1562,.T.);
#3247=EDGE_CURVE('',#2644,#2449,#1563,.T.);
#3248=EDGE_CURVE('',#2644,#2645,#1564,.T.);
#3249=EDGE_CURVE('',#2645,#2450,#1565,.T.);
#3250=EDGE_CURVE('',#2645,#2646,#1566,.T.);
#3251=EDGE_CURVE('',#2646,#2443,#1567,.T.);
#3252=EDGE_CURVE('',#2646,#2639,#1568,.T.);
#3253=EDGE_CURVE('',#2647,#2648,#1569,.T.);
#3254=EDGE_CURVE('',#2649,#2647,#1570,.T.);
#3255=EDGE_CURVE('',#2648,#2649,#1571,.T.);
#3256=EDGE_CURVE('',#2650,#2651,#1572,.T.);
#3257=EDGE_CURVE('',#2648,#2650,#1573,.T.);
#3258=EDGE_CURVE('',#2649,#2651,#1574,.T.);
#3259=EDGE_CURVE('',#2652,#2650,#1575,.T.);
#3260=EDGE_CURVE('',#2647,#2652,#1576,.T.);
#3261=EDGE_CURVE('',#2651,#2652,#1577,.T.);
#3262=EDGE_CURVE('',#2328,#2653,#1578,.T.);
#3263=EDGE_CURVE('',#2654,#2653,#1579,.T.);
#3264=EDGE_CURVE('',#2326,#2654,#1580,.T.);
#3265=EDGE_CURVE('',#2653,#2655,#1581,.T.);
#3266=EDGE_CURVE('',#2656,#2655,#1582,.T.);
#3267=EDGE_CURVE('',#2654,#2656,#1583,.T.);
#3268=EDGE_CURVE('',#2655,#2327,#1584,.T.);
#3269=EDGE_CURVE('',#2656,#2325,#1585,.T.);
#3270=EDGE_CURVE('',#2324,#2657,#1586,.T.);
#3271=EDGE_CURVE('',#2658,#2657,#1587,.T.);
#3272=EDGE_CURVE('',#2322,#2658,#1588,.T.);
#3273=EDGE_CURVE('',#2657,#2659,#1589,.T.);
#3274=EDGE_CURVE('',#2660,#2659,#1590,.T.);
#3275=EDGE_CURVE('',#2658,#2660,#1591,.T.);
#3276=EDGE_CURVE('',#2659,#2323,#1592,.T.);
#3277=EDGE_CURVE('',#2660,#2321,#1593,.T.);
#3278=EDGE_CURVE('',#2320,#2661,#1594,.T.);
#3279=EDGE_CURVE('',#2662,#2661,#1595,.T.);
#3280=EDGE_CURVE('',#2318,#2662,#1596,.T.);
#3281=EDGE_CURVE('',#2661,#2663,#1597,.T.);
#3282=EDGE_CURVE('',#2664,#2663,#1598,.T.);
#3283=EDGE_CURVE('',#2662,#2664,#1599,.T.);
#3284=EDGE_CURVE('',#2663,#2319,#1600,.T.);
#3285=EDGE_CURVE('',#2664,#2317,#1601,.T.);
#3286=EDGE_CURVE('',#2316,#2665,#1602,.T.);
#3287=EDGE_CURVE('',#2666,#2665,#1603,.T.);
#3288=EDGE_CURVE('',#2314,#2666,#1604,.T.);
#3289=EDGE_CURVE('',#2665,#2667,#1605,.T.);
#3290=EDGE_CURVE('',#2668,#2667,#1606,.T.);
#3291=EDGE_CURVE('',#2666,#2668,#1607,.T.);
#3292=EDGE_CURVE('',#2667,#2315,#1608,.T.);
#3293=EDGE_CURVE('',#2668,#2313,#1609,.T.);
#3294=EDGE_CURVE('',#2281,#2282,#484,.T.);
#3295=EDGE_CURVE('',#2277,#2278,#485,.T.);
#3296=EDGE_CURVE('',#2273,#2274,#486,.T.);
#3297=EDGE_CURVE('',#2269,#2270,#487,.T.);
#3298=EDGE_CURVE('',#2266,#2265,#488,.F.);
#3299=EDGE_CURVE('',#2262,#2261,#489,.F.);
#3300=EDGE_CURVE('',#2669,#2410,#1610,.T.);
#3301=EDGE_CURVE('',#2670,#2669,#1611,.T.);
#3302=EDGE_CURVE('',#2670,#2409,#1612,.T.);
#3303=EDGE_CURVE('',#2671,#2670,#1613,.T.);
#3304=EDGE_CURVE('',#2671,#2411,#1614,.T.);
#3305=EDGE_CURVE('',#2672,#2671,#1615,.T.);
#3306=EDGE_CURVE('',#2672,#2412,#1616,.T.);
#3307=EDGE_CURVE('',#2669,#2672,#1617,.T.);
#3308=EDGE_CURVE('',#2673,#2386,#1618,.T.);
#3309=EDGE_CURVE('',#2673,#2674,#1619,.T.);
#3310=EDGE_CURVE('',#2674,#2387,#1620,.T.);
#3311=EDGE_CURVE('',#2674,#2675,#1621,.T.);
#3312=EDGE_CURVE('',#2675,#2388,#1622,.T.);
#3313=EDGE_CURVE('',#2675,#2676,#1623,.T.);
#3314=EDGE_CURVE('',#2676,#2385,#1624,.T.);
#3315=EDGE_CURVE('',#2676,#2673,#1625,.T.);
#3316=EDGE_CURVE('',#2677,#2362,#1626,.T.);
#3317=EDGE_CURVE('',#2375,#2677,#1627,.T.);
#3318=EDGE_CURVE('',#2677,#2379,#1628,.T.);
#3319=EDGE_CURVE('',#2678,#2350,#1629,.T.);
#3320=EDGE_CURVE('',#2369,#2678,#1630,.T.);
#3321=EDGE_CURVE('',#2678,#2373,#1631,.T.);
#3322=EDGE_CURVE('',#2312,#2679,#1632,.T.);
#3323=EDGE_CURVE('',#2680,#2679,#1633,.T.);
#3324=EDGE_CURVE('',#2310,#2680,#1634,.T.);
#3325=EDGE_CURVE('',#2679,#2681,#1635,.T.);
#3326=EDGE_CURVE('',#2682,#2681,#1636,.T.);
#3327=EDGE_CURVE('',#2680,#2682,#1637,.T.);
#3328=EDGE_CURVE('',#2681,#2311,#1638,.T.);
#3329=EDGE_CURVE('',#2682,#2309,#1639,.T.);
#3330=EDGE_CURVE('',#2308,#2683,#1640,.T.);
#3331=EDGE_CURVE('',#2684,#2683,#1641,.T.);
#3332=EDGE_CURVE('',#2306,#2684,#1642,.T.);
#3333=EDGE_CURVE('',#2683,#2685,#1643,.T.);
#3334=EDGE_CURVE('',#2686,#2685,#1644,.T.);
#3335=EDGE_CURVE('',#2684,#2686,#1645,.T.);
#3336=EDGE_CURVE('',#2685,#2307,#1646,.T.);
#3337=EDGE_CURVE('',#2686,#2305,#1647,.T.);
#3338=EDGE_CURVE('',#2304,#2687,#1648,.T.);
#3339=EDGE_CURVE('',#2688,#2687,#1649,.T.);
#3340=EDGE_CURVE('',#2302,#2688,#1650,.T.);
#3341=EDGE_CURVE('',#2687,#2689,#1651,.T.);
#3342=EDGE_CURVE('',#2690,#2689,#1652,.T.);
#3343=EDGE_CURVE('',#2688,#2690,#1653,.T.);
#3344=EDGE_CURVE('',#2689,#2303,#1654,.T.);
#3345=EDGE_CURVE('',#2690,#2301,#1655,.T.);
#3346=EDGE_CURVE('',#2300,#2691,#1656,.T.);
#3347=EDGE_CURVE('',#2692,#2691,#1657,.T.);
#3348=EDGE_CURVE('',#2298,#2692,#1658,.T.);
#3349=EDGE_CURVE('',#2691,#2693,#1659,.T.);
#3350=EDGE_CURVE('',#2694,#2693,#1660,.T.);
#3351=EDGE_CURVE('',#2692,#2694,#1661,.T.);
#3352=EDGE_CURVE('',#2693,#2299,#1662,.T.);
#3353=EDGE_CURVE('',#2694,#2297,#1663,.T.);
#3354=ORIENTED_EDGE('',*,*,#2695,.T.);
#3355=ORIENTED_EDGE('',*,*,#2696,.T.);
#3356=ORIENTED_EDGE('',*,*,#2697,.T.);
#3357=ORIENTED_EDGE('',*,*,#2696,.F.);
#3358=ORIENTED_EDGE('',*,*,#2698,.T.);
#3359=ORIENTED_EDGE('',*,*,#2699,.T.);
#3360=ORIENTED_EDGE('',*,*,#2700,.T.);
#3361=ORIENTED_EDGE('',*,*,#2699,.F.);
#3362=ORIENTED_EDGE('',*,*,#2701,.F.);
#3363=ORIENTED_EDGE('',*,*,#2702,.T.);
#3364=ORIENTED_EDGE('',*,*,#2703,.T.);
#3365=ORIENTED_EDGE('',*,*,#2704,.F.);
#3366=ORIENTED_EDGE('',*,*,#2705,.F.);
#3367=ORIENTED_EDGE('',*,*,#2706,.T.);
#3368=ORIENTED_EDGE('',*,*,#2707,.T.);
#3369=ORIENTED_EDGE('',*,*,#2708,.F.);
#3370=ORIENTED_EDGE('',*,*,#2709,.T.);
#3371=ORIENTED_EDGE('',*,*,#2710,.T.);
#3372=ORIENTED_EDGE('',*,*,#2711,.F.);
#3373=ORIENTED_EDGE('',*,*,#2712,.F.);
#3374=ORIENTED_EDGE('',*,*,#2713,.T.);
#3375=ORIENTED_EDGE('',*,*,#2714,.T.);
#3376=ORIENTED_EDGE('',*,*,#2715,.F.);
#3377=ORIENTED_EDGE('',*,*,#2716,.F.);
#3378=ORIENTED_EDGE('',*,*,#2717,.T.);
#3379=ORIENTED_EDGE('',*,*,#2718,.T.);
#3380=ORIENTED_EDGE('',*,*,#2719,.F.);
#3381=ORIENTED_EDGE('',*,*,#2720,.F.);
#3382=ORIENTED_EDGE('',*,*,#2721,.T.);
#3383=ORIENTED_EDGE('',*,*,#2722,.T.);
#3384=ORIENTED_EDGE('',*,*,#2723,.F.);
#3385=ORIENTED_EDGE('',*,*,#2724,.F.);
#3386=ORIENTED_EDGE('',*,*,#2725,.F.);
#3387=ORIENTED_EDGE('',*,*,#2726,.F.);
#3388=ORIENTED_EDGE('',*,*,#2727,.F.);
#3389=ORIENTED_EDGE('',*,*,#2728,.T.);
#3390=ORIENTED_EDGE('',*,*,#2729,.F.);
#3391=ORIENTED_EDGE('',*,*,#2730,.F.);
#3392=ORIENTED_EDGE('',*,*,#2731,.T.);
#3393=ORIENTED_EDGE('',*,*,#2732,.T.);
#3394=ORIENTED_EDGE('',*,*,#2733,.T.);
#3395=ORIENTED_EDGE('',*,*,#2734,.F.);
#3396=ORIENTED_EDGE('',*,*,#2735,.T.);
#3397=ORIENTED_EDGE('',*,*,#2736,.T.);
#3398=ORIENTED_EDGE('',*,*,#2737,.T.);
#3399=ORIENTED_EDGE('',*,*,#2738,.F.);
#3400=ORIENTED_EDGE('',*,*,#2695,.F.);
#3401=ORIENTED_EDGE('',*,*,#2698,.F.);
#3402=ORIENTED_EDGE('',*,*,#2739,.F.);
#3403=ORIENTED_EDGE('',*,*,#2740,.T.);
#3404=ORIENTED_EDGE('',*,*,#2741,.T.);
#3405=ORIENTED_EDGE('',*,*,#2742,.F.);
#3406=ORIENTED_EDGE('',*,*,#2743,.F.);
#3407=ORIENTED_EDGE('',*,*,#2744,.T.);
#3408=ORIENTED_EDGE('',*,*,#2745,.T.);
#3409=ORIENTED_EDGE('',*,*,#2746,.F.);
#3410=ORIENTED_EDGE('',*,*,#2747,.F.);
#3411=ORIENTED_EDGE('',*,*,#2748,.T.);
#3412=ORIENTED_EDGE('',*,*,#2749,.T.);
#3413=ORIENTED_EDGE('',*,*,#2750,.F.);
#3414=ORIENTED_EDGE('',*,*,#2751,.F.);
#3415=ORIENTED_EDGE('',*,*,#2752,.T.);
#3416=ORIENTED_EDGE('',*,*,#2753,.T.);
#3417=ORIENTED_EDGE('',*,*,#2754,.F.);
#3418=ORIENTED_EDGE('',*,*,#2755,.F.);
#3419=ORIENTED_EDGE('',*,*,#2756,.T.);
#3420=ORIENTED_EDGE('',*,*,#2757,.T.);
#3421=ORIENTED_EDGE('',*,*,#2758,.F.);
#3422=ORIENTED_EDGE('',*,*,#2759,.F.);
#3423=ORIENTED_EDGE('',*,*,#2760,.T.);
#3424=ORIENTED_EDGE('',*,*,#2761,.T.);
#3425=ORIENTED_EDGE('',*,*,#2762,.F.);
#3426=ORIENTED_EDGE('',*,*,#2763,.F.);
#3427=ORIENTED_EDGE('',*,*,#2764,.T.);
#3428=ORIENTED_EDGE('',*,*,#2765,.T.);
#3429=ORIENTED_EDGE('',*,*,#2766,.F.);
#3430=ORIENTED_EDGE('',*,*,#2767,.F.);
#3431=ORIENTED_EDGE('',*,*,#2768,.T.);
#3432=ORIENTED_EDGE('',*,*,#2769,.T.);
#3433=ORIENTED_EDGE('',*,*,#2770,.F.);
#3434=ORIENTED_EDGE('',*,*,#2771,.F.);
#3435=ORIENTED_EDGE('',*,*,#2772,.T.);
#3436=ORIENTED_EDGE('',*,*,#2773,.T.);
#3437=ORIENTED_EDGE('',*,*,#2774,.F.);
#3438=ORIENTED_EDGE('',*,*,#2775,.F.);
#3439=ORIENTED_EDGE('',*,*,#2776,.T.);
#3440=ORIENTED_EDGE('',*,*,#2777,.T.);
#3441=ORIENTED_EDGE('',*,*,#2778,.F.);
#3442=ORIENTED_EDGE('',*,*,#2779,.F.);
#3443=ORIENTED_EDGE('',*,*,#2780,.T.);
#3444=ORIENTED_EDGE('',*,*,#2781,.T.);
#3445=ORIENTED_EDGE('',*,*,#2782,.F.);
#3446=ORIENTED_EDGE('',*,*,#2783,.F.);
#3447=ORIENTED_EDGE('',*,*,#2784,.T.);
#3448=ORIENTED_EDGE('',*,*,#2785,.T.);
#3449=ORIENTED_EDGE('',*,*,#2786,.F.);
#3450=ORIENTED_EDGE('',*,*,#2787,.F.);
#3451=ORIENTED_EDGE('',*,*,#2788,.T.);
#3452=ORIENTED_EDGE('',*,*,#2789,.T.);
#3453=ORIENTED_EDGE('',*,*,#2790,.F.);
#3454=ORIENTED_EDGE('',*,*,#2791,.F.);
#3455=ORIENTED_EDGE('',*,*,#2792,.T.);
#3456=ORIENTED_EDGE('',*,*,#2793,.T.);
#3457=ORIENTED_EDGE('',*,*,#2794,.T.);
#3458=ORIENTED_EDGE('',*,*,#2795,.T.);
#3459=ORIENTED_EDGE('',*,*,#2796,.T.);
#3460=ORIENTED_EDGE('',*,*,#2797,.T.);
#3461=ORIENTED_EDGE('',*,*,#2798,.T.);
#3462=ORIENTED_EDGE('',*,*,#2799,.T.);
#3463=ORIENTED_EDGE('',*,*,#2800,.T.);
#3464=ORIENTED_EDGE('',*,*,#2801,.T.);
#3465=ORIENTED_EDGE('',*,*,#2802,.T.);
#3466=ORIENTED_EDGE('',*,*,#2803,.F.);
#3467=ORIENTED_EDGE('',*,*,#2804,.F.);
#3468=ORIENTED_EDGE('',*,*,#2805,.T.);
#3469=ORIENTED_EDGE('',*,*,#2806,.T.);
#3470=ORIENTED_EDGE('',*,*,#2807,.T.);
#3471=ORIENTED_EDGE('',*,*,#2808,.T.);
#3472=ORIENTED_EDGE('',*,*,#2809,.T.);
#3473=ORIENTED_EDGE('',*,*,#2810,.F.);
#3474=ORIENTED_EDGE('',*,*,#2811,.F.);
#3475=ORIENTED_EDGE('',*,*,#2812,.F.);
#3476=ORIENTED_EDGE('',*,*,#2813,.T.);
#3477=ORIENTED_EDGE('',*,*,#2814,.T.);
#3478=ORIENTED_EDGE('',*,*,#2815,.F.);
#3479=ORIENTED_EDGE('',*,*,#2792,.F.);
#3480=ORIENTED_EDGE('',*,*,#2816,.T.);
#3481=ORIENTED_EDGE('',*,*,#2809,.F.);
#3482=ORIENTED_EDGE('',*,*,#2817,.T.);
#3483=ORIENTED_EDGE('',*,*,#2818,.T.);
#3484=ORIENTED_EDGE('',*,*,#2813,.F.);
#3485=ORIENTED_EDGE('',*,*,#2819,.F.);
#3486=ORIENTED_EDGE('',*,*,#2820,.F.);
#3487=ORIENTED_EDGE('',*,*,#2821,.F.);
#3488=ORIENTED_EDGE('',*,*,#2822,.T.);
#3489=ORIENTED_EDGE('',*,*,#2823,.T.);
#3490=ORIENTED_EDGE('',*,*,#2824,.F.);
#3491=ORIENTED_EDGE('',*,*,#2805,.F.);
#3492=ORIENTED_EDGE('',*,*,#2825,.T.);
#3493=ORIENTED_EDGE('',*,*,#2802,.F.);
#3494=ORIENTED_EDGE('',*,*,#2826,.T.);
#3495=ORIENTED_EDGE('',*,*,#2827,.T.);
#3496=ORIENTED_EDGE('',*,*,#2822,.F.);
#3497=ORIENTED_EDGE('',*,*,#2828,.F.);
#3498=ORIENTED_EDGE('',*,*,#2829,.F.);
#3499=ORIENTED_EDGE('',*,*,#2830,.F.);
#3500=ORIENTED_EDGE('',*,*,#2831,.T.);
#3501=ORIENTED_EDGE('',*,*,#2832,.T.);
#3502=ORIENTED_EDGE('',*,*,#2833,.T.);
#3503=ORIENTED_EDGE('',*,*,#2834,.T.);
#3504=ORIENTED_EDGE('',*,*,#2835,.T.);
#3505=ORIENTED_EDGE('',*,*,#2836,.T.);
#3506=ORIENTED_EDGE('',*,*,#2837,.T.);
#3507=ORIENTED_EDGE('',*,*,#2838,.T.);
#3508=ORIENTED_EDGE('',*,*,#2829,.T.);
#3509=ORIENTED_EDGE('',*,*,#2839,.T.);
#3510=ORIENTED_EDGE('',*,*,#2840,.T.);
#3511=ORIENTED_EDGE('',*,*,#2729,.T.);
#3512=ORIENTED_EDGE('',*,*,#2841,.F.);
#3513=ORIENTED_EDGE('',*,*,#2842,.T.);
#3514=ORIENTED_EDGE('',*,*,#2843,.F.);
#3515=ORIENTED_EDGE('',*,*,#2844,.T.);
#3516=ORIENTED_EDGE('',*,*,#2845,.F.);
#3517=ORIENTED_EDGE('',*,*,#2725,.T.);
#3518=ORIENTED_EDGE('',*,*,#2846,.F.);
#3519=ORIENTED_EDGE('',*,*,#2847,.F.);
#3520=ORIENTED_EDGE('',*,*,#2713,.F.);
#3521=ORIENTED_EDGE('',*,*,#2848,.F.);
#3522=ORIENTED_EDGE('',*,*,#2709,.F.);
#3523=ORIENTED_EDGE('',*,*,#2849,.F.);
#3524=ORIENTED_EDGE('',*,*,#2838,.F.);
#3525=ORIENTED_EDGE('',*,*,#2837,.F.);
#3526=ORIENTED_EDGE('',*,*,#2850,.F.);
#3527=ORIENTED_EDGE('',*,*,#2830,.T.);
#3528=ORIENTED_EDGE('',*,*,#2851,.T.);
#3529=ORIENTED_EDGE('',*,*,#2852,.T.);
#3530=ORIENTED_EDGE('',*,*,#2853,.T.);
#3531=ORIENTED_EDGE('',*,*,#2854,.T.);
#3532=ORIENTED_EDGE('',*,*,#2855,.T.);
#3533=ORIENTED_EDGE('',*,*,#2856,.F.);
#3534=ORIENTED_EDGE('',*,*,#2737,.F.);
#3535=ORIENTED_EDGE('',*,*,#2857,.T.);
#3536=ORIENTED_EDGE('',*,*,#2858,.T.);
#3537=ORIENTED_EDGE('',*,*,#2859,.T.);
#3538=ORIENTED_EDGE('',*,*,#2860,.T.);
#3539=ORIENTED_EDGE('',*,*,#2861,.T.);
#3540=ORIENTED_EDGE('',*,*,#2733,.F.);
#3541=ORIENTED_EDGE('',*,*,#2862,.T.);
#3542=ORIENTED_EDGE('',*,*,#2705,.T.);
#3543=ORIENTED_EDGE('',*,*,#2863,.T.);
#3544=ORIENTED_EDGE('',*,*,#2701,.T.);
#3545=ORIENTED_EDGE('',*,*,#2864,.T.);
#3546=ORIENTED_EDGE('',*,*,#2852,.F.);
#3547=ORIENTED_EDGE('',*,*,#2865,.T.);
#3548=ORIENTED_EDGE('',*,*,#2866,.T.);
#3549=ORIENTED_EDGE('',*,*,#2867,.T.);
#3550=ORIENTED_EDGE('',*,*,#2868,.F.);
#3551=ORIENTED_EDGE('',*,*,#2869,.F.);
#3552=ORIENTED_EDGE('',*,*,#2870,.F.);
#3553=ORIENTED_EDGE('',*,*,#2871,.F.);
#3554=ORIENTED_EDGE('',*,*,#2851,.F.);
#3555=ORIENTED_EDGE('',*,*,#2862,.F.);
#3556=ORIENTED_EDGE('',*,*,#2732,.F.);
#3557=ORIENTED_EDGE('',*,*,#2872,.T.);
#3558=ORIENTED_EDGE('',*,*,#2865,.F.);
#3559=ORIENTED_EDGE('',*,*,#2873,.F.);
#3560=ORIENTED_EDGE('',*,*,#2855,.F.);
#3561=ORIENTED_EDGE('',*,*,#2874,.F.);
#3562=ORIENTED_EDGE('',*,*,#2875,.T.);
#3563=ORIENTED_EDGE('',*,*,#2850,.T.);
#3564=ORIENTED_EDGE('',*,*,#2847,.T.);
#3565=ORIENTED_EDGE('',*,*,#2876,.T.);
#3566=ORIENTED_EDGE('',*,*,#2877,.T.);
#3567=ORIENTED_EDGE('',*,*,#2878,.T.);
#3568=ORIENTED_EDGE('',*,*,#2879,.T.);
#3569=ORIENTED_EDGE('',*,*,#2880,.T.);
#3570=ORIENTED_EDGE('',*,*,#2881,.T.);
#3571=ORIENTED_EDGE('',*,*,#2882,.T.);
#3572=ORIENTED_EDGE('',*,*,#2883,.T.);
#3573=ORIENTED_EDGE('',*,*,#2884,.T.);
#3574=ORIENTED_EDGE('',*,*,#2885,.T.);
#3575=ORIENTED_EDGE('',*,*,#2886,.T.);
#3576=ORIENTED_EDGE('',*,*,#2887,.T.);
#3577=ORIENTED_EDGE('',*,*,#2888,.T.);
#3578=ORIENTED_EDGE('',*,*,#2889,.T.);
#3579=ORIENTED_EDGE('',*,*,#2890,.T.);
#3580=ORIENTED_EDGE('',*,*,#2891,.T.);
#3581=ORIENTED_EDGE('',*,*,#2892,.T.);
#3582=ORIENTED_EDGE('',*,*,#2893,.T.);
#3583=ORIENTED_EDGE('',*,*,#2894,.T.);
#3584=ORIENTED_EDGE('',*,*,#2895,.T.);
#3585=ORIENTED_EDGE('',*,*,#2896,.T.);
#3586=ORIENTED_EDGE('',*,*,#2897,.T.);
#3587=ORIENTED_EDGE('',*,*,#2898,.T.);
#3588=ORIENTED_EDGE('',*,*,#2899,.T.);
#3589=ORIENTED_EDGE('',*,*,#2900,.T.);
#3590=ORIENTED_EDGE('',*,*,#2901,.T.);
#3591=ORIENTED_EDGE('',*,*,#2902,.T.);
#3592=ORIENTED_EDGE('',*,*,#2903,.T.);
#3593=ORIENTED_EDGE('',*,*,#2904,.T.);
#3594=ORIENTED_EDGE('',*,*,#2905,.T.);
#3595=ORIENTED_EDGE('',*,*,#2906,.T.);
#3596=ORIENTED_EDGE('',*,*,#2907,.T.);
#3597=ORIENTED_EDGE('',*,*,#2908,.T.);
#3598=ORIENTED_EDGE('',*,*,#2909,.T.);
#3599=ORIENTED_EDGE('',*,*,#2910,.T.);
#3600=ORIENTED_EDGE('',*,*,#2911,.T.);
#3601=ORIENTED_EDGE('',*,*,#2912,.T.);
#3602=ORIENTED_EDGE('',*,*,#2913,.T.);
#3603=ORIENTED_EDGE('',*,*,#2717,.F.);
#3604=ORIENTED_EDGE('',*,*,#2914,.F.);
#3605=ORIENTED_EDGE('',*,*,#2721,.F.);
#3606=ORIENTED_EDGE('',*,*,#2915,.F.);
#3607=ORIENTED_EDGE('',*,*,#2916,.T.);
#3608=ORIENTED_EDGE('',*,*,#2917,.T.);
#3609=ORIENTED_EDGE('',*,*,#2918,.T.);
#3610=ORIENTED_EDGE('',*,*,#2919,.T.);
#3611=ORIENTED_EDGE('',*,*,#2920,.T.);
#3612=ORIENTED_EDGE('',*,*,#2921,.T.);
#3613=ORIENTED_EDGE('',*,*,#2922,.T.);
#3614=ORIENTED_EDGE('',*,*,#2923,.T.);
#3615=ORIENTED_EDGE('',*,*,#2924,.T.);
#3616=ORIENTED_EDGE('',*,*,#2925,.T.);
#3617=ORIENTED_EDGE('',*,*,#2926,.T.);
#3618=ORIENTED_EDGE('',*,*,#2927,.T.);
#3619=ORIENTED_EDGE('',*,*,#2928,.T.);
#3620=ORIENTED_EDGE('',*,*,#2929,.T.);
#3621=ORIENTED_EDGE('',*,*,#2930,.T.);
#3622=ORIENTED_EDGE('',*,*,#2931,.T.);
#3623=ORIENTED_EDGE('',*,*,#2932,.T.);
#3624=ORIENTED_EDGE('',*,*,#2933,.T.);
#3625=ORIENTED_EDGE('',*,*,#2934,.T.);
#3626=ORIENTED_EDGE('',*,*,#2935,.T.);
#3627=ORIENTED_EDGE('',*,*,#2936,.T.);
#3628=ORIENTED_EDGE('',*,*,#2937,.T.);
#3629=ORIENTED_EDGE('',*,*,#2938,.T.);
#3630=ORIENTED_EDGE('',*,*,#2939,.T.);
#3631=ORIENTED_EDGE('',*,*,#2940,.T.);
#3632=ORIENTED_EDGE('',*,*,#2941,.T.);
#3633=ORIENTED_EDGE('',*,*,#2942,.T.);
#3634=ORIENTED_EDGE('',*,*,#2943,.T.);
#3635=ORIENTED_EDGE('',*,*,#2944,.T.);
#3636=ORIENTED_EDGE('',*,*,#2945,.T.);
#3637=ORIENTED_EDGE('',*,*,#2946,.T.);
#3638=ORIENTED_EDGE('',*,*,#2947,.T.);
#3639=ORIENTED_EDGE('',*,*,#2948,.T.);
#3640=ORIENTED_EDGE('',*,*,#2949,.T.);
#3641=ORIENTED_EDGE('',*,*,#2950,.T.);
#3642=ORIENTED_EDGE('',*,*,#2951,.T.);
#3643=ORIENTED_EDGE('',*,*,#2952,.T.);
#3644=ORIENTED_EDGE('',*,*,#2953,.T.);
#3645=ORIENTED_EDGE('',*,*,#2954,.T.);
#3646=ORIENTED_EDGE('',*,*,#2955,.T.);
#3647=ORIENTED_EDGE('',*,*,#2956,.T.);
#3648=ORIENTED_EDGE('',*,*,#2957,.T.);
#3649=ORIENTED_EDGE('',*,*,#2958,.T.);
#3650=ORIENTED_EDGE('',*,*,#2959,.T.);
#3651=ORIENTED_EDGE('',*,*,#2840,.F.);
#3652=ORIENTED_EDGE('',*,*,#2839,.F.);
#3653=ORIENTED_EDGE('',*,*,#2832,.F.);
#3654=ORIENTED_EDGE('',*,*,#2960,.T.);
#3655=ORIENTED_EDGE('',*,*,#2730,.T.);
#3656=ORIENTED_EDGE('',*,*,#2854,.F.);
#3657=ORIENTED_EDGE('',*,*,#2853,.F.);
#3658=ORIENTED_EDGE('',*,*,#2867,.F.);
#3659=ORIENTED_EDGE('',*,*,#2874,.T.);
#3660=ORIENTED_EDGE('',*,*,#2831,.F.);
#3661=ORIENTED_EDGE('',*,*,#2875,.F.);
#3662=ORIENTED_EDGE('',*,*,#2866,.F.);
#3663=ORIENTED_EDGE('',*,*,#2872,.F.);
#3664=ORIENTED_EDGE('',*,*,#2731,.F.);
#3665=ORIENTED_EDGE('',*,*,#2960,.F.);
#3666=ORIENTED_EDGE('',*,*,#2846,.T.);
#3667=ORIENTED_EDGE('',*,*,#2738,.T.);
#3668=ORIENTED_EDGE('',*,*,#2856,.T.);
#3669=ORIENTED_EDGE('',*,*,#2873,.T.);
#3670=ORIENTED_EDGE('',*,*,#2961,.F.);
#3671=ORIENTED_EDGE('',*,*,#2962,.F.);
#3672=ORIENTED_EDGE('',*,*,#2963,.F.);
#3673=ORIENTED_EDGE('',*,*,#2823,.F.);
#3674=ORIENTED_EDGE('',*,*,#2827,.F.);
#3675=ORIENTED_EDGE('',*,*,#2964,.F.);
#3676=ORIENTED_EDGE('',*,*,#2965,.F.);
#3677=ORIENTED_EDGE('',*,*,#2966,.F.);
#3678=ORIENTED_EDGE('',*,*,#2967,.F.);
#3679=ORIENTED_EDGE('',*,*,#2968,.F.);
#3680=ORIENTED_EDGE('',*,*,#2969,.F.);
#3681=ORIENTED_EDGE('',*,*,#2970,.F.);
#3682=ORIENTED_EDGE('',*,*,#2971,.F.);
#3683=ORIENTED_EDGE('',*,*,#2972,.F.);
#3684=ORIENTED_EDGE('',*,*,#2814,.F.);
#3685=ORIENTED_EDGE('',*,*,#2818,.F.);
#3686=ORIENTED_EDGE('',*,*,#2961,.T.);
#3687=ORIENTED_EDGE('',*,*,#2817,.F.);
#3688=ORIENTED_EDGE('',*,*,#2808,.F.);
#3689=ORIENTED_EDGE('',*,*,#2973,.T.);
#3690=ORIENTED_EDGE('',*,*,#2962,.T.);
#3691=ORIENTED_EDGE('',*,*,#2973,.F.);
#3692=ORIENTED_EDGE('',*,*,#2807,.F.);
#3693=ORIENTED_EDGE('',*,*,#2974,.T.);
#3694=ORIENTED_EDGE('',*,*,#2963,.T.);
#3695=ORIENTED_EDGE('',*,*,#2974,.F.);
#3696=ORIENTED_EDGE('',*,*,#2806,.F.);
#3697=ORIENTED_EDGE('',*,*,#2824,.T.);
#3698=ORIENTED_EDGE('',*,*,#2964,.T.);
#3699=ORIENTED_EDGE('',*,*,#2826,.F.);
#3700=ORIENTED_EDGE('',*,*,#2801,.F.);
#3701=ORIENTED_EDGE('',*,*,#2975,.T.);
#3702=ORIENTED_EDGE('',*,*,#2965,.T.);
#3703=ORIENTED_EDGE('',*,*,#2975,.F.);
#3704=ORIENTED_EDGE('',*,*,#2800,.F.);
#3705=ORIENTED_EDGE('',*,*,#2976,.T.);
#3706=ORIENTED_EDGE('',*,*,#2966,.T.);
#3707=ORIENTED_EDGE('',*,*,#2976,.F.);
#3708=ORIENTED_EDGE('',*,*,#2799,.F.);
#3709=ORIENTED_EDGE('',*,*,#2977,.T.);
#3710=ORIENTED_EDGE('',*,*,#2967,.T.);
#3711=ORIENTED_EDGE('',*,*,#2977,.F.);
#3712=ORIENTED_EDGE('',*,*,#2798,.F.);
#3713=ORIENTED_EDGE('',*,*,#2978,.T.);
#3714=ORIENTED_EDGE('',*,*,#2968,.T.);
#3715=ORIENTED_EDGE('',*,*,#2978,.F.);
#3716=ORIENTED_EDGE('',*,*,#2797,.F.);
#3717=ORIENTED_EDGE('',*,*,#2979,.T.);
#3718=ORIENTED_EDGE('',*,*,#2969,.T.);
#3719=ORIENTED_EDGE('',*,*,#2979,.F.);
#3720=ORIENTED_EDGE('',*,*,#2796,.F.);
#3721=ORIENTED_EDGE('',*,*,#2980,.T.);
#3722=ORIENTED_EDGE('',*,*,#2970,.T.);
#3723=ORIENTED_EDGE('',*,*,#2980,.F.);
#3724=ORIENTED_EDGE('',*,*,#2795,.F.);
#3725=ORIENTED_EDGE('',*,*,#2981,.T.);
#3726=ORIENTED_EDGE('',*,*,#2971,.T.);
#3727=ORIENTED_EDGE('',*,*,#2981,.F.);
#3728=ORIENTED_EDGE('',*,*,#2794,.F.);
#3729=ORIENTED_EDGE('',*,*,#2982,.T.);
#3730=ORIENTED_EDGE('',*,*,#2972,.T.);
#3731=ORIENTED_EDGE('',*,*,#2982,.F.);
#3732=ORIENTED_EDGE('',*,*,#2793,.F.);
#3733=ORIENTED_EDGE('',*,*,#2815,.T.);
#3734=ORIENTED_EDGE('',*,*,#2861,.F.);
#3735=ORIENTED_EDGE('',*,*,#2983,.T.);
#3736=ORIENTED_EDGE('',*,*,#2984,.T.);
#3737=ORIENTED_EDGE('',*,*,#2734,.T.);
#3738=ORIENTED_EDGE('',*,*,#2859,.F.);
#3739=ORIENTED_EDGE('',*,*,#2985,.T.);
#3740=ORIENTED_EDGE('',*,*,#2986,.T.);
#3741=ORIENTED_EDGE('',*,*,#2987,.T.);
#3742=ORIENTED_EDGE('',*,*,#2988,.T.);
#3743=ORIENTED_EDGE('',*,*,#2989,.T.);
#3744=ORIENTED_EDGE('',*,*,#2857,.F.);
#3745=ORIENTED_EDGE('',*,*,#2736,.F.);
#3746=ORIENTED_EDGE('',*,*,#2986,.F.);
#3747=ORIENTED_EDGE('',*,*,#2990,.T.);
#3748=ORIENTED_EDGE('',*,*,#2988,.F.);
#3749=ORIENTED_EDGE('',*,*,#2735,.F.);
#3750=ORIENTED_EDGE('',*,*,#2984,.F.);
#3751=ORIENTED_EDGE('',*,*,#2991,.T.);
#3752=ORIENTED_EDGE('',*,*,#2990,.F.);
#3753=ORIENTED_EDGE('',*,*,#2985,.F.);
#3754=ORIENTED_EDGE('',*,*,#2858,.F.);
#3755=ORIENTED_EDGE('',*,*,#2989,.F.);
#3756=ORIENTED_EDGE('',*,*,#2991,.F.);
#3757=ORIENTED_EDGE('',*,*,#2983,.F.);
#3758=ORIENTED_EDGE('',*,*,#2860,.F.);
#3759=ORIENTED_EDGE('',*,*,#2987,.F.);
#3760=ORIENTED_EDGE('',*,*,#2845,.T.);
#3761=ORIENTED_EDGE('',*,*,#2992,.T.);
#3762=ORIENTED_EDGE('',*,*,#2993,.F.);
#3763=ORIENTED_EDGE('',*,*,#2726,.T.);
#3764=ORIENTED_EDGE('',*,*,#2994,.F.);
#3765=ORIENTED_EDGE('',*,*,#2995,.T.);
#3766=ORIENTED_EDGE('',*,*,#2843,.T.);
#3767=ORIENTED_EDGE('',*,*,#2996,.T.);
#3768=ORIENTED_EDGE('',*,*,#2997,.F.);
#3769=ORIENTED_EDGE('',*,*,#2998,.T.);
#3770=ORIENTED_EDGE('',*,*,#2841,.T.);
#3771=ORIENTED_EDGE('',*,*,#2728,.F.);
#3772=ORIENTED_EDGE('',*,*,#2993,.T.);
#3773=ORIENTED_EDGE('',*,*,#2999,.T.);
#3774=ORIENTED_EDGE('',*,*,#2994,.T.);
#3775=ORIENTED_EDGE('',*,*,#3000,.T.);
#3776=ORIENTED_EDGE('',*,*,#2997,.T.);
#3777=ORIENTED_EDGE('',*,*,#2727,.T.);
#3778=ORIENTED_EDGE('',*,*,#2999,.F.);
#3779=ORIENTED_EDGE('',*,*,#2992,.F.);
#3780=ORIENTED_EDGE('',*,*,#2844,.F.);
#3781=ORIENTED_EDGE('',*,*,#2995,.F.);
#3782=ORIENTED_EDGE('',*,*,#3000,.F.);
#3783=ORIENTED_EDGE('',*,*,#2996,.F.);
#3784=ORIENTED_EDGE('',*,*,#2842,.F.);
#3785=ORIENTED_EDGE('',*,*,#2998,.F.);
#3786=ORIENTED_EDGE('',*,*,#3001,.T.);
#3787=ORIENTED_EDGE('',*,*,#3002,.F.);
#3788=ORIENTED_EDGE('',*,*,#3003,.F.);
#3789=ORIENTED_EDGE('',*,*,#2790,.T.);
#3790=ORIENTED_EDGE('',*,*,#3004,.T.);
#3791=ORIENTED_EDGE('',*,*,#3005,.F.);
#3792=ORIENTED_EDGE('',*,*,#3006,.F.);
#3793=ORIENTED_EDGE('',*,*,#3002,.T.);
#3794=ORIENTED_EDGE('',*,*,#3007,.T.);
#3795=ORIENTED_EDGE('',*,*,#2788,.F.);
#3796=ORIENTED_EDGE('',*,*,#3008,.F.);
#3797=ORIENTED_EDGE('',*,*,#3005,.T.);
#3798=ORIENTED_EDGE('',*,*,#3003,.T.);
#3799=ORIENTED_EDGE('',*,*,#3006,.T.);
#3800=ORIENTED_EDGE('',*,*,#3008,.T.);
#3801=ORIENTED_EDGE('',*,*,#2787,.T.);
#3802=ORIENTED_EDGE('',*,*,#3001,.F.);
#3803=ORIENTED_EDGE('',*,*,#2789,.F.);
#3804=ORIENTED_EDGE('',*,*,#3007,.F.);
#3805=ORIENTED_EDGE('',*,*,#3004,.F.);
#3806=ORIENTED_EDGE('',*,*,#3009,.T.);
#3807=ORIENTED_EDGE('',*,*,#3010,.F.);
#3808=ORIENTED_EDGE('',*,*,#3011,.F.);
#3809=ORIENTED_EDGE('',*,*,#2786,.T.);
#3810=ORIENTED_EDGE('',*,*,#3012,.T.);
#3811=ORIENTED_EDGE('',*,*,#3013,.F.);
#3812=ORIENTED_EDGE('',*,*,#3014,.F.);
#3813=ORIENTED_EDGE('',*,*,#3010,.T.);
#3814=ORIENTED_EDGE('',*,*,#3015,.T.);
#3815=ORIENTED_EDGE('',*,*,#2784,.F.);
#3816=ORIENTED_EDGE('',*,*,#3016,.F.);
#3817=ORIENTED_EDGE('',*,*,#3013,.T.);
#3818=ORIENTED_EDGE('',*,*,#3011,.T.);
#3819=ORIENTED_EDGE('',*,*,#3014,.T.);
#3820=ORIENTED_EDGE('',*,*,#3016,.T.);
#3821=ORIENTED_EDGE('',*,*,#2783,.T.);
#3822=ORIENTED_EDGE('',*,*,#3009,.F.);
#3823=ORIENTED_EDGE('',*,*,#2785,.F.);
#3824=ORIENTED_EDGE('',*,*,#3015,.F.);
#3825=ORIENTED_EDGE('',*,*,#3012,.F.);
#3826=ORIENTED_EDGE('',*,*,#3017,.T.);
#3827=ORIENTED_EDGE('',*,*,#3018,.F.);
#3828=ORIENTED_EDGE('',*,*,#3019,.F.);
#3829=ORIENTED_EDGE('',*,*,#2782,.T.);
#3830=ORIENTED_EDGE('',*,*,#3020,.T.);
#3831=ORIENTED_EDGE('',*,*,#3021,.F.);
#3832=ORIENTED_EDGE('',*,*,#3022,.F.);
#3833=ORIENTED_EDGE('',*,*,#3018,.T.);
#3834=ORIENTED_EDGE('',*,*,#3023,.T.);
#3835=ORIENTED_EDGE('',*,*,#2780,.F.);
#3836=ORIENTED_EDGE('',*,*,#3024,.F.);
#3837=ORIENTED_EDGE('',*,*,#3021,.T.);
#3838=ORIENTED_EDGE('',*,*,#3019,.T.);
#3839=ORIENTED_EDGE('',*,*,#3022,.T.);
#3840=ORIENTED_EDGE('',*,*,#3024,.T.);
#3841=ORIENTED_EDGE('',*,*,#2779,.T.);
#3842=ORIENTED_EDGE('',*,*,#3017,.F.);
#3843=ORIENTED_EDGE('',*,*,#2781,.F.);
#3844=ORIENTED_EDGE('',*,*,#3023,.F.);
#3845=ORIENTED_EDGE('',*,*,#3020,.F.);
#3846=ORIENTED_EDGE('',*,*,#3025,.T.);
#3847=ORIENTED_EDGE('',*,*,#3026,.F.);
#3848=ORIENTED_EDGE('',*,*,#3027,.F.);
#3849=ORIENTED_EDGE('',*,*,#2778,.T.);
#3850=ORIENTED_EDGE('',*,*,#3028,.T.);
#3851=ORIENTED_EDGE('',*,*,#3029,.F.);
#3852=ORIENTED_EDGE('',*,*,#3030,.F.);
#3853=ORIENTED_EDGE('',*,*,#3026,.T.);
#3854=ORIENTED_EDGE('',*,*,#3031,.T.);
#3855=ORIENTED_EDGE('',*,*,#2776,.F.);
#3856=ORIENTED_EDGE('',*,*,#3032,.F.);
#3857=ORIENTED_EDGE('',*,*,#3029,.T.);
#3858=ORIENTED_EDGE('',*,*,#3027,.T.);
#3859=ORIENTED_EDGE('',*,*,#3030,.T.);
#3860=ORIENTED_EDGE('',*,*,#3032,.T.);
#3861=ORIENTED_EDGE('',*,*,#2775,.T.);
#3862=ORIENTED_EDGE('',*,*,#3025,.F.);
#3863=ORIENTED_EDGE('',*,*,#2777,.F.);
#3864=ORIENTED_EDGE('',*,*,#3031,.F.);
#3865=ORIENTED_EDGE('',*,*,#3028,.F.);
#3866=ORIENTED_EDGE('',*,*,#3033,.T.);
#3867=ORIENTED_EDGE('',*,*,#3034,.F.);
#3868=ORIENTED_EDGE('',*,*,#3035,.F.);
#3869=ORIENTED_EDGE('',*,*,#2774,.T.);
#3870=ORIENTED_EDGE('',*,*,#3036,.T.);
#3871=ORIENTED_EDGE('',*,*,#3037,.F.);
#3872=ORIENTED_EDGE('',*,*,#3038,.F.);
#3873=ORIENTED_EDGE('',*,*,#3034,.T.);
#3874=ORIENTED_EDGE('',*,*,#3039,.T.);
#3875=ORIENTED_EDGE('',*,*,#2772,.F.);
#3876=ORIENTED_EDGE('',*,*,#3040,.F.);
#3877=ORIENTED_EDGE('',*,*,#3037,.T.);
#3878=ORIENTED_EDGE('',*,*,#3035,.T.);
#3879=ORIENTED_EDGE('',*,*,#3038,.T.);
#3880=ORIENTED_EDGE('',*,*,#3040,.T.);
#3881=ORIENTED_EDGE('',*,*,#2771,.T.);
#3882=ORIENTED_EDGE('',*,*,#3033,.F.);
#3883=ORIENTED_EDGE('',*,*,#2773,.F.);
#3884=ORIENTED_EDGE('',*,*,#3039,.F.);
#3885=ORIENTED_EDGE('',*,*,#3036,.F.);
#3886=ORIENTED_EDGE('',*,*,#2953,.F.);
#3887=ORIENTED_EDGE('',*,*,#3041,.F.);
#3888=ORIENTED_EDGE('',*,*,#3042,.T.);
#3889=ORIENTED_EDGE('',*,*,#3043,.T.);
#3890=ORIENTED_EDGE('',*,*,#2954,.F.);
#3891=ORIENTED_EDGE('',*,*,#3043,.F.);
#3892=ORIENTED_EDGE('',*,*,#3044,.T.);
#3893=ORIENTED_EDGE('',*,*,#3045,.T.);
#3894=ORIENTED_EDGE('',*,*,#2955,.F.);
#3895=ORIENTED_EDGE('',*,*,#3045,.F.);
#3896=ORIENTED_EDGE('',*,*,#3046,.T.);
#3897=ORIENTED_EDGE('',*,*,#3047,.T.);
#3898=ORIENTED_EDGE('',*,*,#2956,.F.);
#3899=ORIENTED_EDGE('',*,*,#3047,.F.);
#3900=ORIENTED_EDGE('',*,*,#3048,.T.);
#3901=ORIENTED_EDGE('',*,*,#3049,.T.);
#3902=ORIENTED_EDGE('',*,*,#2957,.F.);
#3903=ORIENTED_EDGE('',*,*,#3049,.F.);
#3904=ORIENTED_EDGE('',*,*,#3050,.T.);
#3905=ORIENTED_EDGE('',*,*,#3051,.T.);
#3906=ORIENTED_EDGE('',*,*,#2958,.F.);
#3907=ORIENTED_EDGE('',*,*,#3051,.F.);
#3908=ORIENTED_EDGE('',*,*,#3052,.T.);
#3909=ORIENTED_EDGE('',*,*,#3053,.T.);
#3910=ORIENTED_EDGE('',*,*,#2959,.F.);
#3911=ORIENTED_EDGE('',*,*,#3053,.F.);
#3912=ORIENTED_EDGE('',*,*,#3054,.T.);
#3913=ORIENTED_EDGE('',*,*,#3055,.T.);
#3914=ORIENTED_EDGE('',*,*,#2952,.F.);
#3915=ORIENTED_EDGE('',*,*,#3055,.F.);
#3916=ORIENTED_EDGE('',*,*,#3056,.T.);
#3917=ORIENTED_EDGE('',*,*,#3041,.T.);
#3918=ORIENTED_EDGE('',*,*,#3042,.F.);
#3919=ORIENTED_EDGE('',*,*,#3056,.F.);
#3920=ORIENTED_EDGE('',*,*,#3054,.F.);
#3921=ORIENTED_EDGE('',*,*,#3052,.F.);
#3922=ORIENTED_EDGE('',*,*,#3050,.F.);
#3923=ORIENTED_EDGE('',*,*,#3048,.F.);
#3924=ORIENTED_EDGE('',*,*,#3046,.F.);
#3925=ORIENTED_EDGE('',*,*,#3044,.F.);
#3926=ORIENTED_EDGE('',*,*,#3057,.F.);
#3927=ORIENTED_EDGE('',*,*,#3058,.F.);
#3928=ORIENTED_EDGE('',*,*,#3059,.F.);
#3929=ORIENTED_EDGE('',*,*,#3060,.F.);
#3930=ORIENTED_EDGE('',*,*,#3061,.F.);
#3931=ORIENTED_EDGE('',*,*,#3059,.T.);
#3932=ORIENTED_EDGE('',*,*,#3062,.T.);
#3933=ORIENTED_EDGE('',*,*,#3063,.F.);
#3934=ORIENTED_EDGE('',*,*,#3064,.F.);
#3935=ORIENTED_EDGE('',*,*,#3057,.T.);
#3936=ORIENTED_EDGE('',*,*,#3061,.T.);
#3937=ORIENTED_EDGE('',*,*,#3065,.F.);
#3938=ORIENTED_EDGE('',*,*,#3062,.F.);
#3939=ORIENTED_EDGE('',*,*,#3058,.T.);
#3940=ORIENTED_EDGE('',*,*,#3064,.T.);
#3941=ORIENTED_EDGE('',*,*,#3063,.T.);
#3942=ORIENTED_EDGE('',*,*,#3060,.T.);
#3943=ORIENTED_EDGE('',*,*,#3065,.T.);
#3944=ORIENTED_EDGE('',*,*,#2877,.F.);
#3945=ORIENTED_EDGE('',*,*,#3066,.F.);
#3946=ORIENTED_EDGE('',*,*,#3067,.T.);
#3947=ORIENTED_EDGE('',*,*,#3068,.T.);
#3948=ORIENTED_EDGE('',*,*,#2878,.F.);
#3949=ORIENTED_EDGE('',*,*,#3068,.F.);
#3950=ORIENTED_EDGE('',*,*,#3069,.T.);
#3951=ORIENTED_EDGE('',*,*,#3070,.T.);
#3952=ORIENTED_EDGE('',*,*,#2879,.F.);
#3953=ORIENTED_EDGE('',*,*,#3070,.F.);
#3954=ORIENTED_EDGE('',*,*,#3071,.T.);
#3955=ORIENTED_EDGE('',*,*,#3072,.T.);
#3956=ORIENTED_EDGE('',*,*,#2880,.F.);
#3957=ORIENTED_EDGE('',*,*,#3072,.F.);
#3958=ORIENTED_EDGE('',*,*,#3073,.T.);
#3959=ORIENTED_EDGE('',*,*,#3074,.T.);
#3960=ORIENTED_EDGE('',*,*,#2881,.F.);
#3961=ORIENTED_EDGE('',*,*,#3074,.F.);
#3962=ORIENTED_EDGE('',*,*,#3075,.T.);
#3963=ORIENTED_EDGE('',*,*,#3076,.T.);
#3964=ORIENTED_EDGE('',*,*,#2882,.F.);
#3965=ORIENTED_EDGE('',*,*,#3076,.F.);
#3966=ORIENTED_EDGE('',*,*,#3077,.T.);
#3967=ORIENTED_EDGE('',*,*,#3078,.T.);
#3968=ORIENTED_EDGE('',*,*,#2883,.F.);
#3969=ORIENTED_EDGE('',*,*,#3078,.F.);
#3970=ORIENTED_EDGE('',*,*,#3079,.T.);
#3971=ORIENTED_EDGE('',*,*,#3080,.T.);
#3972=ORIENTED_EDGE('',*,*,#2884,.F.);
#3973=ORIENTED_EDGE('',*,*,#3080,.F.);
#3974=ORIENTED_EDGE('',*,*,#3081,.T.);
#3975=ORIENTED_EDGE('',*,*,#3082,.T.);
#3976=ORIENTED_EDGE('',*,*,#2885,.F.);
#3977=ORIENTED_EDGE('',*,*,#3082,.F.);
#3978=ORIENTED_EDGE('',*,*,#3083,.T.);
#3979=ORIENTED_EDGE('',*,*,#3084,.T.);
#3980=ORIENTED_EDGE('',*,*,#2886,.F.);
#3981=ORIENTED_EDGE('',*,*,#3084,.F.);
#3982=ORIENTED_EDGE('',*,*,#3085,.T.);
#3983=ORIENTED_EDGE('',*,*,#3086,.T.);
#3984=ORIENTED_EDGE('',*,*,#2876,.F.);
#3985=ORIENTED_EDGE('',*,*,#3086,.F.);
#3986=ORIENTED_EDGE('',*,*,#3087,.T.);
#3987=ORIENTED_EDGE('',*,*,#3066,.T.);
#3988=ORIENTED_EDGE('',*,*,#3067,.F.);
#3989=ORIENTED_EDGE('',*,*,#3087,.F.);
#3990=ORIENTED_EDGE('',*,*,#3085,.F.);
#3991=ORIENTED_EDGE('',*,*,#3083,.F.);
#3992=ORIENTED_EDGE('',*,*,#3081,.F.);
#3993=ORIENTED_EDGE('',*,*,#3079,.F.);
#3994=ORIENTED_EDGE('',*,*,#3077,.F.);
#3995=ORIENTED_EDGE('',*,*,#3075,.F.);
#3996=ORIENTED_EDGE('',*,*,#3073,.F.);
#3997=ORIENTED_EDGE('',*,*,#3071,.F.);
#3998=ORIENTED_EDGE('',*,*,#3069,.F.);
#3999=ORIENTED_EDGE('',*,*,#3088,.F.);
#4000=ORIENTED_EDGE('',*,*,#3089,.F.);
#4001=ORIENTED_EDGE('',*,*,#3090,.F.);
#4002=ORIENTED_EDGE('',*,*,#3091,.F.);
#4003=ORIENTED_EDGE('',*,*,#3092,.F.);
#4004=ORIENTED_EDGE('',*,*,#3093,.F.);
#4005=ORIENTED_EDGE('',*,*,#3094,.F.);
#4006=ORIENTED_EDGE('',*,*,#3092,.T.);
#4007=ORIENTED_EDGE('',*,*,#3095,.T.);
#4008=ORIENTED_EDGE('',*,*,#3096,.F.);
#4009=ORIENTED_EDGE('',*,*,#3097,.F.);
#4010=ORIENTED_EDGE('',*,*,#3088,.T.);
#4011=ORIENTED_EDGE('',*,*,#3094,.T.);
#4012=ORIENTED_EDGE('',*,*,#3098,.F.);
#4013=ORIENTED_EDGE('',*,*,#3099,.F.);
#4014=ORIENTED_EDGE('',*,*,#3089,.T.);
#4015=ORIENTED_EDGE('',*,*,#3097,.T.);
#4016=ORIENTED_EDGE('',*,*,#3100,.F.);
#4017=ORIENTED_EDGE('',*,*,#3101,.F.);
#4018=ORIENTED_EDGE('',*,*,#3090,.T.);
#4019=ORIENTED_EDGE('',*,*,#3099,.T.);
#4020=ORIENTED_EDGE('',*,*,#3102,.F.);
#4021=ORIENTED_EDGE('',*,*,#3095,.F.);
#4022=ORIENTED_EDGE('',*,*,#3091,.T.);
#4023=ORIENTED_EDGE('',*,*,#3101,.T.);
#4024=ORIENTED_EDGE('',*,*,#3096,.T.);
#4025=ORIENTED_EDGE('',*,*,#3093,.T.);
#4026=ORIENTED_EDGE('',*,*,#3102,.T.);
#4027=ORIENTED_EDGE('',*,*,#3100,.T.);
#4028=ORIENTED_EDGE('',*,*,#3098,.T.);
#4029=ORIENTED_EDGE('',*,*,#2944,.F.);
#4030=ORIENTED_EDGE('',*,*,#3103,.F.);
#4031=ORIENTED_EDGE('',*,*,#3104,.T.);
#4032=ORIENTED_EDGE('',*,*,#3105,.T.);
#4033=ORIENTED_EDGE('',*,*,#2945,.F.);
#4034=ORIENTED_EDGE('',*,*,#3105,.F.);
#4035=ORIENTED_EDGE('',*,*,#3106,.T.);
#4036=ORIENTED_EDGE('',*,*,#3107,.T.);
#4037=ORIENTED_EDGE('',*,*,#2946,.F.);
#4038=ORIENTED_EDGE('',*,*,#3107,.F.);
#4039=ORIENTED_EDGE('',*,*,#3108,.T.);
#4040=ORIENTED_EDGE('',*,*,#3109,.T.);
#4041=ORIENTED_EDGE('',*,*,#2947,.F.);
#4042=ORIENTED_EDGE('',*,*,#3109,.F.);
#4043=ORIENTED_EDGE('',*,*,#3110,.T.);
#4044=ORIENTED_EDGE('',*,*,#3111,.T.);
#4045=ORIENTED_EDGE('',*,*,#2948,.F.);
#4046=ORIENTED_EDGE('',*,*,#3111,.F.);
#4047=ORIENTED_EDGE('',*,*,#3112,.T.);
#4048=ORIENTED_EDGE('',*,*,#3113,.T.);
#4049=ORIENTED_EDGE('',*,*,#2949,.F.);
#4050=ORIENTED_EDGE('',*,*,#3113,.F.);
#4051=ORIENTED_EDGE('',*,*,#3114,.T.);
#4052=ORIENTED_EDGE('',*,*,#3115,.T.);
#4053=ORIENTED_EDGE('',*,*,#2950,.F.);
#4054=ORIENTED_EDGE('',*,*,#3115,.F.);
#4055=ORIENTED_EDGE('',*,*,#3116,.T.);
#4056=ORIENTED_EDGE('',*,*,#3117,.T.);
#4057=ORIENTED_EDGE('',*,*,#2951,.F.);
#4058=ORIENTED_EDGE('',*,*,#3117,.F.);
#4059=ORIENTED_EDGE('',*,*,#3118,.T.);
#4060=ORIENTED_EDGE('',*,*,#3119,.T.);
#4061=ORIENTED_EDGE('',*,*,#2943,.F.);
#4062=ORIENTED_EDGE('',*,*,#3119,.F.);
#4063=ORIENTED_EDGE('',*,*,#3120,.T.);
#4064=ORIENTED_EDGE('',*,*,#3103,.T.);
#4065=ORIENTED_EDGE('',*,*,#3104,.F.);
#4066=ORIENTED_EDGE('',*,*,#3120,.F.);
#4067=ORIENTED_EDGE('',*,*,#3118,.F.);
#4068=ORIENTED_EDGE('',*,*,#3116,.F.);
#4069=ORIENTED_EDGE('',*,*,#3114,.F.);
#4070=ORIENTED_EDGE('',*,*,#3112,.F.);
#4071=ORIENTED_EDGE('',*,*,#3110,.F.);
#4072=ORIENTED_EDGE('',*,*,#3108,.F.);
#4073=ORIENTED_EDGE('',*,*,#3106,.F.);
#4074=ORIENTED_EDGE('',*,*,#2888,.F.);
#4075=ORIENTED_EDGE('',*,*,#3121,.F.);
#4076=ORIENTED_EDGE('',*,*,#3122,.T.);
#4077=ORIENTED_EDGE('',*,*,#3123,.T.);
#4078=ORIENTED_EDGE('',*,*,#2889,.F.);
#4079=ORIENTED_EDGE('',*,*,#3123,.F.);
#4080=ORIENTED_EDGE('',*,*,#3124,.T.);
#4081=ORIENTED_EDGE('',*,*,#3125,.T.);
#4082=ORIENTED_EDGE('',*,*,#2890,.F.);
#4083=ORIENTED_EDGE('',*,*,#3125,.F.);
#4084=ORIENTED_EDGE('',*,*,#3126,.T.);
#4085=ORIENTED_EDGE('',*,*,#3127,.T.);
#4086=ORIENTED_EDGE('',*,*,#2891,.F.);
#4087=ORIENTED_EDGE('',*,*,#3127,.F.);
#4088=ORIENTED_EDGE('',*,*,#3128,.T.);
#4089=ORIENTED_EDGE('',*,*,#3129,.T.);
#4090=ORIENTED_EDGE('',*,*,#2892,.F.);
#4091=ORIENTED_EDGE('',*,*,#3129,.F.);
#4092=ORIENTED_EDGE('',*,*,#3130,.T.);
#4093=ORIENTED_EDGE('',*,*,#3131,.T.);
#4094=ORIENTED_EDGE('',*,*,#2893,.F.);
#4095=ORIENTED_EDGE('',*,*,#3131,.F.);
#4096=ORIENTED_EDGE('',*,*,#3132,.T.);
#4097=ORIENTED_EDGE('',*,*,#3133,.T.);
#4098=ORIENTED_EDGE('',*,*,#2894,.F.);
#4099=ORIENTED_EDGE('',*,*,#3133,.F.);
#4100=ORIENTED_EDGE('',*,*,#3134,.T.);
#4101=ORIENTED_EDGE('',*,*,#3135,.T.);
#4102=ORIENTED_EDGE('',*,*,#2895,.F.);
#4103=ORIENTED_EDGE('',*,*,#3135,.F.);
#4104=ORIENTED_EDGE('',*,*,#3136,.T.);
#4105=ORIENTED_EDGE('',*,*,#3137,.T.);
#4106=ORIENTED_EDGE('',*,*,#2887,.F.);
#4107=ORIENTED_EDGE('',*,*,#3137,.F.);
#4108=ORIENTED_EDGE('',*,*,#3138,.T.);
#4109=ORIENTED_EDGE('',*,*,#3121,.T.);
#4110=ORIENTED_EDGE('',*,*,#3122,.F.);
#4111=ORIENTED_EDGE('',*,*,#3138,.F.);
#4112=ORIENTED_EDGE('',*,*,#3136,.F.);
#4113=ORIENTED_EDGE('',*,*,#3134,.F.);
#4114=ORIENTED_EDGE('',*,*,#3132,.F.);
#4115=ORIENTED_EDGE('',*,*,#3130,.F.);
#4116=ORIENTED_EDGE('',*,*,#3128,.F.);
#4117=ORIENTED_EDGE('',*,*,#3126,.F.);
#4118=ORIENTED_EDGE('',*,*,#3124,.F.);
#4119=ORIENTED_EDGE('',*,*,#3139,.F.);
#4120=ORIENTED_EDGE('',*,*,#3140,.F.);
#4121=ORIENTED_EDGE('',*,*,#3141,.F.);
#4122=ORIENTED_EDGE('',*,*,#3142,.F.);
#4123=ORIENTED_EDGE('',*,*,#3143,.F.);
#4124=ORIENTED_EDGE('',*,*,#3144,.F.);
#4125=ORIENTED_EDGE('',*,*,#3145,.F.);
#4126=ORIENTED_EDGE('',*,*,#3143,.T.);
#4127=ORIENTED_EDGE('',*,*,#3146,.T.);
#4128=ORIENTED_EDGE('',*,*,#3147,.F.);
#4129=ORIENTED_EDGE('',*,*,#3148,.F.);
#4130=ORIENTED_EDGE('',*,*,#3139,.T.);
#4131=ORIENTED_EDGE('',*,*,#3145,.T.);
#4132=ORIENTED_EDGE('',*,*,#3149,.F.);
#4133=ORIENTED_EDGE('',*,*,#3150,.F.);
#4134=ORIENTED_EDGE('',*,*,#3140,.T.);
#4135=ORIENTED_EDGE('',*,*,#3148,.T.);
#4136=ORIENTED_EDGE('',*,*,#3151,.F.);
#4137=ORIENTED_EDGE('',*,*,#3152,.F.);
#4138=ORIENTED_EDGE('',*,*,#3141,.T.);
#4139=ORIENTED_EDGE('',*,*,#3150,.T.);
#4140=ORIENTED_EDGE('',*,*,#3153,.F.);
#4141=ORIENTED_EDGE('',*,*,#3146,.F.);
#4142=ORIENTED_EDGE('',*,*,#3142,.T.);
#4143=ORIENTED_EDGE('',*,*,#3152,.T.);
#4144=ORIENTED_EDGE('',*,*,#3147,.T.);
#4145=ORIENTED_EDGE('',*,*,#3144,.T.);
#4146=ORIENTED_EDGE('',*,*,#3153,.T.);
#4147=ORIENTED_EDGE('',*,*,#3151,.T.);
#4148=ORIENTED_EDGE('',*,*,#3149,.T.);
#4149=ORIENTED_EDGE('',*,*,#2938,.F.);
#4150=ORIENTED_EDGE('',*,*,#3154,.F.);
#4151=ORIENTED_EDGE('',*,*,#3155,.T.);
#4152=ORIENTED_EDGE('',*,*,#3156,.T.);
#4153=ORIENTED_EDGE('',*,*,#2939,.F.);
#4154=ORIENTED_EDGE('',*,*,#3156,.F.);
#4155=ORIENTED_EDGE('',*,*,#3157,.T.);
#4156=ORIENTED_EDGE('',*,*,#3158,.T.);
#4157=ORIENTED_EDGE('',*,*,#2940,.F.);
#4158=ORIENTED_EDGE('',*,*,#3158,.F.);
#4159=ORIENTED_EDGE('',*,*,#3159,.T.);
#4160=ORIENTED_EDGE('',*,*,#3160,.T.);
#4161=ORIENTED_EDGE('',*,*,#2941,.F.);
#4162=ORIENTED_EDGE('',*,*,#3160,.F.);
#4163=ORIENTED_EDGE('',*,*,#3161,.T.);
#4164=ORIENTED_EDGE('',*,*,#3162,.T.);
#4165=ORIENTED_EDGE('',*,*,#2942,.F.);
#4166=ORIENTED_EDGE('',*,*,#3162,.F.);
#4167=ORIENTED_EDGE('',*,*,#3163,.T.);
#4168=ORIENTED_EDGE('',*,*,#3164,.T.);
#4169=ORIENTED_EDGE('',*,*,#2937,.F.);
#4170=ORIENTED_EDGE('',*,*,#3164,.F.);
#4171=ORIENTED_EDGE('',*,*,#3165,.T.);
#4172=ORIENTED_EDGE('',*,*,#3154,.T.);
#4173=ORIENTED_EDGE('',*,*,#3155,.F.);
#4174=ORIENTED_EDGE('',*,*,#3165,.F.);
#4175=ORIENTED_EDGE('',*,*,#3163,.F.);
#4176=ORIENTED_EDGE('',*,*,#3161,.F.);
#4177=ORIENTED_EDGE('',*,*,#3159,.F.);
#4178=ORIENTED_EDGE('',*,*,#3157,.F.);
#4179=ORIENTED_EDGE('',*,*,#2897,.F.);
#4180=ORIENTED_EDGE('',*,*,#3166,.F.);
#4181=ORIENTED_EDGE('',*,*,#3167,.T.);
#4182=ORIENTED_EDGE('',*,*,#3168,.T.);
#4183=ORIENTED_EDGE('',*,*,#2898,.F.);
#4184=ORIENTED_EDGE('',*,*,#3168,.F.);
#4185=ORIENTED_EDGE('',*,*,#3169,.T.);
#4186=ORIENTED_EDGE('',*,*,#3170,.T.);
#4187=ORIENTED_EDGE('',*,*,#2899,.F.);
#4188=ORIENTED_EDGE('',*,*,#3170,.F.);
#4189=ORIENTED_EDGE('',*,*,#3171,.T.);
#4190=ORIENTED_EDGE('',*,*,#3172,.T.);
#4191=ORIENTED_EDGE('',*,*,#2900,.F.);
#4192=ORIENTED_EDGE('',*,*,#3172,.F.);
#4193=ORIENTED_EDGE('',*,*,#3173,.T.);
#4194=ORIENTED_EDGE('',*,*,#3174,.T.);
#4195=ORIENTED_EDGE('',*,*,#2901,.F.);
#4196=ORIENTED_EDGE('',*,*,#3174,.F.);
#4197=ORIENTED_EDGE('',*,*,#3175,.T.);
#4198=ORIENTED_EDGE('',*,*,#3176,.T.);
#4199=ORIENTED_EDGE('',*,*,#2896,.F.);
#4200=ORIENTED_EDGE('',*,*,#3176,.F.);
#4201=ORIENTED_EDGE('',*,*,#3177,.T.);
#4202=ORIENTED_EDGE('',*,*,#3166,.T.);
#4203=ORIENTED_EDGE('',*,*,#3167,.F.);
#4204=ORIENTED_EDGE('',*,*,#3177,.F.);
#4205=ORIENTED_EDGE('',*,*,#3175,.F.);
#4206=ORIENTED_EDGE('',*,*,#3173,.F.);
#4207=ORIENTED_EDGE('',*,*,#3171,.F.);
#4208=ORIENTED_EDGE('',*,*,#3169,.F.);
#4209=ORIENTED_EDGE('',*,*,#2930,.F.);
#4210=ORIENTED_EDGE('',*,*,#3178,.F.);
#4211=ORIENTED_EDGE('',*,*,#3179,.T.);
#4212=ORIENTED_EDGE('',*,*,#3180,.T.);
#4213=ORIENTED_EDGE('',*,*,#2931,.F.);
#4214=ORIENTED_EDGE('',*,*,#3180,.F.);
#4215=ORIENTED_EDGE('',*,*,#3181,.T.);
#4216=ORIENTED_EDGE('',*,*,#3182,.T.);
#4217=ORIENTED_EDGE('',*,*,#2932,.F.);
#4218=ORIENTED_EDGE('',*,*,#3182,.F.);
#4219=ORIENTED_EDGE('',*,*,#3183,.T.);
#4220=ORIENTED_EDGE('',*,*,#3184,.T.);
#4221=ORIENTED_EDGE('',*,*,#2933,.F.);
#4222=ORIENTED_EDGE('',*,*,#3184,.F.);
#4223=ORIENTED_EDGE('',*,*,#3185,.T.);
#4224=ORIENTED_EDGE('',*,*,#3186,.T.);
#4225=ORIENTED_EDGE('',*,*,#2934,.F.);
#4226=ORIENTED_EDGE('',*,*,#3186,.F.);
#4227=ORIENTED_EDGE('',*,*,#3187,.T.);
#4228=ORIENTED_EDGE('',*,*,#3188,.T.);
#4229=ORIENTED_EDGE('',*,*,#2935,.F.);
#4230=ORIENTED_EDGE('',*,*,#3188,.F.);
#4231=ORIENTED_EDGE('',*,*,#3189,.T.);
#4232=ORIENTED_EDGE('',*,*,#3190,.T.);
#4233=ORIENTED_EDGE('',*,*,#2936,.F.);
#4234=ORIENTED_EDGE('',*,*,#3190,.F.);
#4235=ORIENTED_EDGE('',*,*,#3191,.T.);
#4236=ORIENTED_EDGE('',*,*,#3192,.T.);
#4237=ORIENTED_EDGE('',*,*,#2929,.F.);
#4238=ORIENTED_EDGE('',*,*,#3192,.F.);
#4239=ORIENTED_EDGE('',*,*,#3193,.T.);
#4240=ORIENTED_EDGE('',*,*,#3178,.T.);
#4241=ORIENTED_EDGE('',*,*,#3179,.F.);
#4242=ORIENTED_EDGE('',*,*,#3193,.F.);
#4243=ORIENTED_EDGE('',*,*,#3191,.F.);
#4244=ORIENTED_EDGE('',*,*,#3189,.F.);
#4245=ORIENTED_EDGE('',*,*,#3187,.F.);
#4246=ORIENTED_EDGE('',*,*,#3185,.F.);
#4247=ORIENTED_EDGE('',*,*,#3183,.F.);
#4248=ORIENTED_EDGE('',*,*,#3181,.F.);
#4249=ORIENTED_EDGE('',*,*,#3194,.F.);
#4250=ORIENTED_EDGE('',*,*,#3195,.F.);
#4251=ORIENTED_EDGE('',*,*,#3196,.F.);
#4252=ORIENTED_EDGE('',*,*,#3197,.F.);
#4253=ORIENTED_EDGE('',*,*,#3198,.F.);
#4254=ORIENTED_EDGE('',*,*,#3196,.T.);
#4255=ORIENTED_EDGE('',*,*,#3199,.T.);
#4256=ORIENTED_EDGE('',*,*,#3200,.F.);
#4257=ORIENTED_EDGE('',*,*,#3201,.F.);
#4258=ORIENTED_EDGE('',*,*,#3194,.T.);
#4259=ORIENTED_EDGE('',*,*,#3198,.T.);
#4260=ORIENTED_EDGE('',*,*,#3202,.F.);
#4261=ORIENTED_EDGE('',*,*,#3199,.F.);
#4262=ORIENTED_EDGE('',*,*,#3195,.T.);
#4263=ORIENTED_EDGE('',*,*,#3201,.T.);
#4264=ORIENTED_EDGE('',*,*,#3200,.T.);
#4265=ORIENTED_EDGE('',*,*,#3197,.T.);
#4266=ORIENTED_EDGE('',*,*,#3202,.T.);
#4267=ORIENTED_EDGE('',*,*,#2903,.F.);
#4268=ORIENTED_EDGE('',*,*,#3203,.F.);
#4269=ORIENTED_EDGE('',*,*,#3204,.T.);
#4270=ORIENTED_EDGE('',*,*,#3205,.T.);
#4271=ORIENTED_EDGE('',*,*,#2904,.F.);
#4272=ORIENTED_EDGE('',*,*,#3205,.F.);
#4273=ORIENTED_EDGE('',*,*,#3206,.T.);
#4274=ORIENTED_EDGE('',*,*,#3207,.T.);
#4275=ORIENTED_EDGE('',*,*,#2905,.F.);
#4276=ORIENTED_EDGE('',*,*,#3207,.F.);
#4277=ORIENTED_EDGE('',*,*,#3208,.T.);
#4278=ORIENTED_EDGE('',*,*,#3209,.T.);
#4279=ORIENTED_EDGE('',*,*,#2902,.F.);
#4280=ORIENTED_EDGE('',*,*,#3209,.F.);
#4281=ORIENTED_EDGE('',*,*,#3210,.T.);
#4282=ORIENTED_EDGE('',*,*,#3203,.T.);
#4283=ORIENTED_EDGE('',*,*,#3204,.F.);
#4284=ORIENTED_EDGE('',*,*,#3210,.F.);
#4285=ORIENTED_EDGE('',*,*,#3208,.F.);
#4286=ORIENTED_EDGE('',*,*,#3206,.F.);
#4287=ORIENTED_EDGE('',*,*,#2917,.F.);
#4288=ORIENTED_EDGE('',*,*,#3211,.F.);
#4289=ORIENTED_EDGE('',*,*,#3212,.T.);
#4290=ORIENTED_EDGE('',*,*,#3213,.T.);
#4291=ORIENTED_EDGE('',*,*,#2918,.F.);
#4292=ORIENTED_EDGE('',*,*,#3213,.F.);
#4293=ORIENTED_EDGE('',*,*,#3214,.T.);
#4294=ORIENTED_EDGE('',*,*,#3215,.T.);
#4295=ORIENTED_EDGE('',*,*,#2919,.F.);
#4296=ORIENTED_EDGE('',*,*,#3215,.F.);
#4297=ORIENTED_EDGE('',*,*,#3216,.T.);
#4298=ORIENTED_EDGE('',*,*,#3217,.T.);
#4299=ORIENTED_EDGE('',*,*,#2920,.F.);
#4300=ORIENTED_EDGE('',*,*,#3217,.F.);
#4301=ORIENTED_EDGE('',*,*,#3218,.T.);
#4302=ORIENTED_EDGE('',*,*,#3219,.T.);
#4303=ORIENTED_EDGE('',*,*,#2921,.F.);
#4304=ORIENTED_EDGE('',*,*,#3219,.F.);
#4305=ORIENTED_EDGE('',*,*,#3220,.T.);
#4306=ORIENTED_EDGE('',*,*,#3221,.T.);
#4307=ORIENTED_EDGE('',*,*,#2922,.F.);
#4308=ORIENTED_EDGE('',*,*,#3221,.F.);
#4309=ORIENTED_EDGE('',*,*,#3222,.T.);
#4310=ORIENTED_EDGE('',*,*,#3223,.T.);
#4311=ORIENTED_EDGE('',*,*,#2923,.F.);
#4312=ORIENTED_EDGE('',*,*,#3223,.F.);
#4313=ORIENTED_EDGE('',*,*,#3224,.T.);
#4314=ORIENTED_EDGE('',*,*,#3225,.T.);
#4315=ORIENTED_EDGE('',*,*,#2924,.F.);
#4316=ORIENTED_EDGE('',*,*,#3225,.F.);
#4317=ORIENTED_EDGE('',*,*,#3226,.T.);
#4318=ORIENTED_EDGE('',*,*,#3227,.T.);
#4319=ORIENTED_EDGE('',*,*,#2925,.F.);
#4320=ORIENTED_EDGE('',*,*,#3227,.F.);
#4321=ORIENTED_EDGE('',*,*,#3228,.T.);
#4322=ORIENTED_EDGE('',*,*,#3229,.T.);
#4323=ORIENTED_EDGE('',*,*,#2926,.F.);
#4324=ORIENTED_EDGE('',*,*,#3229,.F.);
#4325=ORIENTED_EDGE('',*,*,#3230,.T.);
#4326=ORIENTED_EDGE('',*,*,#3231,.T.);
#4327=ORIENTED_EDGE('',*,*,#2927,.F.);
#4328=ORIENTED_EDGE('',*,*,#3231,.F.);
#4329=ORIENTED_EDGE('',*,*,#3232,.T.);
#4330=ORIENTED_EDGE('',*,*,#3233,.T.);
#4331=ORIENTED_EDGE('',*,*,#2928,.F.);
#4332=ORIENTED_EDGE('',*,*,#3233,.F.);
#4333=ORIENTED_EDGE('',*,*,#3234,.T.);
#4334=ORIENTED_EDGE('',*,*,#3235,.T.);
#4335=ORIENTED_EDGE('',*,*,#2916,.F.);
#4336=ORIENTED_EDGE('',*,*,#3235,.F.);
#4337=ORIENTED_EDGE('',*,*,#3236,.T.);
#4338=ORIENTED_EDGE('',*,*,#3211,.T.);
#4339=ORIENTED_EDGE('',*,*,#3212,.F.);
#4340=ORIENTED_EDGE('',*,*,#3236,.F.);
#4341=ORIENTED_EDGE('',*,*,#3234,.F.);
#4342=ORIENTED_EDGE('',*,*,#3232,.F.);
#4343=ORIENTED_EDGE('',*,*,#3230,.F.);
#4344=ORIENTED_EDGE('',*,*,#3228,.F.);
#4345=ORIENTED_EDGE('',*,*,#3226,.F.);
#4346=ORIENTED_EDGE('',*,*,#3224,.F.);
#4347=ORIENTED_EDGE('',*,*,#3222,.F.);
#4348=ORIENTED_EDGE('',*,*,#3220,.F.);
#4349=ORIENTED_EDGE('',*,*,#3218,.F.);
#4350=ORIENTED_EDGE('',*,*,#3216,.F.);
#4351=ORIENTED_EDGE('',*,*,#3214,.F.);
#4352=ORIENTED_EDGE('',*,*,#2907,.F.);
#4353=ORIENTED_EDGE('',*,*,#3237,.F.);
#4354=ORIENTED_EDGE('',*,*,#3238,.T.);
#4355=ORIENTED_EDGE('',*,*,#3239,.T.);
#4356=ORIENTED_EDGE('',*,*,#2908,.F.);
#4357=ORIENTED_EDGE('',*,*,#3239,.F.);
#4358=ORIENTED_EDGE('',*,*,#3240,.T.);
#4359=ORIENTED_EDGE('',*,*,#3241,.T.);
#4360=ORIENTED_EDGE('',*,*,#2909,.F.);
#4361=ORIENTED_EDGE('',*,*,#3241,.F.);
#4362=ORIENTED_EDGE('',*,*,#3242,.T.);
#4363=ORIENTED_EDGE('',*,*,#3243,.T.);
#4364=ORIENTED_EDGE('',*,*,#2910,.F.);
#4365=ORIENTED_EDGE('',*,*,#3243,.F.);
#4366=ORIENTED_EDGE('',*,*,#3244,.T.);
#4367=ORIENTED_EDGE('',*,*,#3245,.T.);
#4368=ORIENTED_EDGE('',*,*,#2911,.F.);
#4369=ORIENTED_EDGE('',*,*,#3245,.F.);
#4370=ORIENTED_EDGE('',*,*,#3246,.T.);
#4371=ORIENTED_EDGE('',*,*,#3247,.T.);
#4372=ORIENTED_EDGE('',*,*,#2912,.F.);
#4373=ORIENTED_EDGE('',*,*,#3247,.F.);
#4374=ORIENTED_EDGE('',*,*,#3248,.T.);
#4375=ORIENTED_EDGE('',*,*,#3249,.T.);
#4376=ORIENTED_EDGE('',*,*,#2913,.F.);
#4377=ORIENTED_EDGE('',*,*,#3249,.F.);
#4378=ORIENTED_EDGE('',*,*,#3250,.T.);
#4379=ORIENTED_EDGE('',*,*,#3251,.T.);
#4380=ORIENTED_EDGE('',*,*,#2906,.F.);
#4381=ORIENTED_EDGE('',*,*,#3251,.F.);
#4382=ORIENTED_EDGE('',*,*,#3252,.T.);
#4383=ORIENTED_EDGE('',*,*,#3237,.T.);
#4384=ORIENTED_EDGE('',*,*,#3238,.F.);
#4385=ORIENTED_EDGE('',*,*,#3252,.F.);
#4386=ORIENTED_EDGE('',*,*,#3250,.F.);
#4387=ORIENTED_EDGE('',*,*,#3248,.F.);
#4388=ORIENTED_EDGE('',*,*,#3246,.F.);
#4389=ORIENTED_EDGE('',*,*,#3244,.F.);
#4390=ORIENTED_EDGE('',*,*,#3242,.F.);
#4391=ORIENTED_EDGE('',*,*,#3240,.F.);
#4392=ORIENTED_EDGE('',*,*,#3253,.F.);
#4393=ORIENTED_EDGE('',*,*,#3254,.F.);
#4394=ORIENTED_EDGE('',*,*,#3255,.F.);
#4395=ORIENTED_EDGE('',*,*,#3256,.F.);
#4396=ORIENTED_EDGE('',*,*,#3257,.F.);
#4397=ORIENTED_EDGE('',*,*,#3255,.T.);
#4398=ORIENTED_EDGE('',*,*,#3258,.T.);
#4399=ORIENTED_EDGE('',*,*,#3259,.F.);
#4400=ORIENTED_EDGE('',*,*,#3260,.F.);
#4401=ORIENTED_EDGE('',*,*,#3253,.T.);
#4402=ORIENTED_EDGE('',*,*,#3257,.T.);
#4403=ORIENTED_EDGE('',*,*,#3261,.F.);
#4404=ORIENTED_EDGE('',*,*,#3258,.F.);
#4405=ORIENTED_EDGE('',*,*,#3254,.T.);
#4406=ORIENTED_EDGE('',*,*,#3260,.T.);
#4407=ORIENTED_EDGE('',*,*,#3259,.T.);
#4408=ORIENTED_EDGE('',*,*,#3256,.T.);
#4409=ORIENTED_EDGE('',*,*,#3261,.T.);
#4410=ORIENTED_EDGE('',*,*,#3262,.T.);
#4411=ORIENTED_EDGE('',*,*,#3263,.F.);
#4412=ORIENTED_EDGE('',*,*,#3264,.F.);
#4413=ORIENTED_EDGE('',*,*,#2770,.T.);
#4414=ORIENTED_EDGE('',*,*,#3265,.T.);
#4415=ORIENTED_EDGE('',*,*,#3266,.F.);
#4416=ORIENTED_EDGE('',*,*,#3267,.F.);
#4417=ORIENTED_EDGE('',*,*,#3263,.T.);
#4418=ORIENTED_EDGE('',*,*,#3268,.T.);
#4419=ORIENTED_EDGE('',*,*,#2768,.F.);
#4420=ORIENTED_EDGE('',*,*,#3269,.F.);
#4421=ORIENTED_EDGE('',*,*,#3266,.T.);
#4422=ORIENTED_EDGE('',*,*,#3264,.T.);
#4423=ORIENTED_EDGE('',*,*,#3267,.T.);
#4424=ORIENTED_EDGE('',*,*,#3269,.T.);
#4425=ORIENTED_EDGE('',*,*,#2767,.T.);
#4426=ORIENTED_EDGE('',*,*,#3262,.F.);
#4427=ORIENTED_EDGE('',*,*,#2769,.F.);
#4428=ORIENTED_EDGE('',*,*,#3268,.F.);
#4429=ORIENTED_EDGE('',*,*,#3265,.F.);
#4430=ORIENTED_EDGE('',*,*,#3270,.T.);
#4431=ORIENTED_EDGE('',*,*,#3271,.F.);
#4432=ORIENTED_EDGE('',*,*,#3272,.F.);
#4433=ORIENTED_EDGE('',*,*,#2766,.T.);
#4434=ORIENTED_EDGE('',*,*,#3273,.T.);
#4435=ORIENTED_EDGE('',*,*,#3274,.F.);
#4436=ORIENTED_EDGE('',*,*,#3275,.F.);
#4437=ORIENTED_EDGE('',*,*,#3271,.T.);
#4438=ORIENTED_EDGE('',*,*,#3276,.T.);
#4439=ORIENTED_EDGE('',*,*,#2764,.F.);
#4440=ORIENTED_EDGE('',*,*,#3277,.F.);
#4441=ORIENTED_EDGE('',*,*,#3274,.T.);
#4442=ORIENTED_EDGE('',*,*,#3272,.T.);
#4443=ORIENTED_EDGE('',*,*,#3275,.T.);
#4444=ORIENTED_EDGE('',*,*,#3277,.T.);
#4445=ORIENTED_EDGE('',*,*,#2763,.T.);
#4446=ORIENTED_EDGE('',*,*,#3270,.F.);
#4447=ORIENTED_EDGE('',*,*,#2765,.F.);
#4448=ORIENTED_EDGE('',*,*,#3276,.F.);
#4449=ORIENTED_EDGE('',*,*,#3273,.F.);
#4450=ORIENTED_EDGE('',*,*,#3278,.T.);
#4451=ORIENTED_EDGE('',*,*,#3279,.F.);
#4452=ORIENTED_EDGE('',*,*,#3280,.F.);
#4453=ORIENTED_EDGE('',*,*,#2762,.T.);
#4454=ORIENTED_EDGE('',*,*,#3281,.T.);
#4455=ORIENTED_EDGE('',*,*,#3282,.F.);
#4456=ORIENTED_EDGE('',*,*,#3283,.F.);
#4457=ORIENTED_EDGE('',*,*,#3279,.T.);
#4458=ORIENTED_EDGE('',*,*,#3284,.T.);
#4459=ORIENTED_EDGE('',*,*,#2760,.F.);
#4460=ORIENTED_EDGE('',*,*,#3285,.F.);
#4461=ORIENTED_EDGE('',*,*,#3282,.T.);
#4462=ORIENTED_EDGE('',*,*,#3280,.T.);
#4463=ORIENTED_EDGE('',*,*,#3283,.T.);
#4464=ORIENTED_EDGE('',*,*,#3285,.T.);
#4465=ORIENTED_EDGE('',*,*,#2759,.T.);
#4466=ORIENTED_EDGE('',*,*,#3278,.F.);
#4467=ORIENTED_EDGE('',*,*,#2761,.F.);
#4468=ORIENTED_EDGE('',*,*,#3284,.F.);
#4469=ORIENTED_EDGE('',*,*,#3281,.F.);
#4470=ORIENTED_EDGE('',*,*,#3286,.T.);
#4471=ORIENTED_EDGE('',*,*,#3287,.F.);
#4472=ORIENTED_EDGE('',*,*,#3288,.F.);
#4473=ORIENTED_EDGE('',*,*,#2758,.T.);
#4474=ORIENTED_EDGE('',*,*,#3289,.T.);
#4475=ORIENTED_EDGE('',*,*,#3290,.F.);
#4476=ORIENTED_EDGE('',*,*,#3291,.F.);
#4477=ORIENTED_EDGE('',*,*,#3287,.T.);
#4478=ORIENTED_EDGE('',*,*,#3292,.T.);
#4479=ORIENTED_EDGE('',*,*,#2756,.F.);
#4480=ORIENTED_EDGE('',*,*,#3293,.F.);
#4481=ORIENTED_EDGE('',*,*,#3290,.T.);
#4482=ORIENTED_EDGE('',*,*,#3288,.T.);
#4483=ORIENTED_EDGE('',*,*,#3291,.T.);
#4484=ORIENTED_EDGE('',*,*,#3293,.T.);
#4485=ORIENTED_EDGE('',*,*,#2755,.T.);
#4486=ORIENTED_EDGE('',*,*,#3286,.F.);
#4487=ORIENTED_EDGE('',*,*,#2757,.F.);
#4488=ORIENTED_EDGE('',*,*,#3292,.F.);
#4489=ORIENTED_EDGE('',*,*,#3289,.F.);
#4490=ORIENTED_EDGE('',*,*,#2723,.T.);
#4491=ORIENTED_EDGE('',*,*,#3294,.T.);
#4492=ORIENTED_EDGE('',*,*,#2722,.F.);
#4493=ORIENTED_EDGE('',*,*,#2915,.T.);
#4494=ORIENTED_EDGE('',*,*,#2724,.T.);
#4495=ORIENTED_EDGE('',*,*,#3294,.F.);
#4496=ORIENTED_EDGE('',*,*,#2719,.T.);
#4497=ORIENTED_EDGE('',*,*,#3295,.T.);
#4498=ORIENTED_EDGE('',*,*,#2718,.F.);
#4499=ORIENTED_EDGE('',*,*,#2914,.T.);
#4500=ORIENTED_EDGE('',*,*,#2720,.T.);
#4501=ORIENTED_EDGE('',*,*,#3295,.F.);
#4502=ORIENTED_EDGE('',*,*,#2715,.T.);
#4503=ORIENTED_EDGE('',*,*,#3296,.T.);
#4504=ORIENTED_EDGE('',*,*,#2714,.F.);
#4505=ORIENTED_EDGE('',*,*,#2848,.T.);
#4506=ORIENTED_EDGE('',*,*,#2716,.T.);
#4507=ORIENTED_EDGE('',*,*,#3296,.F.);
#4508=ORIENTED_EDGE('',*,*,#2711,.T.);
#4509=ORIENTED_EDGE('',*,*,#3297,.T.);
#4510=ORIENTED_EDGE('',*,*,#2710,.F.);
#4511=ORIENTED_EDGE('',*,*,#2849,.T.);
#4512=ORIENTED_EDGE('',*,*,#2712,.T.);
#4513=ORIENTED_EDGE('',*,*,#3297,.F.);
#4514=ORIENTED_EDGE('',*,*,#3298,.F.);
#4515=ORIENTED_EDGE('',*,*,#2707,.F.);
#4516=ORIENTED_EDGE('',*,*,#2706,.F.);
#4517=ORIENTED_EDGE('',*,*,#2863,.F.);
#4518=ORIENTED_EDGE('',*,*,#2708,.T.);
#4519=ORIENTED_EDGE('',*,*,#3298,.T.);
#4520=ORIENTED_EDGE('',*,*,#3299,.F.);
#4521=ORIENTED_EDGE('',*,*,#2703,.F.);
#4522=ORIENTED_EDGE('',*,*,#2702,.F.);
#4523=ORIENTED_EDGE('',*,*,#2864,.F.);
#4524=ORIENTED_EDGE('',*,*,#2704,.T.);
#4525=ORIENTED_EDGE('',*,*,#3299,.T.);
#4526=ORIENTED_EDGE('',*,*,#2868,.T.);
#4527=ORIENTED_EDGE('',*,*,#3300,.F.);
#4528=ORIENTED_EDGE('',*,*,#3301,.F.);
#4529=ORIENTED_EDGE('',*,*,#3302,.T.);
#4530=ORIENTED_EDGE('',*,*,#2869,.T.);
#4531=ORIENTED_EDGE('',*,*,#3302,.F.);
#4532=ORIENTED_EDGE('',*,*,#3303,.F.);
#4533=ORIENTED_EDGE('',*,*,#3304,.T.);
#4534=ORIENTED_EDGE('',*,*,#2870,.T.);
#4535=ORIENTED_EDGE('',*,*,#3304,.F.);
#4536=ORIENTED_EDGE('',*,*,#3305,.F.);
#4537=ORIENTED_EDGE('',*,*,#3306,.T.);
#4538=ORIENTED_EDGE('',*,*,#2871,.T.);
#4539=ORIENTED_EDGE('',*,*,#3306,.F.);
#4540=ORIENTED_EDGE('',*,*,#3307,.F.);
#4541=ORIENTED_EDGE('',*,*,#3300,.T.);
#4542=ORIENTED_EDGE('',*,*,#3301,.T.);
#4543=ORIENTED_EDGE('',*,*,#3307,.T.);
#4544=ORIENTED_EDGE('',*,*,#3305,.T.);
#4545=ORIENTED_EDGE('',*,*,#3303,.T.);
#4546=ORIENTED_EDGE('',*,*,#2834,.F.);
#4547=ORIENTED_EDGE('',*,*,#3308,.F.);
#4548=ORIENTED_EDGE('',*,*,#3309,.T.);
#4549=ORIENTED_EDGE('',*,*,#3310,.T.);
#4550=ORIENTED_EDGE('',*,*,#2835,.F.);
#4551=ORIENTED_EDGE('',*,*,#3310,.F.);
#4552=ORIENTED_EDGE('',*,*,#3311,.T.);
#4553=ORIENTED_EDGE('',*,*,#3312,.T.);
#4554=ORIENTED_EDGE('',*,*,#2836,.F.);
#4555=ORIENTED_EDGE('',*,*,#3312,.F.);
#4556=ORIENTED_EDGE('',*,*,#3313,.T.);
#4557=ORIENTED_EDGE('',*,*,#3314,.T.);
#4558=ORIENTED_EDGE('',*,*,#2833,.F.);
#4559=ORIENTED_EDGE('',*,*,#3314,.F.);
#4560=ORIENTED_EDGE('',*,*,#3315,.T.);
#4561=ORIENTED_EDGE('',*,*,#3308,.T.);
#4562=ORIENTED_EDGE('',*,*,#3309,.F.);
#4563=ORIENTED_EDGE('',*,*,#3315,.F.);
#4564=ORIENTED_EDGE('',*,*,#3313,.F.);
#4565=ORIENTED_EDGE('',*,*,#3311,.F.);
#4566=ORIENTED_EDGE('',*,*,#2804,.T.);
#4567=ORIENTED_EDGE('',*,*,#3316,.F.);
#4568=ORIENTED_EDGE('',*,*,#3317,.F.);
#4569=ORIENTED_EDGE('',*,*,#2820,.T.);
#4570=ORIENTED_EDGE('',*,*,#2803,.T.);
#4571=ORIENTED_EDGE('',*,*,#2825,.F.);
#4572=ORIENTED_EDGE('',*,*,#3318,.F.);
#4573=ORIENTED_EDGE('',*,*,#3316,.T.);
#4574=ORIENTED_EDGE('',*,*,#2828,.T.);
#4575=ORIENTED_EDGE('',*,*,#2821,.T.);
#4576=ORIENTED_EDGE('',*,*,#3317,.T.);
#4577=ORIENTED_EDGE('',*,*,#3318,.T.);
#4578=ORIENTED_EDGE('',*,*,#2791,.T.);
#4579=ORIENTED_EDGE('',*,*,#3319,.F.);
#4580=ORIENTED_EDGE('',*,*,#3320,.F.);
#4581=ORIENTED_EDGE('',*,*,#2811,.T.);
#4582=ORIENTED_EDGE('',*,*,#2810,.T.);
#4583=ORIENTED_EDGE('',*,*,#2816,.F.);
#4584=ORIENTED_EDGE('',*,*,#3321,.F.);
#4585=ORIENTED_EDGE('',*,*,#3319,.T.);
#4586=ORIENTED_EDGE('',*,*,#2812,.T.);
#4587=ORIENTED_EDGE('',*,*,#3320,.T.);
#4588=ORIENTED_EDGE('',*,*,#3321,.T.);
#4589=ORIENTED_EDGE('',*,*,#2819,.T.);
#4590=ORIENTED_EDGE('',*,*,#3322,.T.);
#4591=ORIENTED_EDGE('',*,*,#3323,.F.);
#4592=ORIENTED_EDGE('',*,*,#3324,.F.);
#4593=ORIENTED_EDGE('',*,*,#2754,.T.);
#4594=ORIENTED_EDGE('',*,*,#3325,.T.);
#4595=ORIENTED_EDGE('',*,*,#3326,.F.);
#4596=ORIENTED_EDGE('',*,*,#3327,.F.);
#4597=ORIENTED_EDGE('',*,*,#3323,.T.);
#4598=ORIENTED_EDGE('',*,*,#3328,.T.);
#4599=ORIENTED_EDGE('',*,*,#2752,.F.);
#4600=ORIENTED_EDGE('',*,*,#3329,.F.);
#4601=ORIENTED_EDGE('',*,*,#3326,.T.);
#4602=ORIENTED_EDGE('',*,*,#3324,.T.);
#4603=ORIENTED_EDGE('',*,*,#3327,.T.);
#4604=ORIENTED_EDGE('',*,*,#3329,.T.);
#4605=ORIENTED_EDGE('',*,*,#2751,.T.);
#4606=ORIENTED_EDGE('',*,*,#3322,.F.);
#4607=ORIENTED_EDGE('',*,*,#2753,.F.);
#4608=ORIENTED_EDGE('',*,*,#3328,.F.);
#4609=ORIENTED_EDGE('',*,*,#3325,.F.);
#4610=ORIENTED_EDGE('',*,*,#3330,.T.);
#4611=ORIENTED_EDGE('',*,*,#3331,.F.);
#4612=ORIENTED_EDGE('',*,*,#3332,.F.);
#4613=ORIENTED_EDGE('',*,*,#2750,.T.);
#4614=ORIENTED_EDGE('',*,*,#3333,.T.);
#4615=ORIENTED_EDGE('',*,*,#3334,.F.);
#4616=ORIENTED_EDGE('',*,*,#3335,.F.);
#4617=ORIENTED_EDGE('',*,*,#3331,.T.);
#4618=ORIENTED_EDGE('',*,*,#3336,.T.);
#4619=ORIENTED_EDGE('',*,*,#2748,.F.);
#4620=ORIENTED_EDGE('',*,*,#3337,.F.);
#4621=ORIENTED_EDGE('',*,*,#3334,.T.);
#4622=ORIENTED_EDGE('',*,*,#2747,.T.);
#4623=ORIENTED_EDGE('',*,*,#3332,.T.);
#4624=ORIENTED_EDGE('',*,*,#3335,.T.);
#4625=ORIENTED_EDGE('',*,*,#3337,.T.);
#4626=ORIENTED_EDGE('',*,*,#2749,.F.);
#4627=ORIENTED_EDGE('',*,*,#3336,.F.);
#4628=ORIENTED_EDGE('',*,*,#3333,.F.);
#4629=ORIENTED_EDGE('',*,*,#3330,.F.);
#4630=ORIENTED_EDGE('',*,*,#3338,.T.);
#4631=ORIENTED_EDGE('',*,*,#3339,.F.);
#4632=ORIENTED_EDGE('',*,*,#3340,.F.);
#4633=ORIENTED_EDGE('',*,*,#2746,.T.);
#4634=ORIENTED_EDGE('',*,*,#3341,.T.);
#4635=ORIENTED_EDGE('',*,*,#3342,.F.);
#4636=ORIENTED_EDGE('',*,*,#3343,.F.);
#4637=ORIENTED_EDGE('',*,*,#3339,.T.);
#4638=ORIENTED_EDGE('',*,*,#3344,.T.);
#4639=ORIENTED_EDGE('',*,*,#2744,.F.);
#4640=ORIENTED_EDGE('',*,*,#3345,.F.);
#4641=ORIENTED_EDGE('',*,*,#3342,.T.);
#4642=ORIENTED_EDGE('',*,*,#3340,.T.);
#4643=ORIENTED_EDGE('',*,*,#3343,.T.);
#4644=ORIENTED_EDGE('',*,*,#3345,.T.);
#4645=ORIENTED_EDGE('',*,*,#2743,.T.);
#4646=ORIENTED_EDGE('',*,*,#3338,.F.);
#4647=ORIENTED_EDGE('',*,*,#2745,.F.);
#4648=ORIENTED_EDGE('',*,*,#3344,.F.);
#4649=ORIENTED_EDGE('',*,*,#3341,.F.);
#4650=ORIENTED_EDGE('',*,*,#3346,.T.);
#4651=ORIENTED_EDGE('',*,*,#3347,.F.);
#4652=ORIENTED_EDGE('',*,*,#3348,.F.);
#4653=ORIENTED_EDGE('',*,*,#2742,.T.);
#4654=ORIENTED_EDGE('',*,*,#3349,.T.);
#4655=ORIENTED_EDGE('',*,*,#3350,.F.);
#4656=ORIENTED_EDGE('',*,*,#3351,.F.);
#4657=ORIENTED_EDGE('',*,*,#3347,.T.);
#4658=ORIENTED_EDGE('',*,*,#3352,.T.);
#4659=ORIENTED_EDGE('',*,*,#2740,.F.);
#4660=ORIENTED_EDGE('',*,*,#3353,.F.);
#4661=ORIENTED_EDGE('',*,*,#3350,.T.);
#4662=ORIENTED_EDGE('',*,*,#2739,.T.);
#4663=ORIENTED_EDGE('',*,*,#3348,.T.);
#4664=ORIENTED_EDGE('',*,*,#3351,.T.);
#4665=ORIENTED_EDGE('',*,*,#3353,.T.);
#4666=ORIENTED_EDGE('',*,*,#2741,.F.);
#4667=ORIENTED_EDGE('',*,*,#3352,.F.);
#4668=ORIENTED_EDGE('',*,*,#3349,.F.);
#4669=ORIENTED_EDGE('',*,*,#3346,.F.);
#4670=ORIENTED_EDGE('',*,*,#2700,.F.);
#4671=ORIENTED_EDGE('',*,*,#2697,.F.);
#4672=CYLINDRICAL_SURFACE('',#5008,0.062992125984252);
#4673=CYLINDRICAL_SURFACE('',#5011,0.062992125984252);
#4674=ADVANCED_FACE('',(#518),#4672,.T.);
#4675=ADVANCED_FACE('',(#519),#4673,.T.);
#4676=ADVANCED_FACE('',(#520),#490,.F.);
#4677=ADVANCED_FACE('',(#521),#491,.F.);
#4678=ADVANCED_FACE('',(#522),#492,.T.);
#4679=ADVANCED_FACE('',(#523),#493,.T.);
#4680=ADVANCED_FACE('',(#524),#494,.T.);
#4681=ADVANCED_FACE('',(#525),#495,.T.);
#4682=ADVANCED_FACE('',(#526,#153,#154,#155,#156,#157,#158,#159,#160,#161,
#162,#163,#164,#165,#166,#167),#192,.T.);
#4683=ADVANCED_FACE('',(#527),#193,.F.);
#4684=ADVANCED_FACE('',(#528),#194,.F.);
#4685=ADVANCED_FACE('',(#529),#195,.F.);
#4686=ADVANCED_FACE('',(#530),#196,.F.);
#4687=ADVANCED_FACE('',(#531),#197,.F.);
#4688=ADVANCED_FACE('',(#532,#168),#198,.T.);
#4689=ADVANCED_FACE('',(#533,#169,#170),#199,.T.);
#4690=ADVANCED_FACE('',(#534),#200,.T.);
#4691=ADVANCED_FACE('',(#535,#171,#172),#201,.T.);
#4692=ADVANCED_FACE('',(#536,#173),#202,.T.);
#4693=ADVANCED_FACE('',(#537),#203,.T.);
#4694=ADVANCED_FACE('',(#538,#174,#175,#176,#177,#178,#179,#180,#181,#182,
#183,#184,#185),#204,.T.);
#4695=ADVANCED_FACE('',(#539),#205,.T.);
#4696=ADVANCED_FACE('',(#540),#206,.T.);
#4697=ADVANCED_FACE('',(#541),#207,.F.);
#4698=ADVANCED_FACE('',(#542,#186),#208,.T.);
#4699=ADVANCED_FACE('',(#543),#209,.F.);
#4700=ADVANCED_FACE('',(#544),#210,.F.);
#4701=ADVANCED_FACE('',(#545),#211,.F.);
#4702=ADVANCED_FACE('',(#546),#212,.F.);
#4703=ADVANCED_FACE('',(#547),#213,.F.);
#4704=ADVANCED_FACE('',(#548),#214,.F.);
#4705=ADVANCED_FACE('',(#549),#215,.F.);
#4706=ADVANCED_FACE('',(#550),#216,.F.);
#4707=ADVANCED_FACE('',(#551),#217,.F.);
#4708=ADVANCED_FACE('',(#552),#218,.F.);
#4709=ADVANCED_FACE('',(#553),#219,.F.);
#4710=ADVANCED_FACE('',(#554),#220,.F.);
#4711=ADVANCED_FACE('',(#555),#221,.T.);
#4712=ADVANCED_FACE('',(#556),#222,.T.);
#4713=ADVANCED_FACE('',(#557),#223,.T.);
#4714=ADVANCED_FACE('',(#558),#224,.F.);
#4715=ADVANCED_FACE('',(#559),#225,.F.);
#4716=ADVANCED_FACE('',(#560),#226,.F.);
#4717=ADVANCED_FACE('',(#561),#227,.F.);
#4718=ADVANCED_FACE('',(#562),#228,.F.);
#4719=ADVANCED_FACE('',(#563),#229,.F.);
#4720=ADVANCED_FACE('',(#564),#230,.F.);
#4721=ADVANCED_FACE('',(#565),#231,.F.);
#4722=ADVANCED_FACE('',(#566),#232,.F.);
#4723=ADVANCED_FACE('',(#567),#233,.F.);
#4724=ADVANCED_FACE('',(#568),#234,.F.);
#4725=ADVANCED_FACE('',(#569),#235,.F.);
#4726=ADVANCED_FACE('',(#570),#236,.T.);
#4727=ADVANCED_FACE('',(#571),#237,.F.);
#4728=ADVANCED_FACE('',(#572),#238,.F.);
#4729=ADVANCED_FACE('',(#573),#239,.F.);
#4730=ADVANCED_FACE('',(#574),#240,.F.);
#4731=ADVANCED_FACE('',(#575),#241,.T.);
#4732=ADVANCED_FACE('',(#576),#242,.F.);
#4733=ADVANCED_FACE('',(#577),#243,.F.);
#4734=ADVANCED_FACE('',(#578),#244,.F.);
#4735=ADVANCED_FACE('',(#579),#245,.F.);
#4736=ADVANCED_FACE('',(#580),#246,.T.);
#4737=ADVANCED_FACE('',(#581),#247,.F.);
#4738=ADVANCED_FACE('',(#582),#248,.F.);
#4739=ADVANCED_FACE('',(#583),#249,.F.);
#4740=ADVANCED_FACE('',(#584),#250,.F.);
#4741=ADVANCED_FACE('',(#585),#251,.T.);
#4742=ADVANCED_FACE('',(#586),#252,.F.);
#4743=ADVANCED_FACE('',(#587),#253,.F.);
#4744=ADVANCED_FACE('',(#588),#254,.F.);
#4745=ADVANCED_FACE('',(#589),#255,.F.);
#4746=ADVANCED_FACE('',(#590),#256,.T.);
#4747=ADVANCED_FACE('',(#591),#257,.F.);
#4748=ADVANCED_FACE('',(#592),#258,.T.);
#4749=ADVANCED_FACE('',(#593),#259,.T.);
#4750=ADVANCED_FACE('',(#594),#260,.T.);
#4751=ADVANCED_FACE('',(#595),#261,.T.);
#4752=ADVANCED_FACE('',(#596),#262,.T.);
#4753=ADVANCED_FACE('',(#597),#263,.T.);
#4754=ADVANCED_FACE('',(#598),#264,.T.);
#4755=ADVANCED_FACE('',(#599),#265,.T.);
#4756=ADVANCED_FACE('',(#600,#187),#266,.T.);
#4757=ADVANCED_FACE('',(#601),#267,.T.);
#4758=ADVANCED_FACE('',(#602),#268,.T.);
#4759=ADVANCED_FACE('',(#603),#269,.T.);
#4760=ADVANCED_FACE('',(#604),#270,.T.);
#4761=ADVANCED_FACE('',(#605),#271,.T.);
#4762=ADVANCED_FACE('',(#606),#272,.T.);
#4763=ADVANCED_FACE('',(#607),#496,.T.);
#4764=ADVANCED_FACE('',(#608),#497,.T.);
#4765=ADVANCED_FACE('',(#609),#498,.T.);
#4766=ADVANCED_FACE('',(#610),#273,.T.);
#4767=ADVANCED_FACE('',(#611),#274,.T.);
#4768=ADVANCED_FACE('',(#612),#275,.T.);
#4769=ADVANCED_FACE('',(#613),#276,.T.);
#4770=ADVANCED_FACE('',(#614),#277,.T.);
#4771=ADVANCED_FACE('',(#615),#278,.T.);
#4772=ADVANCED_FACE('',(#616,#188),#279,.T.);
#4773=ADVANCED_FACE('',(#617),#280,.T.);
#4774=ADVANCED_FACE('',(#618),#499,.T.);
#4775=ADVANCED_FACE('',(#619),#500,.T.);
#4776=ADVANCED_FACE('',(#620),#281,.T.);
#4777=ADVANCED_FACE('',(#621),#282,.T.);
#4778=ADVANCED_FACE('',(#622),#283,.T.);
#4779=ADVANCED_FACE('',(#623),#284,.T.);
#4780=ADVANCED_FACE('',(#624),#285,.T.);
#4781=ADVANCED_FACE('',(#625),#286,.T.);
#4782=ADVANCED_FACE('',(#626),#501,.T.);
#4783=ADVANCED_FACE('',(#627),#502,.T.);
#4784=ADVANCED_FACE('',(#628),#287,.T.);
#4785=ADVANCED_FACE('',(#629),#503,.T.);
#4786=ADVANCED_FACE('',(#630),#504,.T.);
#4787=ADVANCED_FACE('',(#631),#505,.T.);
#4788=ADVANCED_FACE('',(#632),#288,.T.);
#4789=ADVANCED_FACE('',(#633),#289,.T.);
#4790=ADVANCED_FACE('',(#634),#290,.T.);
#4791=ADVANCED_FACE('',(#635),#506,.T.);
#4792=ADVANCED_FACE('',(#636),#507,.T.);
#4793=ADVANCED_FACE('',(#637),#508,.T.);
#4794=ADVANCED_FACE('',(#638),#509,.T.);
#4795=ADVANCED_FACE('',(#639),#291,.T.);
#4796=ADVANCED_FACE('',(#640),#292,.T.);
#4797=ADVANCED_FACE('',(#641),#293,.T.);
#4798=ADVANCED_FACE('',(#642,#189),#294,.T.);
#4799=ADVANCED_FACE('',(#643),#295,.T.);
#4800=ADVANCED_FACE('',(#644),#510,.T.);
#4801=ADVANCED_FACE('',(#645),#511,.T.);
#4802=ADVANCED_FACE('',(#646),#296,.T.);
#4803=ADVANCED_FACE('',(#647),#297,.T.);
#4804=ADVANCED_FACE('',(#648),#298,.T.);
#4805=ADVANCED_FACE('',(#649),#299,.T.);
#4806=ADVANCED_FACE('',(#650),#300,.T.);
#4807=ADVANCED_FACE('',(#651),#301,.T.);
#4808=ADVANCED_FACE('',(#652),#302,.T.);
#4809=ADVANCED_FACE('',(#653),#303,.T.);
#4810=ADVANCED_FACE('',(#654),#304,.T.);
#4811=ADVANCED_FACE('',(#655),#305,.F.);
#4812=ADVANCED_FACE('',(#656),#306,.T.);
#4813=ADVANCED_FACE('',(#657),#307,.T.);
#4814=ADVANCED_FACE('',(#658),#308,.T.);
#4815=ADVANCED_FACE('',(#659),#309,.T.);
#4816=ADVANCED_FACE('',(#660),#310,.T.);
#4817=ADVANCED_FACE('',(#661),#311,.T.);
#4818=ADVANCED_FACE('',(#662),#312,.F.);
#4819=ADVANCED_FACE('',(#663),#313,.T.);
#4820=ADVANCED_FACE('',(#664),#314,.T.);
#4821=ADVANCED_FACE('',(#665),#315,.T.);
#4822=ADVANCED_FACE('',(#666),#316,.T.);
#4823=ADVANCED_FACE('',(#667),#317,.T.);
#4824=ADVANCED_FACE('',(#668),#318,.T.);
#4825=ADVANCED_FACE('',(#669),#319,.T.);
#4826=ADVANCED_FACE('',(#670),#320,.T.);
#4827=ADVANCED_FACE('',(#671,#190),#321,.T.);
#4828=ADVANCED_FACE('',(#672),#322,.T.);
#4829=ADVANCED_FACE('',(#673),#323,.T.);
#4830=ADVANCED_FACE('',(#674),#324,.T.);
#4831=ADVANCED_FACE('',(#675),#325,.T.);
#4832=ADVANCED_FACE('',(#676),#326,.T.);
#4833=ADVANCED_FACE('',(#677),#327,.T.);
#4834=ADVANCED_FACE('',(#678),#328,.T.);
#4835=ADVANCED_FACE('',(#679),#329,.T.);
#4836=ADVANCED_FACE('',(#680),#330,.F.);
#4837=ADVANCED_FACE('',(#681),#331,.T.);
#4838=ADVANCED_FACE('',(#682),#332,.T.);
#4839=ADVANCED_FACE('',(#683),#333,.T.);
#4840=ADVANCED_FACE('',(#684),#334,.T.);
#4841=ADVANCED_FACE('',(#685),#335,.T.);
#4842=ADVANCED_FACE('',(#686),#336,.T.);
#4843=ADVANCED_FACE('',(#687),#337,.T.);
#4844=ADVANCED_FACE('',(#688),#338,.T.);
#4845=ADVANCED_FACE('',(#689),#339,.T.);
#4846=ADVANCED_FACE('',(#690),#340,.T.);
#4847=ADVANCED_FACE('',(#691),#341,.T.);
#4848=ADVANCED_FACE('',(#692),#342,.T.);
#4849=ADVANCED_FACE('',(#693),#343,.T.);
#4850=ADVANCED_FACE('',(#694),#344,.F.);
#4851=ADVANCED_FACE('',(#695),#345,.T.);
#4852=ADVANCED_FACE('',(#696),#346,.T.);
#4853=ADVANCED_FACE('',(#697),#347,.T.);
#4854=ADVANCED_FACE('',(#698),#348,.T.);
#4855=ADVANCED_FACE('',(#699),#349,.T.);
#4856=ADVANCED_FACE('',(#700),#350,.T.);
#4857=ADVANCED_FACE('',(#701),#351,.T.);
#4858=ADVANCED_FACE('',(#702),#352,.T.);
#4859=ADVANCED_FACE('',(#703,#191),#353,.T.);
#4860=ADVANCED_FACE('',(#704),#354,.T.);
#4861=ADVANCED_FACE('',(#705),#355,.T.);
#4862=ADVANCED_FACE('',(#706),#356,.T.);
#4863=ADVANCED_FACE('',(#707),#357,.T.);
#4864=ADVANCED_FACE('',(#708),#358,.F.);
#4865=ADVANCED_FACE('',(#709),#359,.F.);
#4866=ADVANCED_FACE('',(#710),#360,.F.);
#4867=ADVANCED_FACE('',(#711),#361,.T.);
#4868=ADVANCED_FACE('',(#712),#362,.F.);
#4869=ADVANCED_FACE('',(#713),#363,.F.);
#4870=ADVANCED_FACE('',(#714),#364,.F.);
#4871=ADVANCED_FACE('',(#715),#365,.F.);
#4872=ADVANCED_FACE('',(#716),#366,.T.);
#4873=ADVANCED_FACE('',(#717),#367,.F.);
#4874=ADVANCED_FACE('',(#718),#368,.F.);
#4875=ADVANCED_FACE('',(#719),#369,.F.);
#4876=ADVANCED_FACE('',(#720),#370,.F.);
#4877=ADVANCED_FACE('',(#721),#371,.T.);
#4878=ADVANCED_FACE('',(#722),#372,.F.);
#4879=ADVANCED_FACE('',(#723),#373,.F.);
#4880=ADVANCED_FACE('',(#724),#374,.F.);
#4881=ADVANCED_FACE('',(#725),#375,.F.);
#4882=ADVANCED_FACE('',(#726),#376,.T.);
#4883=ADVANCED_FACE('',(#727),#377,.F.);
#4884=ADVANCED_FACE('',(#728),#378,.T.);
#4885=ADVANCED_FACE('',(#729),#512,.T.);
#4886=ADVANCED_FACE('',(#730),#379,.T.);
#4887=ADVANCED_FACE('',(#731),#513,.T.);
#4888=ADVANCED_FACE('',(#732),#380,.T.);
#4889=ADVANCED_FACE('',(#733),#514,.T.);
#4890=ADVANCED_FACE('',(#734),#381,.T.);
#4891=ADVANCED_FACE('',(#735),#515,.T.);
#4892=ADVANCED_FACE('',(#736),#382,.T.);
#4893=ADVANCED_FACE('',(#737),#516,.F.);
#4894=ADVANCED_FACE('',(#738),#383,.T.);
#4895=ADVANCED_FACE('',(#739),#517,.F.);
#4896=ADVANCED_FACE('',(#740),#384,.F.);
#4897=ADVANCED_FACE('',(#741),#385,.F.);
#4898=ADVANCED_FACE('',(#742),#386,.F.);
#4899=ADVANCED_FACE('',(#743),#387,.F.);
#4900=ADVANCED_FACE('',(#744),#388,.T.);
#4901=ADVANCED_FACE('',(#745),#389,.T.);
#4902=ADVANCED_FACE('',(#746),#390,.T.);
#4903=ADVANCED_FACE('',(#747),#391,.T.);
#4904=ADVANCED_FACE('',(#748),#392,.T.);
#4905=ADVANCED_FACE('',(#749),#393,.T.);
#4906=ADVANCED_FACE('',(#750),#394,.F.);
#4907=ADVANCED_FACE('',(#751),#395,.F.);
#4908=ADVANCED_FACE('',(#752),#396,.T.);
#4909=ADVANCED_FACE('',(#753),#397,.F.);
#4910=ADVANCED_FACE('',(#754),#398,.F.);
#4911=ADVANCED_FACE('',(#755),#399,.F.);
#4912=ADVANCED_FACE('',(#756),#400,.F.);
#4913=ADVANCED_FACE('',(#757),#401,.F.);
#4914=ADVANCED_FACE('',(#758),#402,.F.);
#4915=ADVANCED_FACE('',(#759),#403,.T.);
#4916=ADVANCED_FACE('',(#760),#404,.F.);
#4917=ADVANCED_FACE('',(#761),#405,.F.);
#4918=ADVANCED_FACE('',(#762),#406,.F.);
#4919=ADVANCED_FACE('',(#763),#407,.F.);
#4920=ADVANCED_FACE('',(#764),#408,.T.);
#4921=ADVANCED_FACE('',(#765),#409,.F.);
#4922=ADVANCED_FACE('',(#766),#410,.F.);
#4923=ADVANCED_FACE('',(#767),#411,.F.);
#4924=ADVANCED_FACE('',(#768),#412,.F.);
#4925=ADVANCED_FACE('',(#769),#413,.T.);
#4926=ADVANCED_FACE('',(#770),#414,.F.);
#4927=ADVANCED_FACE('',(#771),#415,.F.);
#4928=ADVANCED_FACE('',(#772),#416,.F.);
#4929=ADVANCED_FACE('',(#773),#417,.F.);
#4930=ADVANCED_FACE('',(#774),#418,.T.);
#4931=ADVANCED_FACE('',(#775),#419,.F.);
#4932=ADVANCED_FACE('',(#776),#420,.F.);
#4933=ADVANCED_FACE('',(#777),#421,.F.);
#4934=CLOSED_SHELL('',(#4674,#4675,#4676,#4677,#4678,#4679,#4680,#4681,
#4682,#4683,#4684,#4685,#4686,#4687,#4688,#4689,#4690,#4691,#4692,#4693,
#4694,#4695,#4696,#4697,#4698,#4699,#4700,#4701,#4702,#4703,#4704,#4705,
#4706,#4707,#4708,#4709,#4710,#4711,#4712,#4713,#4714,#4715,#4716,#4717,
#4718,#4719,#4720,#4721,#4722,#4723,#4724,#4725,#4726,#4727,#4728,#4729,
#4730,#4731,#4732,#4733,#4734,#4735,#4736,#4737,#4738,#4739,#4740,#4741,
#4742,#4743,#4744,#4745,#4746,#4747,#4748,#4749,#4750,#4751,#4752,#4753,
#4754,#4755,#4756,#4757,#4758,#4759,#4760,#4761,#4762,#4763,#4764,#4765,
#4766,#4767,#4768,#4769,#4770,#4771,#4772,#4773,#4774,#4775,#4776,#4777,
#4778,#4779,#4780,#4781,#4782,#4783,#4784,#4785,#4786,#4787,#4788,#4789,
#4790,#4791,#4792,#4793,#4794,#4795,#4796,#4797,#4798,#4799,#4800,#4801,
#4802,#4803,#4804,#4805,#4806,#4807,#4808,#4809,#4810,#4811,#4812,#4813,
#4814,#4815,#4816,#4817,#4818,#4819,#4820,#4821,#4822,#4823,#4824,#4825,
#4826,#4827,#4828,#4829,#4830,#4831,#4832,#4833,#4834,#4835,#4836,#4837,
#4838,#4839,#4840,#4841,#4842,#4843,#4844,#4845,#4846,#4847,#4848,#4849,
#4850,#4851,#4852,#4853,#4854,#4855,#4856,#4857,#4858,#4859,#4860,#4861,
#4862,#4863,#4864,#4865,#4866,#4867,#4868,#4869,#4870,#4871,#4872,#4873,
#4874,#4875,#4876,#4877,#4878,#4879,#4880,#4881,#4882,#4883,#4884,#4885,
#4886,#4887,#4888,#4889,#4890,#4891,#4892,#4893,#4894,#4895,#4896,#4897,
#4898,#4899,#4900,#4901,#4902,#4903,#4904,#4905,#4906,#4907,#4908,#4909,
#4910,#4911,#4912,#4913,#4914,#4915,#4916,#4917,#4918,#4919,#4920,#4921,
#4922,#4923,#4924,#4925,#4926,#4927,#4928,#4929,#4930,#4931,#4932,#4933));
#4935=DERIVED_UNIT_ELEMENT(#4937,1.);
#4936=DERIVED_UNIT_ELEMENT(#11464,-3.);
#4937=(
CONVERSION_BASED_UNIT('gram',#4939)
MASS_UNIT()
NAMED_UNIT(#11461)
);
#4938=(
MASS_UNIT()
NAMED_UNIT(*)
SI_UNIT(.KILO.,.GRAM.)
);
#4939=MASS_MEASURE_WITH_UNIT(MASS_MEASURE(0.001),#4938);
#4940=DERIVED_UNIT((#4935,#4936));
#4941=MEASURE_REPRESENTATION_ITEM('density measure',
POSITIVE_RATIO_MEASURE(1.),#4940);
#4942=PROPERTY_DEFINITION_REPRESENTATION(#4947,#4944);
#4943=PROPERTY_DEFINITION_REPRESENTATION(#4948,#4945);
#4944=REPRESENTATION('material name',(#4946),#11458);
#4945=REPRESENTATION('density',(#4941),#11458);
#4946=DESCRIPTIVE_REPRESENTATION_ITEM('Generic','Generic');
#4947=PROPERTY_DEFINITION('material property','material name',#11477);
#4948=PROPERTY_DEFINITION('material property','density of part',#11477);
#4949=PRESENTATION_STYLE_ASSIGNMENT((#4954));
#4950=PRESENTATION_STYLE_ASSIGNMENT((#4955));
#4951=PRESENTATION_STYLE_ASSIGNMENT((#4956));
#4952=PRESENTATION_STYLE_ASSIGNMENT((#4957));
#4953=PRESENTATION_STYLE_ASSIGNMENT((#4958));
#4954=SURFACE_STYLE_USAGE(.BOTH.,#4969);
#4955=SURFACE_STYLE_USAGE(.BOTH.,#4970);
#4956=SURFACE_STYLE_USAGE(.BOTH.,#4971);
#4957=SURFACE_STYLE_USAGE(.BOTH.,#4972);
#4958=SURFACE_STYLE_USAGE(.BOTH.,#4973);
#4959=SURFACE_STYLE_RENDERING_WITH_PROPERTIES($,#4989,(#4964));
#4960=SURFACE_STYLE_RENDERING_WITH_PROPERTIES($,#4990,(#4965));
#4961=SURFACE_STYLE_RENDERING_WITH_PROPERTIES($,#4991,(#4966));
#4962=SURFACE_STYLE_RENDERING_WITH_PROPERTIES($,#4992,(#4967));
#4963=SURFACE_STYLE_RENDERING_WITH_PROPERTIES($,#4993,(#4968));
#4964=SURFACE_STYLE_TRANSPARENT(0.);
#4965=SURFACE_STYLE_TRANSPARENT(0.);
#4966=SURFACE_STYLE_TRANSPARENT(0.);
#4967=SURFACE_STYLE_TRANSPARENT(0.);
#4968=SURFACE_STYLE_TRANSPARENT(0.);
#4969=SURFACE_SIDE_STYLE('',(#4974,#4959));
#4970=SURFACE_SIDE_STYLE('',(#4975,#4960));
#4971=SURFACE_SIDE_STYLE('',(#4976,#4961));
#4972=SURFACE_SIDE_STYLE('',(#4977,#4962));
#4973=SURFACE_SIDE_STYLE('',(#4978,#4963));
#4974=SURFACE_STYLE_FILL_AREA(#4979);
#4975=SURFACE_STYLE_FILL_AREA(#4980);
#4976=SURFACE_STYLE_FILL_AREA(#4981);
#4977=SURFACE_STYLE_FILL_AREA(#4982);
#4978=SURFACE_STYLE_FILL_AREA(#4983);
#4979=FILL_AREA_STYLE('',(#4984));
#4980=FILL_AREA_STYLE('',(#4985));
#4981=FILL_AREA_STYLE('',(#4986));
#4982=FILL_AREA_STYLE('',(#4987));
#4983=FILL_AREA_STYLE('',(#4988));
#4984=FILL_AREA_STYLE_COLOUR('',#4989);
#4985=FILL_AREA_STYLE_COLOUR('',#4990);
#4986=FILL_AREA_STYLE_COLOUR('',#4991);
#4987=FILL_AREA_STYLE_COLOUR('',#4992);
#4988=FILL_AREA_STYLE_COLOUR('',#4993);
#4989=COLOUR_RGB('',0.749019607843137,0.749019607843137,0.749019607843137);
#4990=COLOUR_RGB('',0.984313725490196,1.,0.968627450980392);
#4991=COLOUR_RGB('',0.250980392156863,0.250980392156863,0.250980392156863);
#4992=COLOUR_RGB('',0.501960784313725,1.,0.501960784313725);
#4993=COLOUR_RGB('',1.,1.,0.501960784313725);
#4994=DATE_TIME_ROLE('creation_date');
#4995=DATE_TIME_ROLE('creation_date');
#4996=APPLIED_DATE_AND_TIME_ASSIGNMENT(#4998,#4994,(#11476));
#4997=APPLIED_DATE_AND_TIME_ASSIGNMENT(#4999,#4995,(#11477));
#4998=DATE_AND_TIME(#5000,#5002);
#4999=DATE_AND_TIME(#5001,#5003);
#5000=CALENDAR_DATE(2015,16,6);
#5001=CALENDAR_DATE(2025,1,10);
#5002=LOCAL_TIME(10,29,36.,#5004);
#5003=LOCAL_TIME(0,0,0.,#5005);
#5004=COORDINATED_UNIVERSAL_TIME_OFFSET(0,0,.BEHIND.);
#5005=COORDINATED_UNIVERSAL_TIME_OFFSET(0,0,.BEHIND.);
#5006=AXIS2_PLACEMENT_3D('placement',#6310,#5245,#5246);
#5007=AXIS2_PLACEMENT_3D('placement',#6311,#5247,#5248);
#5008=AXIS2_PLACEMENT_3D('',#6312,#5249,#5250);
#5009=AXIS2_PLACEMENT_3D('',#6314,#5251,#5252);
#5010=AXIS2_PLACEMENT_3D('',#6317,#5254,#5255);
#5011=AXIS2_PLACEMENT_3D('',#6318,#5256,#5257);
#5012=AXIS2_PLACEMENT_3D('',#6320,#5258,#5259);
#5013=AXIS2_PLACEMENT_3D('',#6323,#5261,#5262);
#5014=AXIS2_PLACEMENT_3D('',#7822,#5263,#5264);
#5015=AXIS2_PLACEMENT_3D('',#7955,#5331,#5332);
#5016=AXIS2_PLACEMENT_3D('',#7996,#5353,#5354);
#5017=AXIS2_PLACEMENT_3D('',#8006,#5360,#5361);
#5018=AXIS2_PLACEMENT_3D('',#8013,#5366,#5367);
#5019=AXIS2_PLACEMENT_3D('',#8023,#5373,#5374);
#5020=AXIS2_PLACEMENT_3D('',#8030,#5379,#5380);
#5021=AXIS2_PLACEMENT_3D('',#8047,#5389,#5390);
#5022=AXIS2_PLACEMENT_3D('',#8115,#5402,#5403);
#5023=AXIS2_PLACEMENT_3D('',#8117,#5405,#5406);
#5024=AXIS2_PLACEMENT_3D('',#8192,#5419,#5420);
#5025=AXIS2_PLACEMENT_3D('',#8206,#5428,#5429);
#5026=AXIS2_PLACEMENT_3D('',#8208,#5431,#5432);
#5027=AXIS2_PLACEMENT_3D('',#8584,#5506,#5507);
#5028=AXIS2_PLACEMENT_3D('',#8586,#5509,#5510);
#5029=AXIS2_PLACEMENT_3D('',#8587,#5511,#5512);
#5030=AXIS2_PLACEMENT_3D('',#8588,#5513,#5514);
#5031=AXIS2_PLACEMENT_3D('',#8611,#5527,#5528);
#5032=AXIS2_PLACEMENT_3D('',#8613,#5530,#5531);
#5033=AXIS2_PLACEMENT_3D('',#8615,#5533,#5534);
#5034=AXIS2_PLACEMENT_3D('',#8616,#5535,#5536);
#5035=AXIS2_PLACEMENT_3D('',#8618,#5538,#5539);
#5036=AXIS2_PLACEMENT_3D('',#8620,#5541,#5542);
#5037=AXIS2_PLACEMENT_3D('',#8622,#5544,#5545);
#5038=AXIS2_PLACEMENT_3D('',#8624,#5547,#5548);
#5039=AXIS2_PLACEMENT_3D('',#8626,#5550,#5551);
#5040=AXIS2_PLACEMENT_3D('',#8628,#5553,#5554);
#5041=AXIS2_PLACEMENT_3D('',#8630,#5556,#5557);
#5042=AXIS2_PLACEMENT_3D('',#8632,#5559,#5560);
#5043=AXIS2_PLACEMENT_3D('',#8633,#5561,#5562);
#5044=AXIS2_PLACEMENT_3D('',#8637,#5565,#5566);
#5045=AXIS2_PLACEMENT_3D('',#8643,#5570,#5571);
#5046=AXIS2_PLACEMENT_3D('',#8647,#5574,#5575);
#5047=AXIS2_PLACEMENT_3D('',#8650,#5578,#5579);
#5048=AXIS2_PLACEMENT_3D('',#8651,#5580,#5581);
#5049=AXIS2_PLACEMENT_3D('',#8652,#5582,#5583);
#5050=AXIS2_PLACEMENT_3D('',#8656,#5586,#5587);
#5051=AXIS2_PLACEMENT_3D('',#8662,#5591,#5592);
#5052=AXIS2_PLACEMENT_3D('',#8666,#5595,#5596);
#5053=AXIS2_PLACEMENT_3D('',#8669,#5599,#5600);
#5054=AXIS2_PLACEMENT_3D('',#8670,#5601,#5602);
#5055=AXIS2_PLACEMENT_3D('',#8671,#5603,#5604);
#5056=AXIS2_PLACEMENT_3D('',#8677,#5608,#5609);
#5057=AXIS2_PLACEMENT_3D('',#8683,#5613,#5614);
#5058=AXIS2_PLACEMENT_3D('',#8686,#5617,#5618);
#5059=AXIS2_PLACEMENT_3D('',#8687,#5619,#5620);
#5060=AXIS2_PLACEMENT_3D('',#8688,#5621,#5622);
#5061=AXIS2_PLACEMENT_3D('',#8694,#5626,#5627);
#5062=AXIS2_PLACEMENT_3D('',#8700,#5631,#5632);
#5063=AXIS2_PLACEMENT_3D('',#8703,#5635,#5636);
#5064=AXIS2_PLACEMENT_3D('',#8704,#5637,#5638);
#5065=AXIS2_PLACEMENT_3D('',#8705,#5639,#5640);
#5066=AXIS2_PLACEMENT_3D('',#8711,#5644,#5645);
#5067=AXIS2_PLACEMENT_3D('',#8717,#5649,#5650);
#5068=AXIS2_PLACEMENT_3D('',#8720,#5653,#5654);
#5069=AXIS2_PLACEMENT_3D('',#8721,#5655,#5656);
#5070=AXIS2_PLACEMENT_3D('',#8722,#5657,#5658);
#5071=AXIS2_PLACEMENT_3D('',#8728,#5662,#5663);
#5072=AXIS2_PLACEMENT_3D('',#8734,#5667,#5668);
#5073=AXIS2_PLACEMENT_3D('',#8737,#5671,#5672);
#5074=AXIS2_PLACEMENT_3D('',#8738,#5673,#5674);
#5075=AXIS2_PLACEMENT_3D('',#8739,#5675,#5676);
#5076=AXIS2_PLACEMENT_3D('',#8745,#5680,#5681);
#5077=AXIS2_PLACEMENT_3D('',#8751,#5685,#5686);
#5078=AXIS2_PLACEMENT_3D('',#8754,#5689,#5690);
#5079=AXIS2_PLACEMENT_3D('',#8755,#5691,#5692);
#5080=AXIS2_PLACEMENT_3D('',#8756,#5693,#5694);
#5081=AXIS2_PLACEMENT_3D('',#8762,#5698,#5699);
#5082=AXIS2_PLACEMENT_3D('',#8766,#5702,#5703);
#5083=AXIS2_PLACEMENT_3D('',#8770,#5706,#5707);
#5084=AXIS2_PLACEMENT_3D('',#8774,#5710,#5711);
#5085=AXIS2_PLACEMENT_3D('',#8778,#5714,#5715);
#5086=AXIS2_PLACEMENT_3D('',#8782,#5718,#5719);
#5087=AXIS2_PLACEMENT_3D('',#8786,#5722,#5723);
#5088=AXIS2_PLACEMENT_3D('',#8788,#5725,#5726);
#5089=AXIS2_PLACEMENT_3D('',#8795,#5730,#5731);
#5090=AXIS2_PLACEMENT_3D('',#8801,#5735,#5736);
#5091=AXIS2_PLACEMENT_3D('',#8805,#5739,#5740);
#5092=AXIS2_PLACEMENT_3D('',#8807,#5742,#5743);
#5093=AXIS2_PLACEMENT_3D('',#8808,#5744,#5745);
#5094=AXIS2_PLACEMENT_3D('',#8814,#5749,#5750);
#5095=AXIS2_PLACEMENT_3D('',#8971,#5756,#5757);
#5096=AXIS2_PLACEMENT_3D('',#8975,#5760,#5761);
#5097=AXIS2_PLACEMENT_3D('',#8979,#5764,#5765);
#5098=AXIS2_PLACEMENT_3D('',#8983,#5768,#5769);
#5099=AXIS2_PLACEMENT_3D('',#8987,#5772,#5773);
#5100=AXIS2_PLACEMENT_3D('',#8991,#5776,#5777);
#5101=AXIS2_PLACEMENT_3D('',#8993,#5779,#5780);
#5102=AXIS2_PLACEMENT_3D('',#9040,#5784,#5785);
#5103=AXIS2_PLACEMENT_3D('',#9164,#5791,#5792);
#5104=AXIS2_PLACEMENT_3D('',#9168,#5795,#5796);
#5105=AXIS2_PLACEMENT_3D('',#9170,#5798,#5799);
#5106=AXIS2_PLACEMENT_3D('',#9171,#5800,#5801);
#5107=AXIS2_PLACEMENT_3D('',#9177,#5805,#5806);
#5108=AXIS2_PLACEMENT_3D('',#9181,#5809,#5810);
#5109=AXIS2_PLACEMENT_3D('',#9279,#5815,#5816);
#5110=AXIS2_PLACEMENT_3D('',#9386,#5821,#5822);
#5111=AXIS2_PLACEMENT_3D('',#9387,#5823,#5824);
#5112=AXIS2_PLACEMENT_3D('',#9393,#5828,#5829);
#5113=AXIS2_PLACEMENT_3D('',#9585,#5836,#5837);
#5114=AXIS2_PLACEMENT_3D('',#9589,#5840,#5841);
#5115=AXIS2_PLACEMENT_3D('',#9593,#5844,#5845);
#5116=AXIS2_PLACEMENT_3D('',#9595,#5847,#5848);
#5117=AXIS2_PLACEMENT_3D('',#9642,#5852,#5853);
#5118=AXIS2_PLACEMENT_3D('',#9766,#5859,#5860);
#5119=AXIS2_PLACEMENT_3D('',#9770,#5863,#5864);
#5120=AXIS2_PLACEMENT_3D('',#9772,#5866,#5867);
#5121=AXIS2_PLACEMENT_3D('',#9773,#5868,#5869);
#5122=AXIS2_PLACEMENT_3D('',#9779,#5873,#5874);
#5123=AXIS2_PLACEMENT_3D('',#9783,#5877,#5878);
#5124=AXIS2_PLACEMENT_3D('',#9787,#5881,#5882);
#5125=AXIS2_PLACEMENT_3D('',#9791,#5885,#5886);
#5126=AXIS2_PLACEMENT_3D('',#9795,#5889,#5890);
#5127=AXIS2_PLACEMENT_3D('',#9797,#5892,#5893);
#5128=AXIS2_PLACEMENT_3D('',#9798,#5894,#5895);
#5129=AXIS2_PLACEMENT_3D('',#9804,#5899,#5900);
#5130=AXIS2_PLACEMENT_3D('',#9808,#5903,#5904);
#5131=AXIS2_PLACEMENT_3D('',#9812,#5907,#5908);
#5132=AXIS2_PLACEMENT_3D('',#9816,#5911,#5912);
#5133=AXIS2_PLACEMENT_3D('',#9820,#5915,#5916);
#5134=AXIS2_PLACEMENT_3D('',#9822,#5918,#5919);
#5135=AXIS2_PLACEMENT_3D('',#9823,#5920,#5921);
#5136=AXIS2_PLACEMENT_3D('',#9829,#5925,#5926);
#5137=AXIS2_PLACEMENT_3D('',#9833,#5929,#5930);
#5138=AXIS2_PLACEMENT_3D('',#9837,#5933,#5934);
#5139=AXIS2_PLACEMENT_3D('',#9841,#5937,#5938);
#5140=AXIS2_PLACEMENT_3D('',#9845,#5941,#5942);
#5141=AXIS2_PLACEMENT_3D('',#9849,#5945,#5946);
#5142=AXIS2_PLACEMENT_3D('',#9853,#5949,#5950);
#5143=AXIS2_PLACEMENT_3D('',#9855,#5952,#5953);
#5144=AXIS2_PLACEMENT_3D('',#9862,#5957,#5958);
#5145=AXIS2_PLACEMENT_3D('',#9868,#5962,#5963);
#5146=AXIS2_PLACEMENT_3D('',#9872,#5966,#5967);
#5147=AXIS2_PLACEMENT_3D('',#9874,#5969,#5970);
#5148=AXIS2_PLACEMENT_3D('',#9875,#5971,#5972);
#5149=AXIS2_PLACEMENT_3D('',#9881,#5976,#5977);
#5150=AXIS2_PLACEMENT_3D('',#9885,#5980,#5981);
#5151=AXIS2_PLACEMENT_3D('',#9889,#5984,#5985);
#5152=AXIS2_PLACEMENT_3D('',#9891,#5987,#5988);
#5153=AXIS2_PLACEMENT_3D('',#9892,#5989,#5990);
#5154=AXIS2_PLACEMENT_3D('',#9898,#5994,#5995);
#5155=AXIS2_PLACEMENT_3D('',#9902,#5998,#5999);
#5156=AXIS2_PLACEMENT_3D('',#9906,#6002,#6003);
#5157=AXIS2_PLACEMENT_3D('',#9910,#6006,#6007);
#5158=AXIS2_PLACEMENT_3D('',#9914,#6010,#6011);
#5159=AXIS2_PLACEMENT_3D('',#9918,#6014,#6015);
#5160=AXIS2_PLACEMENT_3D('',#9922,#6018,#6019);
#5161=AXIS2_PLACEMENT_3D('',#9926,#6022,#6023);
#5162=AXIS2_PLACEMENT_3D('',#9930,#6026,#6027);
#5163=AXIS2_PLACEMENT_3D('',#9934,#6030,#6031);
#5164=AXIS2_PLACEMENT_3D('',#9938,#6034,#6035);
#5165=AXIS2_PLACEMENT_3D('',#9942,#6038,#6039);
#5166=AXIS2_PLACEMENT_3D('',#9944,#6041,#6042);
#5167=AXIS2_PLACEMENT_3D('',#9945,#6043,#6044);
#5168=AXIS2_PLACEMENT_3D('',#9951,#6048,#6049);
#5169=AXIS2_PLACEMENT_3D('',#9955,#6052,#6053);
#5170=AXIS2_PLACEMENT_3D('',#9959,#6056,#6057);
#5171=AXIS2_PLACEMENT_3D('',#9963,#6060,#6061);
#5172=AXIS2_PLACEMENT_3D('',#9967,#6064,#6065);
#5173=AXIS2_PLACEMENT_3D('',#9971,#6068,#6069);
#5174=AXIS2_PLACEMENT_3D('',#9975,#6072,#6073);
#5175=AXIS2_PLACEMENT_3D('',#9977,#6075,#6076);
#5176=AXIS2_PLACEMENT_3D('',#9984,#6080,#6081);
#5177=AXIS2_PLACEMENT_3D('',#9990,#6085,#6086);
#5178=AXIS2_PLACEMENT_3D('',#9994,#6089,#6090);
#5179=AXIS2_PLACEMENT_3D('',#9996,#6092,#6093);
#5180=AXIS2_PLACEMENT_3D('',#9997,#6094,#6095);
#5181=AXIS2_PLACEMENT_3D('',#10003,#6099,#6100);
#5182=AXIS2_PLACEMENT_3D('',#10009,#6104,#6105);
#5183=AXIS2_PLACEMENT_3D('',#10012,#6108,#6109);
#5184=AXIS2_PLACEMENT_3D('',#10013,#6110,#6111);
#5185=AXIS2_PLACEMENT_3D('',#10014,#6112,#6113);
#5186=AXIS2_PLACEMENT_3D('',#10020,#6117,#6118);
#5187=AXIS2_PLACEMENT_3D('',#10026,#6122,#6123);
#5188=AXIS2_PLACEMENT_3D('',#10029,#6126,#6127);
#5189=AXIS2_PLACEMENT_3D('',#10030,#6128,#6129);
#5190=AXIS2_PLACEMENT_3D('',#10031,#6130,#6131);
#5191=AXIS2_PLACEMENT_3D('',#10037,#6135,#6136);
#5192=AXIS2_PLACEMENT_3D('',#10043,#6140,#6141);
#5193=AXIS2_PLACEMENT_3D('',#10046,#6144,#6145);
#5194=AXIS2_PLACEMENT_3D('',#10047,#6146,#6147);
#5195=AXIS2_PLACEMENT_3D('',#10048,#6148,#6149);
#5196=AXIS2_PLACEMENT_3D('',#10054,#6153,#6154);
#5197=AXIS2_PLACEMENT_3D('',#10060,#6158,#6159);
#5198=AXIS2_PLACEMENT_3D('',#10063,#6162,#6163);
#5199=AXIS2_PLACEMENT_3D('',#10064,#6164,#6165);
#5200=AXIS2_PLACEMENT_3D('',#10065,#6166,#6167);
#5201=AXIS2_PLACEMENT_3D('',#10276,#6168,#6169);
#5202=AXIS2_PLACEMENT_3D('',#10487,#6170,#6171);
#5203=AXIS2_PLACEMENT_3D('',#10698,#6172,#6173);
#5204=AXIS2_PLACEMENT_3D('',#10909,#6174,#6175);
#5205=AXIS2_PLACEMENT_3D('',#11122,#6176,#6177);
#5206=AXIS2_PLACEMENT_3D('',#11335,#6178,#6179);
#5207=AXIS2_PLACEMENT_3D('',#11341,#6183,#6184);
#5208=AXIS2_PLACEMENT_3D('',#11345,#6187,#6188);
#5209=AXIS2_PLACEMENT_3D('',#11349,#6191,#6192);
#5210=AXIS2_PLACEMENT_3D('',#11351,#6194,#6195);
#5211=AXIS2_PLACEMENT_3D('',#11352,#6196,#6197);
#5212=AXIS2_PLACEMENT_3D('',#11358,#6201,#6202);
#5213=AXIS2_PLACEMENT_3D('',#11362,#6205,#6206);
#5214=AXIS2_PLACEMENT_3D('',#11366,#6209,#6210);
#5215=AXIS2_PLACEMENT_3D('',#11368,#6212,#6213);
#5216=AXIS2_PLACEMENT_3D('',#11369,#6214,#6215);
#5217=AXIS2_PLACEMENT_3D('',#11373,#6218,#6219);
#5218=AXIS2_PLACEMENT_3D('',#11375,#6221,#6222);
#5219=AXIS2_PLACEMENT_3D('',#11376,#6223,#6224);
#5220=AXIS2_PLACEMENT_3D('',#11380,#6227,#6228);
#5221=AXIS2_PLACEMENT_3D('',#11382,#6230,#6231);
#5222=AXIS2_PLACEMENT_3D('',#11383,#6232,#6233);
#5223=AXIS2_PLACEMENT_3D('',#11389,#6237,#6238);
#5224=AXIS2_PLACEMENT_3D('',#11395,#6242,#6243);
#5225=AXIS2_PLACEMENT_3D('',#11398,#6246,#6247);
#5226=AXIS2_PLACEMENT_3D('',#11399,#6248,#6249);
#5227=AXIS2_PLACEMENT_3D('',#11400,#6250,#6251);
#5228=AXIS2_PLACEMENT_3D('',#11406,#6255,#6256);
#5229=AXIS2_PLACEMENT_3D('',#11412,#6260,#6261);
#5230=AXIS2_PLACEMENT_3D('',#11415,#6264,#6265);
#5231=AXIS2_PLACEMENT_3D('',#11416,#6266,#6267);
#5232=AXIS2_PLACEMENT_3D('',#11417,#6268,#6269);
#5233=AXIS2_PLACEMENT_3D('',#11423,#6273,#6274);
#5234=AXIS2_PLACEMENT_3D('',#11429,#6278,#6279);
#5235=AXIS2_PLACEMENT_3D('',#11432,#6282,#6283);
#5236=AXIS2_PLACEMENT_3D('',#11433,#6284,#6285);
#5237=AXIS2_PLACEMENT_3D('',#11434,#6286,#6287);
#5238=AXIS2_PLACEMENT_3D('',#11440,#6291,#6292);
#5239=AXIS2_PLACEMENT_3D('',#11446,#6296,#6297);
#5240=AXIS2_PLACEMENT_3D('',#11449,#6300,#6301);
#5241=AXIS2_PLACEMENT_3D('',#11450,#6302,#6303);
#5242=AXIS2_PLACEMENT_3D('',#11451,#6304,#6305);
#5243=AXIS2_PLACEMENT_3D('',#11452,#6306,#6307);
#5244=AXIS2_PLACEMENT_3D('',#11453,#6308,#6309);
#5245=DIRECTION('axis',(0.,0.,1.));
#5246=DIRECTION('refdir',(1.,0.,0.));
#5247=DIRECTION('axis',(0.,0.,1.));
#5248=DIRECTION('refdir',(1.,0.,0.));
#5249=DIRECTION('center_axis',(0.,1.,0.));
#5250=DIRECTION('ref_axis',(0.,0.,1.));
#5251=DIRECTION('center_axis',(0.,-1.,0.));
#5252=DIRECTION('ref_axis',(0.,0.,-1.));
#5253=DIRECTION('',(0.,-1.,0.));
#5254=DIRECTION('center_axis',(0.,1.,0.));
#5255=DIRECTION('ref_axis',(0.,0.,1.));
#5256=DIRECTION('center_axis',(0.,1.,0.));
#5257=DIRECTION('ref_axis',(0.,0.,1.));
#5258=DIRECTION('center_axis',(0.,-1.,0.));
#5259=DIRECTION('ref_axis',(0.,0.,-1.));
#5260=DIRECTION('',(0.,-1.,0.));
#5261=DIRECTION('center_axis',(0.,1.,0.));
#5262=DIRECTION('ref_axis',(0.,0.,1.));
#5263=DIRECTION('center_axis',(0.,-1.,0.));
#5264=DIRECTION('ref_axis',(0.,0.,-1.));
#5265=DIRECTION('',(0.,0.,1.));
#5266=DIRECTION('',(-1.,-4.15502628976481E-16,0.));
#5267=DIRECTION('',(0.,0.,1.));
#5268=DIRECTION('',(-1.,-4.15502628976481E-16,0.));
#5269=DIRECTION('',(0.,0.,1.));
#5270=DIRECTION('',(0.,0.,1.));
#5271=DIRECTION('',(1.,0.,0.));
#5272=DIRECTION('',(0.,0.,1.));
#5273=DIRECTION('',(0.,0.,1.));
#5274=DIRECTION('',(1.,-4.15502628976481E-16,0.));
#5275=DIRECTION('',(0.,0.,1.));
#5276=DIRECTION('',(1.,-4.15502628976481E-16,0.));
#5277=DIRECTION('',(0.,0.,1.));
#5278=DIRECTION('',(1.,0.,0.));
#5279=DIRECTION('',(1.,0.,0.));
#5280=DIRECTION('',(0.,0.,1.));
#5281=DIRECTION('',(1.,0.,0.));
#5282=DIRECTION('',(0.,0.,1.));
#5283=DIRECTION('',(1.,0.,0.));
#5284=DIRECTION('',(0.,0.,1.));
#5285=DIRECTION('',(1.,0.,0.));
#5286=DIRECTION('',(0.,0.,1.));
#5287=DIRECTION('',(1.,0.,0.));
#5288=DIRECTION('',(0.,0.,1.));
#5289=DIRECTION('',(1.,0.,0.));
#5290=DIRECTION('',(0.,0.,1.));
#5291=DIRECTION('',(1.,0.,0.));
#5292=DIRECTION('',(0.,0.,1.));
#5293=DIRECTION('',(1.,0.,0.));
#5294=DIRECTION('',(0.,0.,1.));
#5295=DIRECTION('',(-1.,0.,0.));
#5296=DIRECTION('',(0.,0.,-1.));
#5297=DIRECTION('',(-1.,0.,0.));
#5298=DIRECTION('',(0.,0.,-1.));
#5299=DIRECTION('',(-1.,0.,0.));
#5300=DIRECTION('',(0.,0.,-1.));
#5301=DIRECTION('',(-1.,0.,0.));
#5302=DIRECTION('',(0.,0.,-1.));
#5303=DIRECTION('',(-1.,0.,0.));
#5304=DIRECTION('',(0.,0.,-1.));
#5305=DIRECTION('',(-1.,0.,0.));
#5306=DIRECTION('',(0.,0.,-1.));
#5307=DIRECTION('',(-1.,0.,0.));
#5308=DIRECTION('',(0.,0.,-1.));
#5309=DIRECTION('',(-1.,0.,0.));
#5310=DIRECTION('',(0.,0.,-1.));
#5311=DIRECTION('',(1.,0.,0.));
#5312=DIRECTION('',(0.,0.,1.));
#5313=DIRECTION('',(1.,0.,0.));
#5314=DIRECTION('',(0.,0.,1.));
#5315=DIRECTION('',(1.,0.,0.));
#5316=DIRECTION('',(0.,0.,1.));
#5317=DIRECTION('',(1.,0.,0.));
#5318=DIRECTION('',(0.,0.,1.));
#5319=DIRECTION('',(1.,0.,0.));
#5320=DIRECTION('',(0.,0.,1.));
#5321=DIRECTION('',(1.,0.,0.));
#5322=DIRECTION('',(0.,0.,1.));
#5323=DIRECTION('',(1.,0.,0.));
#5324=DIRECTION('',(0.,0.,1.));
#5325=DIRECTION('',(1.,0.,0.));
#5326=DIRECTION('',(0.,0.,1.));
#5327=DIRECTION('',(1.,0.,0.));
#5328=DIRECTION('',(0.,0.,1.));
#5329=DIRECTION('',(1.,0.,0.));
#5330=DIRECTION('',(0.,0.,1.));
#5331=DIRECTION('center_axis',(0.,0.,-1.));
#5332=DIRECTION('ref_axis',(-1.,0.,0.));
#5333=DIRECTION('',(-1.,-1.73472347597681E-16,0.));
#5334=DIRECTION('',(-1.82987708436372E-16,1.,0.));
#5335=DIRECTION('',(-1.,-3.25260651745651E-16,0.));
#5336=DIRECTION('',(4.33680868994202E-16,1.,0.));
#5337=DIRECTION('',(1.,2.16840434497101E-16,0.));
#5338=DIRECTION('',(-2.89120579329468E-16,1.,0.));
#5339=DIRECTION('',(-1.,-1.44560289664734E-16,0.));
#5340=DIRECTION('',(2.89120579329468E-16,-1.,0.));
#5341=DIRECTION('',(1.,0.,0.));
#5342=DIRECTION('',(4.33680868994202E-16,-1.,0.));
#5343=DIRECTION('',(-1.,-5.42101086242752E-17,0.));
#5344=DIRECTION('',(1.82987708436372E-16,-1.,0.));
#5345=DIRECTION('',(-1.,0.,0.));
#5346=DIRECTION('',(0.,1.,0.));
#5347=DIRECTION('',(1.,0.,0.));
#5348=DIRECTION('',(5.78241158658936E-16,-1.,0.));
#5349=DIRECTION('',(1.,1.73472347597681E-16,0.));
#5350=DIRECTION('',(0.,1.,0.));
#5351=DIRECTION('',(1.,2.47817639425258E-16,0.));
#5352=DIRECTION('',(0.,-1.,0.));
#5353=DIRECTION('center_axis',(1.,1.82987708436372E-16,0.));
#5354=DIRECTION('ref_axis',(-1.82987708436372E-16,1.,0.));
#5355=DIRECTION('',(0.,0.,-1.));
#5356=DIRECTION('',(-5.78241158658936E-16,1.,0.));
#5357=DIRECTION('',(0.,0.,1.));
#5358=DIRECTION('',(-1.82987708436372E-16,1.,0.));
#5359=DIRECTION('',(0.,0.,1.));
#5360=DIRECTION('center_axis',(2.47817639425258E-16,-1.,0.));
#5361=DIRECTION('ref_axis',(1.,2.47817639425258E-16,0.));
#5362=DIRECTION('',(0.,0.,-1.));
#5363=DIRECTION('',(0.,0.,1.));
#5364=DIRECTION('',(1.,2.47817639425258E-16,0.));
#5365=DIRECTION('',(1.,0.,0.));
#5366=DIRECTION('center_axis',(0.,-1.,0.));
#5367=DIRECTION('ref_axis',(0.,0.,-1.));
#5368=DIRECTION('',(0.,0.,-1.));
#5369=DIRECTION('',(1.,0.,0.));
#5370=DIRECTION('',(0.,0.,1.));
#5371=DIRECTION('',(1.,0.,0.));
#5372=DIRECTION('',(0.,0.,1.));
#5373=DIRECTION('center_axis',(-1.,-1.82987708436372E-16,0.));
#5374=DIRECTION('ref_axis',(1.82987708436372E-16,-1.,0.));
#5375=DIRECTION('',(0.,0.,-1.));
#5376=DIRECTION('',(0.,0.,1.));
#5377=DIRECTION('',(1.82987708436372E-16,-1.,0.));
#5378=DIRECTION('',(0.,-1.,0.));
#5379=DIRECTION('center_axis',(-1.,0.,0.));
#5380=DIRECTION('ref_axis',(0.,0.,1.));
#5381=DIRECTION('',(0.,-1.,-1.76293036176505E-16));
#5382=DIRECTION('',(0.,-0.69919706176197,0.714928995651615));
#5383=DIRECTION('',(0.,-1.,0.));
#5384=DIRECTION('',(0.,-1.51086887268805E-16,1.));
#5385=DIRECTION('',(0.,0.,1.));
#5386=DIRECTION('',(0.,-1.,0.));
#5387=DIRECTION('',(0.,0.,-1.));
#5388=DIRECTION('',(0.,1.,0.));
#5389=DIRECTION('center_axis',(-1.,0.,0.));
#5390=DIRECTION('ref_axis',(0.,0.,1.));
#5391=DIRECTION('',(0.,-0.92233170190411,-0.386399057533358));
#5392=DIRECTION('',(0.,1.33501512383032E-16,-1.));
#5393=DIRECTION('',(0.,-1.51086887268805E-16,1.));
#5394=DIRECTION('',(0.,-1.,-4.33680868994202E-16));
#5395=DIRECTION('',(0.,1.,3.94255335449274E-16));
#5396=DIRECTION('',(0.,-0.939692620785908,0.342020143325669));
#5397=DIRECTION('',(0.,-1.33440267382831E-15,-1.));
#5398=DIRECTION('',(0.,0.93969262078591,0.342020143325665));
#5399=DIRECTION('',(0.,-1.,-1.31418445149758E-16));
#5400=DIRECTION('',(0.,-1.,0.));
#5401=DIRECTION('',(0.,0.,1.));
#5402=DIRECTION('center_axis',(-1.,0.,0.));
#5403=DIRECTION('ref_axis',(0.,0.,1.));
#5404=DIRECTION('',(0.,0.,1.));
#5405=DIRECTION('center_axis',(1.,0.,0.));
#5406=DIRECTION('ref_axis',(0.,0.,-1.));
#5407=DIRECTION('',(0.,1.51086887268805E-16,-1.));
#5408=DIRECTION('',(0.,1.,1.76293036176505E-16));
#5409=DIRECTION('',(0.,0.,1.));
#5410=DIRECTION('',(0.,0.812453276758331,0.583026305654085));
#5411=DIRECTION('',(0.,0.,1.));
#5412=DIRECTION('',(0.,1.,0.));
#5413=DIRECTION('',(0.,-1.,-1.31418445149758E-16));
#5414=DIRECTION('',(0.,-0.93969262078591,-0.342020143325665));
#5415=DIRECTION('',(0.,-1.33440267382831E-15,-1.));
#5416=DIRECTION('',(0.,0.93969262078591,-0.342020143325663));
#5417=DIRECTION('',(0.,1.,3.94255335449274E-16));
#5418=DIRECTION('',(0.,1.,4.33680868994202E-16));
#5419=DIRECTION('center_axis',(1.,0.,0.));
#5420=DIRECTION('ref_axis',(0.,0.,-1.));
#5421=DIRECTION('',(0.,1.51086887268805E-16,-1.));
#5422=DIRECTION('',(0.,1.,0.));
#5423=DIRECTION('',(0.,-0.69919706176197,0.714928995651615));
#5424=DIRECTION('',(0.,-1.,0.));
#5425=DIRECTION('',(0.,0.,1.));
#5426=DIRECTION('',(0.,1.,0.));
#5427=DIRECTION('',(0.,0.,-1.));
#5428=DIRECTION('center_axis',(1.,0.,0.));
#5429=DIRECTION('ref_axis',(0.,0.,-1.));
#5430=DIRECTION('',(0.,1.,0.));
#5431=DIRECTION('center_axis',(0.,1.,0.));
#5432=DIRECTION('ref_axis',(0.,0.,1.));
#5433=DIRECTION('',(-1.,0.,0.));
#5434=DIRECTION('',(0.,0.,1.));
#5435=DIRECTION('',(-1.,0.,0.));
#5436=DIRECTION('',(-1.,0.,0.));
#5437=DIRECTION('',(0.,0.,-1.));
#5438=DIRECTION('',(1.,0.,0.));
#5439=DIRECTION('',(0.622788232243938,0.,0.782390450976027));
#5440=DIRECTION('',(-1.,0.,0.));
#5441=DIRECTION('',(-0.622788232243938,0.,-0.782390450976027));
#5442=DIRECTION('',(-1.,0.,0.));
#5443=DIRECTION('',(0.,0.,1.));
#5444=DIRECTION('',(-1.,0.,0.));
#5445=DIRECTION('',(0.,0.,-1.));
#5446=DIRECTION('',(1.,0.,0.));
#5447=DIRECTION('',(-1.,0.,0.));
#5448=DIRECTION('',(0.,0.,1.));
#5449=DIRECTION('',(-1.,0.,0.));
#5450=DIRECTION('',(0.496686511837684,0.,-0.867930013859709));
#5451=DIRECTION('',(1.,0.,0.));
#5452=DIRECTION('',(0.,0.,1.));
#5453=DIRECTION('',(-1.,0.,0.));
#5454=DIRECTION('',(0.,0.,-1.));
#5455=DIRECTION('',(-1.,0.,0.));
#5456=DIRECTION('',(0.,0.,-1.));
#5457=DIRECTION('',(1.,0.,0.));
#5458=DIRECTION('',(0.,0.,1.));
#5459=DIRECTION('',(0.428584206872173,0.,-0.903501841514311));
#5460=DIRECTION('',(1.,0.,0.));
#5461=DIRECTION('',(0.419058177461747,0.,0.907959384500451));
#5462=DIRECTION('',(-1.,0.,0.));
#5463=DIRECTION('',(-0.418842224744607,0.,-0.90805902383655));
#5464=DIRECTION('',(-1.,0.,0.));
#5465=DIRECTION('',(-0.428596026355543,0.,0.903496234741595));
#5466=DIRECTION('',(-1.,0.,0.));
#5467=DIRECTION('',(-0.131351992543885,0.,0.991335792784035));
#5468=DIRECTION('',(-1.,0.,0.));
#5469=DIRECTION('',(0.130875760050872,0.,-0.991398777198715));
#5470=DIRECTION('',(1.,0.,0.));
#5471=DIRECTION('',(0.44948027739213,0.,0.893290255312065));
#5472=DIRECTION('',(0.448609500244122,0.,-0.893727875972725));
#5473=DIRECTION('',(1.,0.,0.));
#5474=DIRECTION('',(0.131656421426928,0.,0.991295408390988));
#5475=DIRECTION('',(-1.,0.,0.));
#5476=DIRECTION('',(-0.131910648635163,0.,-0.991261610664234));
#5477=DIRECTION('',(-0.448407623259109,0.,0.893829180214607));
#5478=DIRECTION('',(-1.,0.,0.));
#5479=DIRECTION('',(-0.448999766609312,0.,-0.893531873849379));
#5480=DIRECTION('',(0.428584206872173,0.,-0.903501841514311));
#5481=DIRECTION('',(1.,0.,0.));
#5482=DIRECTION('',(0.419058177461747,0.,0.907959384500452));
#5483=DIRECTION('',(-1.,0.,0.));
#5484=DIRECTION('',(-0.418842224744609,0.,-0.908059023836549));
#5485=DIRECTION('',(-1.,0.,0.));
#5486=DIRECTION('',(-0.428596026355544,0.,0.903496234741594));
#5487=DIRECTION('',(-1.,0.,0.));
#5488=DIRECTION('',(-1.,0.,0.));
#5489=DIRECTION('',(0.496686511837684,0.,-0.867930013859709));
#5490=DIRECTION('',(1.,0.,0.));
#5491=DIRECTION('',(0.,0.,1.));
#5492=DIRECTION('',(-1.,0.,0.));
#5493=DIRECTION('',(0.,0.,-1.));
#5494=DIRECTION('',(0.,0.,-1.));
#5495=DIRECTION('',(1.,0.,0.));
#5496=DIRECTION('',(0.,0.,1.));
#5497=DIRECTION('',(0.566528822887066,0.,-0.824041924199367));
#5498=DIRECTION('',(0.428584206872173,0.,-0.903501841514311));
#5499=DIRECTION('',(1.,0.,0.));
#5500=DIRECTION('',(0.419058177461747,0.,0.907959384500452));
#5501=DIRECTION('',(-1.,0.,0.));
#5502=DIRECTION('',(-0.418842224744607,0.,-0.90805902383655));
#5503=DIRECTION('',(-1.,0.,0.));
#5504=DIRECTION('',(-0.428596026355543,0.,0.903496234741595));
#5505=DIRECTION('',(-1.,0.,0.));
#5506=DIRECTION('center_axis',(-1.,0.,0.));
#5507=DIRECTION('ref_axis',(0.,0.,1.));
#5508=DIRECTION('',(0.,-1.,0.));
#5509=DIRECTION('center_axis',(1.,0.,0.));
#5510=DIRECTION('ref_axis',(0.,0.,-1.));
#5511=DIRECTION('center_axis',(0.,0.,1.));
#5512=DIRECTION('ref_axis',(1.,0.,0.));
#5513=DIRECTION('center_axis',(0.,0.,1.));
#5514=DIRECTION('ref_axis',(1.,0.,0.));
#5515=DIRECTION('',(0.,1.,0.));
#5516=DIRECTION('',(1.,1.73472347597681E-16,0.));
#5517=DIRECTION('',(5.78241158658936E-16,-1.,0.));
#5518=DIRECTION('',(-1.,-5.42101086242752E-17,0.));
#5519=DIRECTION('',(4.33680868994202E-16,-1.,0.));
#5520=DIRECTION('',(1.,0.,0.));
#5521=DIRECTION('',(2.89120579329468E-16,-1.,0.));
#5522=DIRECTION('',(-1.,-1.44560289664734E-16,0.));
#5523=DIRECTION('',(-2.89120579329468E-16,1.,0.));
#5524=DIRECTION('',(1.,2.16840434497101E-16,0.));
#5525=DIRECTION('',(4.33680868994202E-16,1.,0.));
#5526=DIRECTION('',(-1.,-3.25260651745651E-16,0.));
#5527=DIRECTION('center_axis',(1.,0.,0.));
#5528=DIRECTION('ref_axis',(0.,0.,-1.));
#5529=DIRECTION('',(0.,0.,1.));
#5530=DIRECTION('center_axis',(1.73472347597681E-16,-1.,0.));
#5531=DIRECTION('ref_axis',(1.,1.73472347597681E-16,0.));
#5532=DIRECTION('',(0.,0.,1.));
#5533=DIRECTION('center_axis',(-1.,-5.78241158658936E-16,0.));
#5534=DIRECTION('ref_axis',(5.78241158658936E-16,-1.,0.));
#5535=DIRECTION('center_axis',(-5.42101086242752E-17,1.,0.));
#5536=DIRECTION('ref_axis',(-1.,-5.42101086242752E-17,0.));
#5537=DIRECTION('',(0.,0.,1.));
#5538=DIRECTION('center_axis',(-1.,-4.33680868994202E-16,0.));
#5539=DIRECTION('ref_axis',(4.33680868994202E-16,-1.,0.));
#5540=DIRECTION('',(0.,0.,1.));
#5541=DIRECTION('center_axis',(0.,-1.,0.));
#5542=DIRECTION('ref_axis',(0.,0.,-1.));
#5543=DIRECTION('',(0.,0.,1.));
#5544=DIRECTION('center_axis',(-1.,-2.89120579329468E-16,0.));
#5545=DIRECTION('ref_axis',(2.89120579329468E-16,-1.,0.));
#5546=DIRECTION('',(0.,0.,1.));
#5547=DIRECTION('center_axis',(-1.44560289664734E-16,1.,0.));
#5548=DIRECTION('ref_axis',(-1.,-1.44560289664734E-16,0.));
#5549=DIRECTION('',(0.,0.,1.));
#5550=DIRECTION('center_axis',(1.,2.89120579329468E-16,0.));
#5551=DIRECTION('ref_axis',(-2.89120579329468E-16,1.,0.));
#5552=DIRECTION('',(0.,0.,1.));
#5553=DIRECTION('center_axis',(2.16840434497101E-16,-1.,0.));
#5554=DIRECTION('ref_axis',(1.,2.16840434497101E-16,0.));
#5555=DIRECTION('',(0.,0.,1.));
#5556=DIRECTION('center_axis',(1.,-4.33680868994202E-16,0.));
#5557=DIRECTION('ref_axis',(4.33680868994202E-16,1.,0.));
#5558=DIRECTION('',(0.,0.,1.));
#5559=DIRECTION('center_axis',(-3.25260651745651E-16,1.,0.));
#5560=DIRECTION('ref_axis',(-1.,-3.25260651745651E-16,0.));
#5561=DIRECTION('center_axis',(1.63814128367178E-31,3.94255335449274E-16,
-1.));
#5562=DIRECTION('ref_axis',(0.,1.,3.94255335449275E-16));
#5563=DIRECTION('',(-1.,4.15502628976481E-16,0.));
#5564=DIRECTION('',(0.,1.,3.94255335449274E-16));
#5565=DIRECTION('center_axis',(-4.15502628976481E-16,-1.,1.33440267382831E-15));
#5566=DIRECTION('ref_axis',(0.,-1.33440267382831E-15,-1.));
#5567=DIRECTION('',(-1.,4.15502628976481E-16,0.));
#5568=DIRECTION('',(0.,-1.33440267382831E-15,-1.));
#5569=DIRECTION('',(1.,-4.15502628976481E-16,0.));
#5570=DIRECTION('center_axis',(-5.4604709455726E-32,-1.31418445149758E-16,
1.));
#5571=DIRECTION('ref_axis',(0.,-1.,-1.31418445149758E-16));
#5572=DIRECTION('',(0.,-1.,-1.31418445149758E-16));
#5573=DIRECTION('',(1.,-4.15502628976481E-16,0.));
#5574=DIRECTION('center_axis',(1.,0.,0.));
#5575=DIRECTION('ref_axis',(0.,0.,-1.));
#5576=DIRECTION('',(0.,0.93969262078591,0.342020143325665));
#5577=DIRECTION('',(0.,-0.93969262078591,0.342020143325663));
#5578=DIRECTION('center_axis',(1.42110268714727E-16,0.342020143325665,-0.93969262078591));
#5579=DIRECTION('ref_axis',(1.,-4.15502628976481E-16,0.));
#5580=DIRECTION('center_axis',(1.42110268714726E-16,0.342020143325663,0.93969262078591));
#5581=DIRECTION('ref_axis',(1.,-4.15502628976481E-16,0.));
#5582=DIRECTION('center_axis',(-5.4604709455726E-32,1.31418445149758E-16,
-1.));
#5583=DIRECTION('ref_axis',(0.,1.,1.31418445149758E-16));
#5584=DIRECTION('',(1.,4.15502628976481E-16,0.));
#5585=DIRECTION('',(0.,-1.,-1.31418445149758E-16));
#5586=DIRECTION('center_axis',(-4.15502628976481E-16,1.,-1.33440267382831E-15));
#5587=DIRECTION('ref_axis',(0.,1.33440267382831E-15,1.));
#5588=DIRECTION('',(0.,-1.33440267382831E-15,-1.));
#5589=DIRECTION('',(-1.,-4.15502628976481E-16,0.));
#5590=DIRECTION('',(1.,4.15502628976481E-16,0.));
#5591=DIRECTION('center_axis',(1.63814128367178E-31,-3.94255335449274E-16,
1.));
#5592=DIRECTION('ref_axis',(0.,-1.,-3.94255335449275E-16));
#5593=DIRECTION('',(0.,1.,3.94255335449274E-16));
#5594=DIRECTION('',(-1.,-4.15502628976481E-16,0.));
#5595=DIRECTION('center_axis',(-1.,0.,0.));
#5596=DIRECTION('ref_axis',(0.,0.,-1.));
#5597=DIRECTION('',(0.,-0.93969262078591,-0.342020143325665));
#5598=DIRECTION('',(0.,0.939692620785908,-0.342020143325669));
#5599=DIRECTION('center_axis',(-1.42110268714727E-16,0.342020143325665,
-0.93969262078591));
#5600=DIRECTION('ref_axis',(-1.,-4.15502628976481E-16,0.));
#5601=DIRECTION('center_axis',(-1.42110268714728E-16,0.342020143325669,
0.939692620785908));
#5602=DIRECTION('ref_axis',(-1.,-4.15502628976481E-16,0.));
#5603=DIRECTION('center_axis',(-1.,5.25673780599032E-16,0.));
#5604=DIRECTION('ref_axis',(-5.25673780599032E-16,-1.,0.));
#5605=DIRECTION('',(-5.25673780599032E-16,-1.,0.));
#5606=DIRECTION('',(0.,0.,1.));
#5607=DIRECTION('',(-5.25673780599032E-16,-1.,0.));
#5608=DIRECTION('center_axis',(0.,1.,0.));
#5609=DIRECTION('ref_axis',(0.,0.,1.));
#5610=DIRECTION('',(-1.,0.,0.));
#5611=DIRECTION('',(0.,0.,1.));
#5612=DIRECTION('',(-1.,0.,0.));
#5613=DIRECTION('center_axis',(1.,0.,0.));
#5614=DIRECTION('ref_axis',(0.,0.,-1.));
#5615=DIRECTION('',(0.,1.,0.));
#5616=DIRECTION('',(0.,1.,0.));
#5617=DIRECTION('center_axis',(0.,0.,-1.));
#5618=DIRECTION('ref_axis',(-1.,0.,0.));
#5619=DIRECTION('center_axis',(0.,0.,-1.));
#5620=DIRECTION('ref_axis',(-1.,0.,0.));
#5621=DIRECTION('center_axis',(-1.,5.25673780599032E-16,0.));
#5622=DIRECTION('ref_axis',(-5.25673780599032E-16,-1.,0.));
#5623=DIRECTION('',(-5.25673780599032E-16,-1.,0.));
#5624=DIRECTION('',(0.,0.,1.));
#5625=DIRECTION('',(-5.25673780599032E-16,-1.,0.));
#5626=DIRECTION('center_axis',(0.,1.,0.));
#5627=DIRECTION('ref_axis',(0.,0.,1.));
#5628=DIRECTION('',(-1.,0.,0.));
#5629=DIRECTION('',(0.,0.,1.));
#5630=DIRECTION('',(-1.,0.,0.));
#5631=DIRECTION('center_axis',(1.,0.,0.));
#5632=DIRECTION('ref_axis',(0.,0.,-1.));
#5633=DIRECTION('',(0.,1.,0.));
#5634=DIRECTION('',(0.,1.,0.));
#5635=DIRECTION('center_axis',(0.,0.,-1.));
#5636=DIRECTION('ref_axis',(-1.,0.,0.));
#5637=DIRECTION('center_axis',(0.,0.,-1.));
#5638=DIRECTION('ref_axis',(-1.,0.,0.));
#5639=DIRECTION('center_axis',(-1.,5.25673780599032E-16,0.));
#5640=DIRECTION('ref_axis',(-5.25673780599032E-16,-1.,0.));
#5641=DIRECTION('',(-5.25673780599032E-16,-1.,0.));
#5642=DIRECTION('',(0.,0.,1.));
#5643=DIRECTION('',(-5.25673780599032E-16,-1.,0.));
#5644=DIRECTION('center_axis',(0.,1.,0.));
#5645=DIRECTION('ref_axis',(0.,0.,1.));
#5646=DIRECTION('',(-1.,0.,0.));
#5647=DIRECTION('',(0.,0.,1.));
#5648=DIRECTION('',(-1.,0.,0.));
#5649=DIRECTION('center_axis',(1.,0.,0.));
#5650=DIRECTION('ref_axis',(0.,0.,-1.));
#5651=DIRECTION('',(0.,1.,0.));
#5652=DIRECTION('',(0.,1.,0.));
#5653=DIRECTION('center_axis',(0.,0.,-1.));
#5654=DIRECTION('ref_axis',(-1.,0.,0.));
#5655=DIRECTION('center_axis',(0.,0.,-1.));
#5656=DIRECTION('ref_axis',(-1.,0.,0.));
#5657=DIRECTION('center_axis',(-1.,5.25673780599032E-16,0.));
#5658=DIRECTION('ref_axis',(-5.25673780599032E-16,-1.,0.));
#5659=DIRECTION('',(-5.25673780599032E-16,-1.,0.));
#5660=DIRECTION('',(0.,0.,1.));
#5661=DIRECTION('',(-5.25673780599032E-16,-1.,0.));
#5662=DIRECTION('center_axis',(0.,1.,0.));
#5663=DIRECTION('ref_axis',(0.,0.,1.));
#5664=DIRECTION('',(-1.,0.,0.));
#5665=DIRECTION('',(0.,0.,1.));
#5666=DIRECTION('',(-1.,0.,0.));
#5667=DIRECTION('center_axis',(1.,0.,0.));
#5668=DIRECTION('ref_axis',(0.,0.,-1.));
#5669=DIRECTION('',(0.,1.,0.));
#5670=DIRECTION('',(0.,1.,0.));
#5671=DIRECTION('center_axis',(0.,0.,-1.));
#5672=DIRECTION('ref_axis',(-1.,0.,0.));
#5673=DIRECTION('center_axis',(0.,0.,-1.));
#5674=DIRECTION('ref_axis',(-1.,0.,0.));
#5675=DIRECTION('center_axis',(-1.,5.25673780599032E-16,0.));
#5676=DIRECTION('ref_axis',(-5.25673780599032E-16,-1.,0.));
#5677=DIRECTION('',(-5.25673780599032E-16,-1.,0.));
#5678=DIRECTION('',(0.,0.,1.));
#5679=DIRECTION('',(-5.25673780599032E-16,-1.,0.));
#5680=DIRECTION('center_axis',(0.,1.,0.));
#5681=DIRECTION('ref_axis',(0.,0.,1.));
#5682=DIRECTION('',(-1.,0.,0.));
#5683=DIRECTION('',(0.,0.,1.));
#5684=DIRECTION('',(-1.,0.,0.));
#5685=DIRECTION('center_axis',(1.,0.,0.));
#5686=DIRECTION('ref_axis',(0.,0.,-1.));
#5687=DIRECTION('',(0.,1.,0.));
#5688=DIRECTION('',(0.,1.,0.));
#5689=DIRECTION('center_axis',(0.,0.,-1.));
#5690=DIRECTION('ref_axis',(-1.,0.,0.));
#5691=DIRECTION('center_axis',(0.,0.,-1.));
#5692=DIRECTION('ref_axis',(-1.,0.,0.));
#5693=DIRECTION('center_axis',(0.,0.,1.));
#5694=DIRECTION('ref_axis',(1.,0.,0.));
#5695=DIRECTION('',(0.,1.,0.));
#5696=DIRECTION('',(1.,0.,0.));
#5697=DIRECTION('',(0.,1.,0.));
#5698=DIRECTION('center_axis',(-0.907959384500452,0.,0.419058177461747));
#5699=DIRECTION('ref_axis',(0.419058177461747,0.,0.907959384500452));
#5700=DIRECTION('',(0.419058177461747,0.,0.907959384500452));
#5701=DIRECTION('',(0.,1.,0.));
#5702=DIRECTION('center_axis',(0.,0.,-1.));
#5703=DIRECTION('ref_axis',(-1.,0.,0.));
#5704=DIRECTION('',(-1.,0.,0.));
#5705=DIRECTION('',(0.,1.,0.));
#5706=DIRECTION('center_axis',(0.90805902383655,0.,-0.418842224744607));
#5707=DIRECTION('ref_axis',(-0.418842224744607,0.,-0.90805902383655));
#5708=DIRECTION('',(-0.418842224744607,0.,-0.90805902383655));
#5709=DIRECTION('',(0.,1.,0.));
#5710=DIRECTION('center_axis',(0.,0.,-1.));
#5711=DIRECTION('ref_axis',(-1.,0.,0.));
#5712=DIRECTION('',(-1.,0.,0.));
#5713=DIRECTION('',(0.,1.,0.));
#5714=DIRECTION('center_axis',(-0.903496234741595,0.,-0.428596026355543));
#5715=DIRECTION('ref_axis',(-0.428596026355543,0.,0.903496234741595));
#5716=DIRECTION('',(-0.428596026355543,0.,0.903496234741595));
#5717=DIRECTION('',(0.,1.,0.));
#5718=DIRECTION('center_axis',(0.,0.,-1.));
#5719=DIRECTION('ref_axis',(-1.,0.,0.));
#5720=DIRECTION('',(-1.,0.,0.));
#5721=DIRECTION('',(0.,1.,0.));
#5722=DIRECTION('center_axis',(0.903501841514311,0.,0.428584206872173));
#5723=DIRECTION('ref_axis',(0.428584206872173,0.,-0.903501841514311));
#5724=DIRECTION('',(0.428584206872173,0.,-0.903501841514311));
#5725=DIRECTION('center_axis',(0.,1.,0.));
#5726=DIRECTION('ref_axis',(0.,0.,1.));
#5727=DIRECTION('',(1.,0.,0.));
#5728=DIRECTION('',(-0.428351119156279,0.,0.903612371936973));
#5729=DIRECTION('',(-0.418997788826974,0.,-0.907987253742092));
#5730=DIRECTION('center_axis',(0.907987253742092,0.,-0.418997788826974));
#5731=DIRECTION('ref_axis',(-0.418997788826974,0.,-0.907987253742092));
#5732=DIRECTION('',(-0.418997788826974,0.,-0.907987253742092));
#5733=DIRECTION('',(0.,1.,0.));
#5734=DIRECTION('',(0.,1.,0.));
#5735=DIRECTION('center_axis',(0.,0.,1.));
#5736=DIRECTION('ref_axis',(1.,0.,0.));
#5737=DIRECTION('',(1.,0.,0.));
#5738=DIRECTION('',(0.,1.,0.));
#5739=DIRECTION('center_axis',(-0.903612371936973,0.,-0.428351119156279));
#5740=DIRECTION('ref_axis',(-0.428351119156279,0.,0.903612371936973));
#5741=DIRECTION('',(-0.428351119156279,0.,0.903612371936973));
#5742=DIRECTION('center_axis',(0.,1.,0.));
#5743=DIRECTION('ref_axis',(0.,0.,1.));
#5744=DIRECTION('center_axis',(1.,0.,0.));
#5745=DIRECTION('ref_axis',(0.,0.,-1.));
#5746=DIRECTION('',(0.,1.,0.));
#5747=DIRECTION('',(0.,0.,-1.));
#5748=DIRECTION('',(0.,1.,0.));
#5749=DIRECTION('center_axis',(0.,0.,1.));
#5750=DIRECTION('ref_axis',(1.,0.,0.));
#5751=DIRECTION('',(1.,0.,0.));
#5752=DIRECTION('',(0.,1.,0.));
#5753=DIRECTION('',(0.,1.,0.));
#5754=DIRECTION('',(0.,1.,0.));
#5755=DIRECTION('',(0.,1.,0.));
#5756=DIRECTION('center_axis',(-0.782390450976027,0.,0.622788232243938));
#5757=DIRECTION('ref_axis',(0.622788232243938,0.,0.782390450976027));
#5758=DIRECTION('',(0.622788232243938,0.,0.782390450976027));
#5759=DIRECTION('',(0.,1.,0.));
#5760=DIRECTION('center_axis',(0.,0.,-1.));
#5761=DIRECTION('ref_axis',(-1.,0.,0.));
#5762=DIRECTION('',(-1.,0.,0.));
#5763=DIRECTION('',(0.,1.,0.));
#5764=DIRECTION('center_axis',(0.782390450976027,0.,-0.622788232243938));
#5765=DIRECTION('ref_axis',(-0.622788232243938,0.,-0.782390450976027));
#5766=DIRECTION('',(-0.622788232243938,0.,-0.782390450976027));
#5767=DIRECTION('',(0.,1.,0.));
#5768=DIRECTION('center_axis',(0.,0.,-1.));
#5769=DIRECTION('ref_axis',(-1.,0.,0.));
#5770=DIRECTION('',(-1.,0.,0.));
#5771=DIRECTION('',(0.,1.,0.));
#5772=DIRECTION('center_axis',(-1.,0.,0.));
#5773=DIRECTION('ref_axis',(0.,0.,1.));
#5774=DIRECTION('',(0.,0.,1.));
#5775=DIRECTION('',(0.,1.,0.));
#5776=DIRECTION('center_axis',(0.,0.,-1.));
#5777=DIRECTION('ref_axis',(-1.,0.,0.));
#5778=DIRECTION('',(-1.,0.,0.));
#5779=DIRECTION('center_axis',(-9.02614458009601E-14,1.,1.23672417267862E-11));
#5780=DIRECTION('ref_axis',(0.,-1.23672417267862E-11,1.));
#5781=DIRECTION('',(0.999970673881284,0.,0.0076584187277564));
#5782=DIRECTION('',(0.,0.,1.));
#5783=DIRECTION('',(-1.,0.,0.));
#5784=DIRECTION('center_axis',(0.,0.,-1.));
#5785=DIRECTION('ref_axis',(-1.,0.,0.));
#5786=DIRECTION('',(-1.,0.,0.));
#5787=DIRECTION('',(0.,1.,0.));
#5788=DIRECTION('',(0.,1.,0.));
#5789=DIRECTION('',(0.,1.,0.));
#5790=DIRECTION('',(0.,1.,0.));
#5791=DIRECTION('center_axis',(-0.0076584187277564,0.,0.999970673881285));
#5792=DIRECTION('ref_axis',(0.999970673881285,0.,0.0076584187277564));
#5793=DIRECTION('',(0.999970673881284,0.,0.0076584187277564));
#5794=DIRECTION('',(0.,1.,0.));
#5795=DIRECTION('center_axis',(-1.,0.,0.));
#5796=DIRECTION('ref_axis',(0.,0.,1.));
#5797=DIRECTION('',(0.,0.,1.));
#5798=DIRECTION('center_axis',(0.,1.,0.));
#5799=DIRECTION('ref_axis',(0.,0.,1.));
#5800=DIRECTION('center_axis',(1.,0.,0.));
#5801=DIRECTION('ref_axis',(0.,0.,-1.));
#5802=DIRECTION('',(0.,1.,0.));
#5803=DIRECTION('',(0.,0.,-1.));
#5804=DIRECTION('',(0.,1.,0.));
#5805=DIRECTION('center_axis',(0.,0.,1.));
#5806=DIRECTION('ref_axis',(1.,0.,0.));
#5807=DIRECTION('',(1.,0.,0.));
#5808=DIRECTION('',(0.,1.,0.));
#5809=DIRECTION('center_axis',(-1.,0.,0.));
#5810=DIRECTION('ref_axis',(0.,0.,1.));
#5811=DIRECTION('',(0.,0.,1.));
#5812=DIRECTION('',(0.,1.,0.));
#5813=DIRECTION('',(0.,1.,0.));
#5814=DIRECTION('',(0.,1.,0.));
#5815=DIRECTION('center_axis',(0.824041924199367,0.,0.566528822887066));
#5816=DIRECTION('ref_axis',(0.566528822887066,0.,-0.824041924199367));
#5817=DIRECTION('',(0.566528822887066,0.,-0.824041924199367));
#5818=DIRECTION('',(0.,1.,0.));
#5819=DIRECTION('',(0.,1.,0.));
#5820=DIRECTION('',(0.,1.,0.));
#5821=DIRECTION('center_axis',(0.,1.,0.));
#5822=DIRECTION('ref_axis',(0.,0.,1.));
#5823=DIRECTION('center_axis',(1.,0.,0.));
#5824=DIRECTION('ref_axis',(0.,0.,-1.));
#5825=DIRECTION('',(0.,1.,0.));
#5826=DIRECTION('',(0.,0.,-1.));
#5827=DIRECTION('',(0.,1.,0.));
#5828=DIRECTION('center_axis',(0.,0.,1.));
#5829=DIRECTION('ref_axis',(1.,0.,0.));
#5830=DIRECTION('',(1.,0.,0.));
#5831=DIRECTION('',(0.,1.,0.));
#5832=DIRECTION('',(0.,1.,0.));
#5833=DIRECTION('',(0.,1.,0.));
#5834=DIRECTION('',(0.,1.,0.));
#5835=DIRECTION('',(0.,1.,0.));
#5836=DIRECTION('center_axis',(0.,0.,-1.));
#5837=DIRECTION('ref_axis',(-1.,0.,0.));
#5838=DIRECTION('',(-1.,0.,0.));
#5839=DIRECTION('',(0.,1.,0.));
#5840=DIRECTION('center_axis',(-1.,0.,0.));
#5841=DIRECTION('ref_axis',(0.,0.,1.));
#5842=DIRECTION('',(0.,0.,1.));
#5843=DIRECTION('',(0.,1.,0.));
#5844=DIRECTION('center_axis',(0.,0.,-1.));
#5845=DIRECTION('ref_axis',(-1.,0.,0.));
#5846=DIRECTION('',(-1.,0.,0.));
#5847=DIRECTION('center_axis',(-5.09457340439145E-14,1.,2.12813013620776E-12));
#5848=DIRECTION('ref_axis',(0.,-2.12813013620776E-12,1.));
#5849=DIRECTION('',(0.999920808071693,0.,0.0125848156622296));
#5850=DIRECTION('',(0.,0.,1.));
#5851=DIRECTION('',(-1.,0.,0.));
#5852=DIRECTION('center_axis',(0.,0.,-1.));
#5853=DIRECTION('ref_axis',(-1.,0.,0.));
#5854=DIRECTION('',(-1.,0.,0.));
#5855=DIRECTION('',(0.,1.,0.));
#5856=DIRECTION('',(0.,1.,0.));
#5857=DIRECTION('',(0.,1.,0.));
#5858=DIRECTION('',(0.,1.,0.));
#5859=DIRECTION('center_axis',(-0.0125848156622296,0.,0.999920808071693));
#5860=DIRECTION('ref_axis',(0.999920808071693,0.,0.0125848156622296));
#5861=DIRECTION('',(0.999920808071693,0.,0.0125848156622296));
#5862=DIRECTION('',(0.,1.,0.));
#5863=DIRECTION('center_axis',(-1.,0.,0.));
#5864=DIRECTION('ref_axis',(0.,0.,1.));
#5865=DIRECTION('',(0.,0.,1.));
#5866=DIRECTION('center_axis',(0.,1.,0.));
#5867=DIRECTION('ref_axis',(0.,0.,1.));
#5868=DIRECTION('center_axis',(0.867930013859709,0.,0.496686511837684));
#5869=DIRECTION('ref_axis',(0.496686511837684,0.,-0.867930013859709));
#5870=DIRECTION('',(0.,1.,0.));
#5871=DIRECTION('',(0.496686511837684,0.,-0.867930013859709));
#5872=DIRECTION('',(0.,1.,0.));
#5873=DIRECTION('center_axis',(0.,0.,1.));
#5874=DIRECTION('ref_axis',(1.,0.,0.));
#5875=DIRECTION('',(1.,0.,0.));
#5876=DIRECTION('',(0.,1.,0.));
#5877=DIRECTION('center_axis',(-1.,0.,0.));
#5878=DIRECTION('ref_axis',(0.,0.,1.));
#5879=DIRECTION('',(0.,0.,1.));
#5880=DIRECTION('',(0.,1.,0.));
#5881=DIRECTION('center_axis',(0.,0.,-1.));
#5882=DIRECTION('ref_axis',(-1.,0.,0.));
#5883=DIRECTION('',(-1.,0.,0.));
#5884=DIRECTION('',(0.,1.,0.));
#5885=DIRECTION('center_axis',(1.,0.,0.));
#5886=DIRECTION('ref_axis',(0.,0.,-1.));
#5887=DIRECTION('',(0.,0.,-1.));
#5888=DIRECTION('',(0.,1.,0.));
#5889=DIRECTION('center_axis',(0.,0.,-1.));
#5890=DIRECTION('ref_axis',(-1.,0.,0.));
#5891=DIRECTION('',(-1.,0.,0.));
#5892=DIRECTION('center_axis',(0.,-1.,0.));
#5893=DIRECTION('ref_axis',(0.,0.,-1.));
#5894=DIRECTION('center_axis',(0.867930013859709,0.,0.496686511837684));
#5895=DIRECTION('ref_axis',(0.496686511837684,0.,-0.867930013859709));
#5896=DIRECTION('',(0.,1.,0.));
#5897=DIRECTION('',(0.496686511837684,0.,-0.867930013859709));
#5898=DIRECTION('',(0.,1.,0.));
#5899=DIRECTION('center_axis',(0.,0.,1.));
#5900=DIRECTION('ref_axis',(1.,0.,0.));
#5901=DIRECTION('',(1.,0.,0.));
#5902=DIRECTION('',(0.,1.,0.));
#5903=DIRECTION('center_axis',(-1.,0.,0.));
#5904=DIRECTION('ref_axis',(0.,0.,1.));
#5905=DIRECTION('',(0.,0.,1.));
#5906=DIRECTION('',(0.,1.,0.));
#5907=DIRECTION('center_axis',(0.,0.,-1.));
#5908=DIRECTION('ref_axis',(-1.,0.,0.));
#5909=DIRECTION('',(-1.,0.,0.));
#5910=DIRECTION('',(0.,1.,0.));
#5911=DIRECTION('center_axis',(1.,0.,0.));
#5912=DIRECTION('ref_axis',(0.,0.,-1.));
#5913=DIRECTION('',(0.,0.,-1.));
#5914=DIRECTION('',(0.,1.,0.));
#5915=DIRECTION('center_axis',(0.,0.,-1.));
#5916=DIRECTION('ref_axis',(-1.,0.,0.));
#5917=DIRECTION('',(-1.,0.,0.));
#5918=DIRECTION('center_axis',(0.,-1.,0.));
#5919=DIRECTION('ref_axis',(0.,0.,-1.));
#5920=DIRECTION('center_axis',(0.,0.,1.));
#5921=DIRECTION('ref_axis',(1.,0.,0.));
#5922=DIRECTION('',(0.,1.,0.));
#5923=DIRECTION('',(1.,0.,0.));
#5924=DIRECTION('',(0.,1.,0.));
#5925=DIRECTION('center_axis',(-0.907959384500452,0.,0.419058177461747));
#5926=DIRECTION('ref_axis',(0.419058177461747,0.,0.907959384500452));
#5927=DIRECTION('',(0.419058177461747,0.,0.907959384500452));
#5928=DIRECTION('',(0.,1.,0.));
#5929=DIRECTION('center_axis',(0.,0.,-1.));
#5930=DIRECTION('ref_axis',(-1.,0.,0.));
#5931=DIRECTION('',(-1.,0.,0.));
#5932=DIRECTION('',(0.,1.,0.));
#5933=DIRECTION('center_axis',(0.908059023836549,0.,-0.418842224744609));
#5934=DIRECTION('ref_axis',(-0.418842224744609,0.,-0.908059023836549));
#5935=DIRECTION('',(-0.418842224744609,0.,-0.908059023836549));
#5936=DIRECTION('',(0.,1.,0.));
#5937=DIRECTION('center_axis',(0.,0.,-1.));
#5938=DIRECTION('ref_axis',(-1.,0.,0.));
#5939=DIRECTION('',(-1.,0.,0.));
#5940=DIRECTION('',(0.,1.,0.));
#5941=DIRECTION('center_axis',(-0.903496234741594,0.,-0.428596026355544));
#5942=DIRECTION('ref_axis',(-0.428596026355544,0.,0.903496234741594));
#5943=DIRECTION('',(-0.428596026355544,0.,0.903496234741594));
#5944=DIRECTION('',(0.,1.,0.));
#5945=DIRECTION('center_axis',(0.,0.,-1.));
#5946=DIRECTION('ref_axis',(-1.,0.,0.));
#5947=DIRECTION('',(-1.,0.,0.));
#5948=DIRECTION('',(0.,1.,0.));
#5949=DIRECTION('center_axis',(0.903501841514311,0.,0.428584206872173));
#5950=DIRECTION('ref_axis',(0.428584206872173,0.,-0.903501841514311));
#5951=DIRECTION('',(0.428584206872173,0.,-0.903501841514311));
#5952=DIRECTION('center_axis',(0.,1.,0.));
#5953=DIRECTION('ref_axis',(0.,0.,1.));
#5954=DIRECTION('',(1.,0.,0.));
#5955=DIRECTION('',(-0.428351119156278,0.,0.903612371936974));
#5956=DIRECTION('',(-0.418997788826976,0.,-0.907987253742091));
#5957=DIRECTION('center_axis',(0.907987253742092,0.,-0.418997788826976));
#5958=DIRECTION('ref_axis',(-0.418997788826976,0.,-0.907987253742092));
#5959=DIRECTION('',(-0.418997788826976,0.,-0.907987253742091));
#5960=DIRECTION('',(0.,1.,0.));
#5961=DIRECTION('',(0.,1.,0.));
#5962=DIRECTION('center_axis',(0.,0.,1.));
#5963=DIRECTION('ref_axis',(1.,0.,0.));
#5964=DIRECTION('',(1.,0.,0.));
#5965=DIRECTION('',(0.,1.,0.));
#5966=DIRECTION('center_axis',(-0.903612371936974,0.,-0.428351119156278));
#5967=DIRECTION('ref_axis',(-0.428351119156278,0.,0.903612371936974));
#5968=DIRECTION('',(-0.428351119156278,0.,0.903612371936974));
#5969=DIRECTION('center_axis',(0.,1.,0.));
#5970=DIRECTION('ref_axis',(0.,0.,1.));
#5971=DIRECTION('center_axis',(1.,0.,0.));
#5972=DIRECTION('ref_axis',(0.,0.,-1.));
#5973=DIRECTION('',(0.,1.,0.));
#5974=DIRECTION('',(0.,0.,-1.));
#5975=DIRECTION('',(0.,1.,0.));
#5976=DIRECTION('center_axis',(0.,0.,1.));
#5977=DIRECTION('ref_axis',(1.,0.,0.));
#5978=DIRECTION('',(1.,0.,0.));
#5979=DIRECTION('',(0.,1.,0.));
#5980=DIRECTION('center_axis',(-1.,0.,0.));
#5981=DIRECTION('ref_axis',(0.,0.,1.));
#5982=DIRECTION('',(0.,0.,1.));
#5983=DIRECTION('',(0.,1.,0.));
#5984=DIRECTION('center_axis',(0.,0.,-1.));
#5985=DIRECTION('ref_axis',(-1.,0.,0.));
#5986=DIRECTION('',(-1.,0.,0.));
#5987=DIRECTION('center_axis',(0.,-1.,0.));
#5988=DIRECTION('ref_axis',(0.,0.,-1.));
#5989=DIRECTION('center_axis',(0.,0.,-1.));
#5990=DIRECTION('ref_axis',(-1.,0.,0.));
#5991=DIRECTION('',(0.,1.,0.));
#5992=DIRECTION('',(-1.,0.,0.));
#5993=DIRECTION('',(0.,1.,0.));
#5994=DIRECTION('center_axis',(0.991398777198715,0.,0.130875760050872));
#5995=DIRECTION('ref_axis',(0.130875760050872,0.,-0.991398777198715));
#5996=DIRECTION('',(0.130875760050872,0.,-0.991398777198715));
#5997=DIRECTION('',(0.,1.,0.));
#5998=DIRECTION('center_axis',(0.,0.,1.));
#5999=DIRECTION('ref_axis',(1.,0.,0.));
#6000=DIRECTION('',(1.,0.,0.));
#6001=DIRECTION('',(0.,1.,0.));
#6002=DIRECTION('center_axis',(-0.893290255312065,0.,0.44948027739213));
#6003=DIRECTION('ref_axis',(0.44948027739213,0.,0.893290255312065));
#6004=DIRECTION('',(0.44948027739213,0.,0.893290255312065));
#6005=DIRECTION('',(0.,1.,0.));
#6006=DIRECTION('center_axis',(0.893727875972725,0.,0.448609500244122));
#6007=DIRECTION('ref_axis',(0.448609500244122,0.,-0.893727875972725));
#6008=DIRECTION('',(0.448609500244122,0.,-0.893727875972725));
#6009=DIRECTION('',(0.,1.,0.));
#6010=DIRECTION('center_axis',(0.,0.,1.));
#6011=DIRECTION('ref_axis',(1.,0.,0.));
#6012=DIRECTION('',(1.,0.,0.));
#6013=DIRECTION('',(0.,1.,0.));
#6014=DIRECTION('center_axis',(-0.991295408390988,0.,0.131656421426928));
#6015=DIRECTION('ref_axis',(0.131656421426928,0.,0.991295408390988));
#6016=DIRECTION('',(0.131656421426928,0.,0.991295408390988));
#6017=DIRECTION('',(0.,1.,0.));
#6018=DIRECTION('center_axis',(0.,0.,-1.));
#6019=DIRECTION('ref_axis',(-1.,0.,0.));
#6020=DIRECTION('',(-1.,0.,0.));
#6021=DIRECTION('',(0.,1.,0.));
#6022=DIRECTION('center_axis',(0.991261610664234,0.,-0.131910648635163));
#6023=DIRECTION('ref_axis',(-0.131910648635163,0.,-0.991261610664234));
#6024=DIRECTION('',(-0.131910648635163,0.,-0.991261610664234));
#6025=DIRECTION('',(0.,1.,0.));
#6026=DIRECTION('center_axis',(-0.893829180214607,0.,-0.448407623259109));
#6027=DIRECTION('ref_axis',(-0.448407623259109,0.,0.893829180214607));
#6028=DIRECTION('',(-0.448407623259109,0.,0.893829180214607));
#6029=DIRECTION('',(0.,1.,0.));
#6030=DIRECTION('center_axis',(0.,0.,-1.));
#6031=DIRECTION('ref_axis',(-1.,0.,0.));
#6032=DIRECTION('',(-1.,0.,0.));
#6033=DIRECTION('',(0.,1.,0.));
#6034=DIRECTION('center_axis',(0.893531873849379,0.,-0.448999766609312));
#6035=DIRECTION('ref_axis',(-0.448999766609312,0.,-0.893531873849379));
#6036=DIRECTION('',(-0.448999766609312,0.,-0.893531873849379));
#6037=DIRECTION('',(0.,1.,0.));
#6038=DIRECTION('center_axis',(-0.991335792784035,0.,-0.131351992543885));
#6039=DIRECTION('ref_axis',(-0.131351992543885,0.,0.991335792784035));
#6040=DIRECTION('',(-0.131351992543885,0.,0.991335792784035));
#6041=DIRECTION('center_axis',(0.,-1.,0.));
#6042=DIRECTION('ref_axis',(0.,0.,-1.));
#6043=DIRECTION('center_axis',(0.,0.,1.));
#6044=DIRECTION('ref_axis',(1.,0.,0.));
#6045=DIRECTION('',(0.,1.,0.));
#6046=DIRECTION('',(1.,0.,0.));
#6047=DIRECTION('',(0.,1.,0.));
#6048=DIRECTION('center_axis',(-0.907959384500452,0.,0.419058177461747));
#6049=DIRECTION('ref_axis',(0.419058177461747,0.,0.907959384500452));
#6050=DIRECTION('',(0.419058177461747,0.,0.907959384500451));
#6051=DIRECTION('',(0.,1.,0.));
#6052=DIRECTION('center_axis',(0.,0.,-1.));
#6053=DIRECTION('ref_axis',(-1.,0.,0.));
#6054=DIRECTION('',(-1.,0.,0.));
#6055=DIRECTION('',(0.,1.,0.));
#6056=DIRECTION('center_axis',(0.90805902383655,0.,-0.418842224744607));
#6057=DIRECTION('ref_axis',(-0.418842224744607,0.,-0.90805902383655));
#6058=DIRECTION('',(-0.418842224744607,0.,-0.90805902383655));
#6059=DIRECTION('',(0.,1.,0.));
#6060=DIRECTION('center_axis',(0.,0.,-1.));
#6061=DIRECTION('ref_axis',(-1.,0.,0.));
#6062=DIRECTION('',(-1.,0.,0.));
#6063=DIRECTION('',(0.,1.,0.));
#6064=DIRECTION('center_axis',(-0.903496234741595,0.,-0.428596026355543));
#6065=DIRECTION('ref_axis',(-0.428596026355543,0.,0.903496234741595));
#6066=DIRECTION('',(-0.428596026355543,0.,0.903496234741595));
#6067=DIRECTION('',(0.,1.,0.));
#6068=DIRECTION('center_axis',(0.,0.,-1.));
#6069=DIRECTION('ref_axis',(-1.,0.,0.));
#6070=DIRECTION('',(-1.,0.,0.));
#6071=DIRECTION('',(0.,1.,0.));
#6072=DIRECTION('center_axis',(0.903501841514311,0.,0.428584206872173));
#6073=DIRECTION('ref_axis',(0.428584206872173,0.,-0.903501841514311));
#6074=DIRECTION('',(0.428584206872173,0.,-0.903501841514311));
#6075=DIRECTION('center_axis',(0.,1.,0.));
#6076=DIRECTION('ref_axis',(0.,0.,1.));
#6077=DIRECTION('',(1.,0.,0.));
#6078=DIRECTION('',(-0.428351119156281,0.,0.903612371936973));
#6079=DIRECTION('',(-0.418997788826973,0.,-0.907987253742093));
#6080=DIRECTION('center_axis',(0.907987253742093,0.,-0.418997788826973));
#6081=DIRECTION('ref_axis',(-0.418997788826973,0.,-0.907987253742093));
#6082=DIRECTION('',(-0.418997788826973,0.,-0.907987253742093));
#6083=DIRECTION('',(0.,1.,0.));
#6084=DIRECTION('',(0.,1.,0.));
#6085=DIRECTION('center_axis',(0.,0.,1.));
#6086=DIRECTION('ref_axis',(1.,0.,0.));
#6087=DIRECTION('',(1.,0.,0.));
#6088=DIRECTION('',(0.,1.,0.));
#6089=DIRECTION('center_axis',(-0.903612371936973,0.,-0.428351119156281));
#6090=DIRECTION('ref_axis',(-0.428351119156281,0.,0.903612371936973));
#6091=DIRECTION('',(-0.428351119156281,0.,0.903612371936973));
#6092=DIRECTION('center_axis',(0.,1.,0.));
#6093=DIRECTION('ref_axis',(0.,0.,1.));
#6094=DIRECTION('center_axis',(1.,2.62836890299516E-16,0.));
#6095=DIRECTION('ref_axis',(-2.62836890299516E-16,1.,0.));
#6096=DIRECTION('',(2.62836890299516E-16,-1.,0.));
#6097=DIRECTION('',(0.,0.,-1.));
#6098=DIRECTION('',(2.62836890299516E-16,-1.,0.));
#6099=DIRECTION('center_axis',(0.,1.,0.));
#6100=DIRECTION('ref_axis',(0.,0.,1.));
#6101=DIRECTION('',(1.,0.,0.));
#6102=DIRECTION('',(0.,0.,-1.));
#6103=DIRECTION('',(1.,0.,0.));
#6104=DIRECTION('center_axis',(-1.,0.,0.));
#6105=DIRECTION('ref_axis',(0.,0.,1.));
#6106=DIRECTION('',(0.,1.,0.));
#6107=DIRECTION('',(0.,1.,0.));
#6108=DIRECTION('center_axis',(0.,0.,1.));
#6109=DIRECTION('ref_axis',(1.,0.,0.));
#6110=DIRECTION('center_axis',(0.,0.,1.));
#6111=DIRECTION('ref_axis',(1.,0.,0.));
#6112=DIRECTION('center_axis',(1.,2.62836890299516E-16,0.));
#6113=DIRECTION('ref_axis',(-2.62836890299516E-16,1.,0.));
#6114=DIRECTION('',(2.62836890299516E-16,-1.,0.));
#6115=DIRECTION('',(0.,0.,-1.));
#6116=DIRECTION('',(2.62836890299516E-16,-1.,0.));
#6117=DIRECTION('center_axis',(0.,1.,0.));
#6118=DIRECTION('ref_axis',(0.,0.,1.));
#6119=DIRECTION('',(1.,0.,0.));
#6120=DIRECTION('',(0.,0.,-1.));
#6121=DIRECTION('',(1.,0.,0.));
#6122=DIRECTION('center_axis',(-1.,0.,0.));
#6123=DIRECTION('ref_axis',(0.,0.,1.));
#6124=DIRECTION('',(0.,1.,0.));
#6125=DIRECTION('',(0.,1.,0.));
#6126=DIRECTION('center_axis',(0.,0.,1.));
#6127=DIRECTION('ref_axis',(1.,0.,0.));
#6128=DIRECTION('center_axis',(0.,0.,1.));
#6129=DIRECTION('ref_axis',(1.,0.,0.));
#6130=DIRECTION('center_axis',(1.,2.62836890299516E-16,0.));
#6131=DIRECTION('ref_axis',(-2.62836890299516E-16,1.,0.));
#6132=DIRECTION('',(2.62836890299516E-16,-1.,0.));
#6133=DIRECTION('',(0.,0.,-1.));
#6134=DIRECTION('',(2.62836890299516E-16,-1.,0.));
#6135=DIRECTION('center_axis',(0.,1.,0.));
#6136=DIRECTION('ref_axis',(0.,0.,1.));
#6137=DIRECTION('',(1.,0.,0.));
#6138=DIRECTION('',(0.,0.,-1.));
#6139=DIRECTION('',(1.,0.,0.));
#6140=DIRECTION('center_axis',(-1.,0.,0.));
#6141=DIRECTION('ref_axis',(0.,0.,1.));
#6142=DIRECTION('',(0.,1.,0.));
#6143=DIRECTION('',(0.,1.,0.));
#6144=DIRECTION('center_axis',(0.,0.,1.));
#6145=DIRECTION('ref_axis',(1.,0.,0.));
#6146=DIRECTION('center_axis',(0.,0.,1.));
#6147=DIRECTION('ref_axis',(1.,0.,0.));
#6148=DIRECTION('center_axis',(1.,2.62836890299516E-16,0.));
#6149=DIRECTION('ref_axis',(-2.62836890299516E-16,1.,0.));
#6150=DIRECTION('',(2.62836890299516E-16,-1.,0.));
#6151=DIRECTION('',(0.,0.,-1.));
#6152=DIRECTION('',(2.62836890299516E-16,-1.,0.));
#6153=DIRECTION('center_axis',(0.,1.,0.));
#6154=DIRECTION('ref_axis',(0.,0.,1.));
#6155=DIRECTION('',(1.,0.,0.));
#6156=DIRECTION('',(0.,0.,-1.));
#6157=DIRECTION('',(1.,0.,0.));
#6158=DIRECTION('center_axis',(-1.,0.,0.));
#6159=DIRECTION('ref_axis',(0.,0.,1.));
#6160=DIRECTION('',(0.,1.,0.));
#6161=DIRECTION('',(0.,1.,0.));
#6162=DIRECTION('center_axis',(0.,0.,1.));
#6163=DIRECTION('ref_axis',(1.,0.,0.));
#6164=DIRECTION('center_axis',(0.,0.,1.));
#6165=DIRECTION('ref_axis',(1.,0.,0.));
#6166=DIRECTION('center_axis',(0.,0.710944583171995,-0.703248035659111));
#6167=DIRECTION('ref_axis',(0.,0.703248035659111,0.710944583171995));
#6168=DIRECTION('center_axis',(0.,0.710944583171995,-0.703248035659111));
#6169=DIRECTION('ref_axis',(0.,0.703248035659111,0.710944583171995));
#6170=DIRECTION('center_axis',(-0.674381446221201,0.,-0.738383142408195));
#6171=DIRECTION('ref_axis',(-0.738383142408195,0.,0.674381446221201));
#6172=DIRECTION('center_axis',(-0.674381446221201,0.,-0.738383142408195));
#6173=DIRECTION('ref_axis',(-0.738383142408195,0.,0.674381446221201));
#6174=DIRECTION('center_axis',(0.674381446221201,0.,-0.738383142408195));
#6175=DIRECTION('ref_axis',(0.738383142408195,0.,0.674381446221201));
#6176=DIRECTION('center_axis',(0.674381446221201,0.,-0.738383142408195));
#6177=DIRECTION('ref_axis',(0.738383142408195,0.,0.674381446221201));
#6178=DIRECTION('center_axis',(0.,0.,1.));
#6179=DIRECTION('ref_axis',(1.,0.,0.));
#6180=DIRECTION('',(1.,0.,0.));
#6181=DIRECTION('',(0.,-1.,0.));
#6182=DIRECTION('',(1.,0.,0.));
#6183=DIRECTION('center_axis',(0.,1.,0.));
#6184=DIRECTION('ref_axis',(0.,0.,1.));
#6185=DIRECTION('',(0.,0.,1.));
#6186=DIRECTION('',(1.,0.,0.));
#6187=DIRECTION('center_axis',(0.,0.,-1.));
#6188=DIRECTION('ref_axis',(-1.,0.,0.));
#6189=DIRECTION('',(0.,1.,0.));
#6190=DIRECTION('',(1.,0.,0.));
#6191=DIRECTION('center_axis',(0.,-1.,0.));
#6192=DIRECTION('ref_axis',(0.,0.,-1.));
#6193=DIRECTION('',(0.,0.,-1.));
#6194=DIRECTION('center_axis',(1.,0.,0.));
#6195=DIRECTION('ref_axis',(0.,0.,-1.));
#6196=DIRECTION('center_axis',(0.,0.,-1.));
#6197=DIRECTION('ref_axis',(-1.,0.,0.));
#6198=DIRECTION('',(-1.,0.,0.));
#6199=DIRECTION('',(0.,-1.,0.));
#6200=DIRECTION('',(-1.,0.,0.));
#6201=DIRECTION('center_axis',(0.,1.,0.));
#6202=DIRECTION('ref_axis',(0.,0.,1.));
#6203=DIRECTION('',(0.,0.,-1.));
#6204=DIRECTION('',(-1.,0.,0.));
#6205=DIRECTION('center_axis',(0.,0.,1.));
#6206=DIRECTION('ref_axis',(1.,0.,0.));
#6207=DIRECTION('',(0.,1.,0.));
#6208=DIRECTION('',(-1.,0.,0.));
#6209=DIRECTION('center_axis',(0.,-1.,0.));
#6210=DIRECTION('ref_axis',(0.,0.,-1.));
#6211=DIRECTION('',(0.,0.,1.));
#6212=DIRECTION('center_axis',(-1.,0.,0.));
#6213=DIRECTION('ref_axis',(0.,0.,-1.));
#6214=DIRECTION('center_axis',(-1.,0.,0.));
#6215=DIRECTION('ref_axis',(0.,0.,1.));
#6216=DIRECTION('',(0.,0.,-1.));
#6217=DIRECTION('',(0.,1.,0.));
#6218=DIRECTION('center_axis',(0.,-1.,0.));
#6219=DIRECTION('ref_axis',(0.,0.,-1.));
#6220=DIRECTION('',(-1.,0.,0.));
#6221=DIRECTION('center_axis',(0.,0.,1.));
#6222=DIRECTION('ref_axis',(1.,0.,0.));
#6223=DIRECTION('center_axis',(1.73472347597681E-16,-1.,0.));
#6224=DIRECTION('ref_axis',(1.,1.73472347597681E-16,0.));
#6225=DIRECTION('',(0.,0.,-1.));
#6226=DIRECTION('',(-1.,-1.73472347597681E-16,0.));
#6227=DIRECTION('center_axis',(1.,0.,0.));
#6228=DIRECTION('ref_axis',(0.,0.,-1.));
#6229=DIRECTION('',(0.,-1.,0.));
#6230=DIRECTION('center_axis',(0.,0.,-1.));
#6231=DIRECTION('ref_axis',(-1.,0.,0.));
#6232=DIRECTION('center_axis',(-1.,2.62836890299516E-16,0.));
#6233=DIRECTION('ref_axis',(-2.62836890299516E-16,-1.,0.));
#6234=DIRECTION('',(-2.62836890299516E-16,-1.,0.));
#6235=DIRECTION('',(0.,0.,1.));
#6236=DIRECTION('',(-2.62836890299516E-16,-1.,0.));
#6237=DIRECTION('center_axis',(0.,1.,0.));
#6238=DIRECTION('ref_axis',(0.,0.,1.));
#6239=DIRECTION('',(-1.,0.,0.));
#6240=DIRECTION('',(0.,0.,1.));
#6241=DIRECTION('',(-1.,0.,0.));
#6242=DIRECTION('center_axis',(1.,0.,0.));
#6243=DIRECTION('ref_axis',(0.,0.,-1.));
#6244=DIRECTION('',(0.,1.,0.));
#6245=DIRECTION('',(0.,1.,0.));
#6246=DIRECTION('center_axis',(0.,0.,-1.));
#6247=DIRECTION('ref_axis',(-1.,0.,0.));
#6248=DIRECTION('center_axis',(0.,0.,-1.));
#6249=DIRECTION('ref_axis',(-1.,0.,0.));
#6250=DIRECTION('center_axis',(-1.,-2.62836890299516E-16,0.));
#6251=DIRECTION('ref_axis',(2.62836890299516E-16,-1.,0.));
#6252=DIRECTION('',(2.62836890299516E-16,-1.,0.));
#6253=DIRECTION('',(0.,0.,1.));
#6254=DIRECTION('',(2.62836890299516E-16,-1.,0.));
#6255=DIRECTION('center_axis',(0.,1.,0.));
#6256=DIRECTION('ref_axis',(0.,0.,1.));
#6257=DIRECTION('',(-1.,0.,0.));
#6258=DIRECTION('',(0.,0.,1.));
#6259=DIRECTION('',(-1.,0.,0.));
#6260=DIRECTION('center_axis',(1.,0.,0.));
#6261=DIRECTION('ref_axis',(0.,0.,-1.));
#6262=DIRECTION('',(0.,1.,0.));
#6263=DIRECTION('',(0.,1.,0.));
#6264=DIRECTION('center_axis',(0.,0.,-1.));
#6265=DIRECTION('ref_axis',(-1.,0.,0.));
#6266=DIRECTION('center_axis',(0.,0.,-1.));
#6267=DIRECTION('ref_axis',(-1.,0.,0.));
#6268=DIRECTION('center_axis',(-1.,0.,0.));
#6269=DIRECTION('ref_axis',(0.,0.,1.));
#6270=DIRECTION('',(0.,-1.,0.));
#6271=DIRECTION('',(0.,0.,1.));
#6272=DIRECTION('',(0.,-1.,0.));
#6273=DIRECTION('center_axis',(0.,1.,0.));
#6274=DIRECTION('ref_axis',(0.,0.,1.));
#6275=DIRECTION('',(-1.,0.,0.));
#6276=DIRECTION('',(0.,0.,1.));
#6277=DIRECTION('',(-1.,0.,0.));
#6278=DIRECTION('center_axis',(1.,-2.62836890299516E-16,0.));
#6279=DIRECTION('ref_axis',(2.62836890299516E-16,1.,0.));
#6280=DIRECTION('',(2.62836890299516E-16,1.,0.));
#6281=DIRECTION('',(2.62836890299516E-16,1.,0.));
#6282=DIRECTION('center_axis',(0.,0.,-1.));
#6283=DIRECTION('ref_axis',(-1.,0.,0.));
#6284=DIRECTION('center_axis',(0.,0.,-1.));
#6285=DIRECTION('ref_axis',(-1.,0.,0.));
#6286=DIRECTION('center_axis',(-1.,0.,0.));
#6287=DIRECTION('ref_axis',(0.,0.,1.));
#6288=DIRECTION('',(0.,-1.,0.));
#6289=DIRECTION('',(0.,0.,1.));
#6290=DIRECTION('',(0.,-1.,0.));
#6291=DIRECTION('center_axis',(0.,1.,0.));
#6292=DIRECTION('ref_axis',(0.,0.,1.));
#6293=DIRECTION('',(-1.,0.,0.));
#6294=DIRECTION('',(0.,0.,1.));
#6295=DIRECTION('',(-1.,0.,0.));
#6296=DIRECTION('center_axis',(1.,2.62836890299516E-16,0.));
#6297=DIRECTION('ref_axis',(-2.62836890299516E-16,1.,0.));
#6298=DIRECTION('',(-2.62836890299516E-16,1.,0.));
#6299=DIRECTION('',(-2.62836890299516E-16,1.,0.));
#6300=DIRECTION('center_axis',(0.,0.,-1.));
#6301=DIRECTION('ref_axis',(-1.,0.,0.));
#6302=DIRECTION('center_axis',(0.,0.,-1.));
#6303=DIRECTION('ref_axis',(-1.,0.,0.));
#6304=DIRECTION('center_axis',(0.,1.,0.));
#6305=DIRECTION('ref_axis',(0.,0.,1.));
#6306=DIRECTION('center_axis',(0.,1.,0.));
#6307=DIRECTION('ref_axis',(0.,0.,1.));
#6308=DIRECTION('',(0.,0.,1.));
#6309=DIRECTION('',(1.,0.,0.));
#6310=CARTESIAN_POINT('',(0.,0.,0.));
#6311=CARTESIAN_POINT('',(0.,0.,0.));
#6312=CARTESIAN_POINT('Origin',(0.225,-0.580530842503697,-0.0041338582677165));
#6313=CARTESIAN_POINT('',(0.225,-0.27244094488189,-0.0671259842519685));
#6314=CARTESIAN_POINT('Origin',(0.225,-0.27244094488189,-0.0041338582677165));
#6315=CARTESIAN_POINT('',(0.225,-0.40236220472441,-0.0671259842519685));
#6316=CARTESIAN_POINT('',(0.225,-0.580530842503697,-0.0671259842519685));
#6317=CARTESIAN_POINT('Origin',(0.225,-0.40236220472441,-0.0041338582677165));
#6318=CARTESIAN_POINT('Origin',(-0.225,-0.580530842503697,-0.0041338582677165));
#6319=CARTESIAN_POINT('',(-0.225,-0.27244094488189,-0.0671259842519685));
#6320=CARTESIAN_POINT('Origin',(-0.225,-0.27244094488189,-0.0041338582677165));
#6321=CARTESIAN_POINT('',(-0.225,-0.40236220472441,-0.0671259842519685));
#6322=CARTESIAN_POINT('',(-0.225,-0.580530842503697,-0.0671259842519685));
#6323=CARTESIAN_POINT('Origin',(-0.225,-0.40236220472441,-0.0041338582677165));
#6324=CARTESIAN_POINT('Ctrl Pts',(0.32007874015748,-0.101574803149606,0.336227470303083));
#6325=CARTESIAN_POINT('Ctrl Pts',(0.350713960686905,-0.101574803149606,
0.31467583790553));
#6326=CARTESIAN_POINT('Ctrl Pts',(0.357478634178306,-0.101574803149606,
0.263271611354877));
#6327=CARTESIAN_POINT('Ctrl Pts',(0.367416431377495,-0.101574803149606,
0.140488065148285));
#6328=CARTESIAN_POINT('Ctrl Pts',(0.370875739281664,-0.101574803149606,
0.0712550004630065));
#6329=CARTESIAN_POINT('Ctrl Pts',(0.403628769983572,-0.101574803149606,
0.0352504118261689));
#6330=CARTESIAN_POINT('Ctrl Pts',(0.32007874015748,-0.106003937007874,0.336227470303083));
#6331=CARTESIAN_POINT('Ctrl Pts',(0.350713960686905,-0.105197187185456,
0.31467583790553));
#6332=CARTESIAN_POINT('Ctrl Pts',(0.357478634178306,-0.104389739608555,
0.263271611354877));
#6333=CARTESIAN_POINT('Ctrl Pts',(0.367416431377495,-0.103240960569508,
0.140488065148285));
#6334=CARTESIAN_POINT('Ctrl Pts',(0.370875739281664,-0.102863908099849,
0.0712550004630065));
#6335=CARTESIAN_POINT('Ctrl Pts',(0.403628769983572,-0.102487213287402,
0.0352504118261689));
#6336=CARTESIAN_POINT('Ctrl Pts',(0.320078740157481,-0.115128801264283,
0.336227470303084));
#6337=CARTESIAN_POINT('Ctrl Pts',(0.350713960686906,-0.112640465315916,
0.31467583790553));
#6338=CARTESIAN_POINT('Ctrl Pts',(0.357478634178307,-0.110149977216393,
0.263271611354877));
#6339=CARTESIAN_POINT('Ctrl Pts',(0.367416431377495,-0.106592440572003,
0.140488065148285));
#6340=CARTESIAN_POINT('Ctrl Pts',(0.370875739281664,-0.105416482147533,
0.0712550004630066));
#6341=CARTESIAN_POINT('Ctrl Pts',(0.403628769983572,-0.10424163919119,0.0352504118261689));
#6342=CARTESIAN_POINT('Ctrl Pts',(0.32007874015748,-0.12902959148571,0.336227470303083));
#6343=CARTESIAN_POINT('Ctrl Pts',(0.350713960686905,-0.123962969211245,
0.314675837905529));
#6344=CARTESIAN_POINT('Ctrl Pts',(0.357478634178306,-0.118891964836769,
0.263271611354876));
#6345=CARTESIAN_POINT('Ctrl Pts',(0.367416431377495,-0.111634303733658,
0.140488065148285));
#6346=CARTESIAN_POINT('Ctrl Pts',(0.370875739281664,-0.109227134997332,
0.0712550004630063));
#6347=CARTESIAN_POINT('Ctrl Pts',(0.403628769983572,-0.106822249607035,
0.0352504118261689));
#6348=CARTESIAN_POINT('Ctrl Pts',(0.32007874015748,-0.142450427090325,0.336227470303084));
#6349=CARTESIAN_POINT('Ctrl Pts',(0.350713960686906,-0.134937172217933,
0.31467583790553));
#6350=CARTESIAN_POINT('Ctrl Pts',(0.357478634178307,-0.127417419163425,
0.263271611354877));
#6351=CARTESIAN_POINT('Ctrl Pts',(0.367416431377496,-0.116644612734275,
0.140488065148285));
#6352=CARTESIAN_POINT('Ctrl Pts',(0.370875739281665,-0.113065496169365,
0.0712550004630066));
#6353=CARTESIAN_POINT('Ctrl Pts',(0.403628769983572,-0.109489774614318,
0.0352504118261689));
#6354=CARTESIAN_POINT('Ctrl Pts',(0.32007874015748,-0.150758984578165,0.336227470303083));
#6355=CARTESIAN_POINT('Ctrl Pts',(0.350713960686905,-0.141775539370368,
0.31467583790553));
#6356=CARTESIAN_POINT('Ctrl Pts',(0.357478634178306,-0.132784324419099,
0.263271611354877));
#6357=CARTESIAN_POINT('Ctrl Pts',(0.367416431377495,-0.119934262298794,
0.140488065148285));
#6358=CARTESIAN_POINT('Ctrl Pts',(0.370875739281665,-0.115682810507708,
0.0712550004630065));
#6359=CARTESIAN_POINT('Ctrl Pts',(0.403628769983572,-0.11143539147736,0.0352504118261689));
#6360=CARTESIAN_POINT('Ctrl Pts',(0.32007874015748,-0.155342778781883,0.336227470303083));
#6361=CARTESIAN_POINT('Ctrl Pts',(0.350713960686905,-0.145553004378706,
0.31467583790553));
#6362=CARTESIAN_POINT('Ctrl Pts',(0.357478634178306,-0.135754762841373,
0.263271611354877));
#6363=CARTESIAN_POINT('Ctrl Pts',(0.367416431377495,-0.121823565588824,
0.140488065148285));
#6364=CARTESIAN_POINT('Ctrl Pts',(0.370875739281664,-0.117256336532363,
0.0712550004630065));
#6365=CARTESIAN_POINT('Ctrl Pts',(0.403628769983572,-0.112693439770592,
0.0352504118261689));
#6366=CARTESIAN_POINT('Ctrl Pts',(0.32007874015748,-0.156202725597225,0.336542307975266));
#6367=CARTESIAN_POINT('Ctrl Pts',(0.35078445645021,-0.146306498011445,0.314855754976075));
#6368=CARTESIAN_POINT('Ctrl Pts',(0.357619686676401,-0.136401711220606,
0.263316491131531));
#6369=CARTESIAN_POINT('Ctrl Pts',(0.367559200891141,-0.122320865235315,
0.140447069462912));
#6370=CARTESIAN_POINT('Ctrl Pts',(0.37096157076896,-0.11770564689003,0.0712477377974929));
#6371=CARTESIAN_POINT('Ctrl Pts',(0.403657717453701,-0.113094806360195,
0.0352768501826927));
#6372=CARTESIAN_POINT('Ctrl Pts',(0.32007874015748,-0.157360045461623,0.337531157166466));
#6373=CARTESIAN_POINT('Ctrl Pts',(0.351092898625208,-0.147314999448614,
0.315401103835561));
#6374=CARTESIAN_POINT('Ctrl Pts',(0.358236837796719,-0.137261265518122,
0.263417956077757));
#6375=CARTESIAN_POINT('Ctrl Pts',(0.368251320806904,-0.123100087354329,
0.140354385536891));
#6376=CARTESIAN_POINT('Ctrl Pts',(0.371466021418934,-0.118535185388967,
0.0713462294756278));
#6377=CARTESIAN_POINT('Ctrl Pts',(0.403974676853605,-0.113974613510908,
0.0355663361232889));
#6378=CARTESIAN_POINT('Ctrl Pts',(0.32007874015748,-0.157872090826766,0.339147152074873));
#6379=CARTESIAN_POINT('Ctrl Pts',(0.351577673050625,-0.147742321044459,
0.31623708128914));
#6380=CARTESIAN_POINT('Ctrl Pts',(0.359206805926888,-0.137603790067442,
0.263473241442735));
#6381=CARTESIAN_POINT('Ctrl Pts',(0.369570377681041,-0.123598996153868,
0.140303883930291));
#6382=CARTESIAN_POINT('Ctrl Pts',(0.372700802359367,-0.119246871415395,
0.0718466671496062));
#6383=CARTESIAN_POINT('Ctrl Pts',(0.405125261801185,-0.114898874932078,
0.0366171904784121));
#6384=CARTESIAN_POINT('Ctrl Pts',(0.320078740157481,-0.15739390399841,0.34078157817449));
#6385=CARTESIAN_POINT('Ctrl Pts',(0.35207180619113,-0.147350742890612,0.317087646893348));
#6386=CARTESIAN_POINT('Ctrl Pts',(0.360195499581544,-0.137298895495578,
0.263539268593933));
#6387=CARTESIAN_POINT('Ctrl Pts',(0.370891164562165,-0.12309862771005,0.140243570219108));
#6388=CARTESIAN_POINT('Ctrl Pts',(0.37391406371489,-0.118496550487528,0.0723217571407678));
#6389=CARTESIAN_POINT('Ctrl Pts',(0.406231099625611,-0.113898838615302,
0.0376271763089256));
#6390=CARTESIAN_POINT('Ctrl Pts',(0.32007874015748,-0.156239407305689,0.34179546508998));
#6391=CARTESIAN_POINT('Ctrl Pts',(0.352393654644603,-0.146341272288571,
0.317650399572338));
#6392=CARTESIAN_POINT('Ctrl Pts',(0.360839474853846,-0.136434576416664,
0.263650496852344));
#6393=CARTESIAN_POINT('Ctrl Pts',(0.371596733489672,-0.122326592094241,
0.140141967971506));
#6394=CARTESIAN_POINT('Ctrl Pts',(0.37440865303713,-0.117688233372853,0.0724006464842733));
#6395=CARTESIAN_POINT('Ctrl Pts',(0.406514909469579,-0.113054274416971,
0.037886386036281));
#6396=CARTESIAN_POINT('Ctrl Pts',(0.32007874015748,-0.155374056736821,0.342132982114107));
#6397=CARTESIAN_POINT('Ctrl Pts',(0.35246799525306,-0.145576916800565,0.317844163485738));
#6398=CARTESIAN_POINT('Ctrl Pts',(0.360988220367637,-0.135771303359735,
0.263700383323565));
#6399=CARTESIAN_POINT('Ctrl Pts',(0.371743870673433,-0.121825705664364,
0.140096398901607));
#6400=CARTESIAN_POINT('Ctrl Pts',(0.374492632054176,-0.117251470088897,
0.0723874127121983));
#6401=CARTESIAN_POINT('Ctrl Pts',(0.406535790229274,-0.112681573454231,
0.0379054568900319));
#6402=CARTESIAN_POINT('Ctrl Pts',(0.32007874015748,-0.146392406630273,0.342132982114107));
#6403=CARTESIAN_POINT('Ctrl Pts',(0.35246799525306,-0.138200980178618,0.317844163485738));
#6404=CARTESIAN_POINT('Ctrl Pts',(0.360988220367637,-0.130002468997139,
0.263700383323565));
#6405=CARTESIAN_POINT('Ctrl Pts',(0.371743870673433,-0.118272385030006,
0.140096398901607));
#6406=CARTESIAN_POINT('Ctrl Pts',(0.374492632054176,-0.114383972670457,
0.0723874127121983));
#6407=CARTESIAN_POINT('Ctrl Pts',(0.406535790229274,-0.110499248706652,
0.0379054568900319));
#6408=CARTESIAN_POINT('Ctrl Pts',(0.32007874015748,-0.129012986892516,0.342132982114107));
#6409=CARTESIAN_POINT('Ctrl Pts',(0.35246799525306,-0.123957493365145,0.317844163485738));
#6410=CARTESIAN_POINT('Ctrl Pts',(0.360988220367636,-0.118897627362969,
0.263700383323565));
#6411=CARTESIAN_POINT('Ctrl Pts',(0.371743870673432,-0.11163424699706,0.140096398901607));
#6412=CARTESIAN_POINT('Ctrl Pts',(0.374492632054176,-0.109212632554053,
0.0723874127121982));
#6413=CARTESIAN_POINT('Ctrl Pts',(0.406535790229274,-0.106793315159708,
0.0379054568900319));
#6414=CARTESIAN_POINT('Ctrl Pts',(0.32007874015748,-0.101574803149606,0.342132982114107));
#6415=CARTESIAN_POINT('Ctrl Pts',(0.352467995253061,-0.101574803149606,
0.317844163485738));
#6416=CARTESIAN_POINT('Ctrl Pts',(0.360988220367637,-0.101574803149606,
0.263700383323565));
#6417=CARTESIAN_POINT('Ctrl Pts',(0.371743870673433,-0.101574803149606,
0.140096398901608));
#6418=CARTESIAN_POINT('Ctrl Pts',(0.374492632054176,-0.101574803149606,
0.0723874127121984));
#6419=CARTESIAN_POINT('Ctrl Pts',(0.406535790229273,-0.101574803149606,
0.0379054568900319));
#6420=CARTESIAN_POINT('Ctrl Pts',(0.32007874015748,-0.0741366194066967,
0.342132982114107));
#6421=CARTESIAN_POINT('Ctrl Pts',(0.35246799525306,-0.0791921129340683,
0.317844163485738));
#6422=CARTESIAN_POINT('Ctrl Pts',(0.360988220367636,-0.0842519789362443,
0.263700383323565));
#6423=CARTESIAN_POINT('Ctrl Pts',(0.371743870673432,-0.0915153593021528,
0.140096398901607));
#6424=CARTESIAN_POINT('Ctrl Pts',(0.374492632054175,-0.0939369737451595,
0.0723874127121982));
#6425=CARTESIAN_POINT('Ctrl Pts',(0.406535790229274,-0.096356291139504,
0.0379054568900319));
#6426=CARTESIAN_POINT('Ctrl Pts',(0.32007874015748,-0.0567571996689398,
0.342132982114107));
#6427=CARTESIAN_POINT('Ctrl Pts',(0.35246799525306,-0.0649486261205946,
0.317844163485738));
#6428=CARTESIAN_POINT('Ctrl Pts',(0.360988220367637,-0.0731471373020739,
0.263700383323565));
#6429=CARTESIAN_POINT('Ctrl Pts',(0.371743870673433,-0.0848772212692065,
0.140096398901607));
#6430=CARTESIAN_POINT('Ctrl Pts',(0.374492632054176,-0.0887656336287559,
0.0723874127121983));
#6431=CARTESIAN_POINT('Ctrl Pts',(0.406535790229274,-0.0926503575925602,
0.0379054568900319));
#6432=CARTESIAN_POINT('Ctrl Pts',(0.32007874015748,-0.0477755495623915,
0.342132982114107));
#6433=CARTESIAN_POINT('Ctrl Pts',(0.35246799525306,-0.057572689498648,0.317844163485738));
#6434=CARTESIAN_POINT('Ctrl Pts',(0.360988220367637,-0.0673783029394781,
0.263700383323565));
#6435=CARTESIAN_POINT('Ctrl Pts',(0.371743870673433,-0.0813239006348491,
0.140096398901607));
#6436=CARTESIAN_POINT('Ctrl Pts',(0.374492632054176,-0.0858981362103153,
0.0723874127121983));
#6437=CARTESIAN_POINT('Ctrl Pts',(0.406535790229274,-0.0904680328449815,
0.0379054568900319));
#6438=CARTESIAN_POINT('Ctrl Pts',(0.320078740157481,-0.0469101989935236,
0.34179546508998));
#6439=CARTESIAN_POINT('Ctrl Pts',(0.352393670368481,-0.0568083667227132,
0.317650413933298));
#6440=CARTESIAN_POINT('Ctrl Pts',(0.360839506315201,-0.0667150953349838,
0.263650525586686));
#6441=CARTESIAN_POINT('Ctrl Pts',(0.371596704751278,-0.0808229544174032,
0.140141941724103));
#6442=CARTESIAN_POINT('Ctrl Pts',(0.374408556407411,-0.0854611718971733,
0.0724005582302408));
#6443=CARTESIAN_POINT('Ctrl Pts',(0.406514745012934,-0.0900949897454137,
0.0378862358344359));
#6444=CARTESIAN_POINT('Ctrl Pts',(0.32007874015748,-0.045755702300803,0.34078157817449));
#6445=CARTESIAN_POINT('Ctrl Pts',(0.352071833016388,-0.0557989565922265,
0.317087671393442));
#6446=CARTESIAN_POINT('Ctrl Pts',(0.360195553255261,-0.0658508972514804,
0.26353931761531));
#6447=CARTESIAN_POINT('Ctrl Pts',(0.370891115533875,-0.0800508082782596,
0.1402435254405));
#6448=CARTESIAN_POINT('Ctrl Pts',(0.373913898862605,-0.0846524831598288,
0.0723216065775769));
#6449=CARTESIAN_POINT('Ctrl Pts',(0.406230819059198,-0.0892497930727464,
0.0376269200614947));
#6450=CARTESIAN_POINT('Ctrl Pts',(0.320078740157481,-0.0452775154724458,
0.339147152074873));
#6451=CARTESIAN_POINT('Ctrl Pts',(0.351577519524622,-0.0554071901150771,
0.316236941070489));
#6452=CARTESIAN_POINT('Ctrl Pts',(0.359206498742098,-0.0655456258701322,
0.263472960884159));
#6453=CARTESIAN_POINT('Ctrl Pts',(0.369570658279181,-0.0795507840313036,
0.1403041402067));
#6454=CARTESIAN_POINT('Ctrl Pts',(0.372701745840045,-0.0839033195564093,
0.0718475288511102));
#6455=CARTESIAN_POINT('Ctrl Pts',(0.405126867535617,-0.0882517264367039,
0.0366186570307289));
#6456=CARTESIAN_POINT('Ctrl Pts',(0.32007874015748,-0.0457895608375895,
0.337531157166466));
#6457=CARTESIAN_POINT('Ctrl Pts',(0.351092870061595,-0.0558346231106308,
0.31540107774779));
#6458=CARTESIAN_POINT('Ctrl Pts',(0.358236780644789,-0.065888373315218,
0.263417903879651));
#6459=CARTESIAN_POINT('Ctrl Pts',(0.36825137301237,-0.0800494892265649,
0.140354433217283));
#6460=CARTESIAN_POINT('Ctrl Pts',(0.371466196954127,-0.0846143209856358,
0.0713463897957521));
#6461=CARTESIAN_POINT('Ctrl Pts',(0.403974975601539,-0.0891748227239986,
0.0355666089762999));
#6462=CARTESIAN_POINT('Ctrl Pts',(0.32007874015748,-0.0469468807019877,
0.336542307975266));
#6463=CARTESIAN_POINT('Ctrl Pts',(0.350784455557427,-0.0568431179227606,
0.314855754160676));
#6464=CARTESIAN_POINT('Ctrl Pts',(0.357619684890062,-0.0667479143569261,
0.263316489500028));
#6465=CARTESIAN_POINT('Ctrl Pts',(0.367559202522873,-0.0808287234541038,
0.140447070953209));
#6466=CARTESIAN_POINT('Ctrl Pts',(0.370961576255484,-0.0854439001981705,
0.071247742808455));
#6467=CARTESIAN_POINT('Ctrl Pts',(0.40365772679136,-0.0900546991662473,
0.0352768587109802));
#6468=CARTESIAN_POINT('Ctrl Pts',(0.32007874015748,-0.0478068275173295,
0.336227470303083));
#6469=CARTESIAN_POINT('Ctrl Pts',(0.350713960686905,-0.0575966019205071,
0.31467583790553));
#6470=CARTESIAN_POINT('Ctrl Pts',(0.357478634178306,-0.0673948434578401,
0.263271611354877));
#6471=CARTESIAN_POINT('Ctrl Pts',(0.367416431377495,-0.0813260407103889,
0.140488065148285));
#6472=CARTESIAN_POINT('Ctrl Pts',(0.370875739281664,-0.0858932697668497,
0.0712550004630065));
#6473=CARTESIAN_POINT('Ctrl Pts',(0.403628769983572,-0.0904561665286201,
0.0352504118261689));
#6474=CARTESIAN_POINT('Ctrl Pts',(0.32007874015748,-0.0523906217210473,
0.336227470303083));
#6475=CARTESIAN_POINT('Ctrl Pts',(0.350713960686905,-0.0613740669288448,
0.31467583790553));
#6476=CARTESIAN_POINT('Ctrl Pts',(0.357478634178306,-0.0703652818801133,
0.263271611354877));
#6477=CARTESIAN_POINT('Ctrl Pts',(0.367416431377495,-0.0832153440004184,
0.140488065148285));
#6478=CARTESIAN_POINT('Ctrl Pts',(0.370875739281664,-0.0874667957915046,
0.0712550004630065));
#6479=CARTESIAN_POINT('Ctrl Pts',(0.403628769983572,-0.0917142148218527,
0.0352504118261689));
#6480=CARTESIAN_POINT('Ctrl Pts',(0.32007874015748,-0.0606991792088871,
0.336227470303083));
#6481=CARTESIAN_POINT('Ctrl Pts',(0.350713960686905,-0.0682124340812791,
0.31467583790553));
#6482=CARTESIAN_POINT('Ctrl Pts',(0.357478634178306,-0.0757321871357872,
0.263271611354877));
#6483=CARTESIAN_POINT('Ctrl Pts',(0.367416431377495,-0.0865049935649377,
0.140488065148285));
#6484=CARTESIAN_POINT('Ctrl Pts',(0.370875739281664,-0.0900841101298472,
0.0712550004630065));
#6485=CARTESIAN_POINT('Ctrl Pts',(0.403628769983572,-0.0936598316848942,
0.0352504118261689));
#6486=CARTESIAN_POINT('Ctrl Pts',(0.32007874015748,-0.0741200148135031,
0.336227470303084));
#6487=CARTESIAN_POINT('Ctrl Pts',(0.350713960686906,-0.0791866370879682,
0.31467583790553));
#6488=CARTESIAN_POINT('Ctrl Pts',(0.357478634178307,-0.0842576414624436,
0.263271611354877));
#6489=CARTESIAN_POINT('Ctrl Pts',(0.367416431377496,-0.0915153025655544,
0.140488065148285));
#6490=CARTESIAN_POINT('Ctrl Pts',(0.370875739281665,-0.0939224713018811,
0.0712550004630064));
#6491=CARTESIAN_POINT('Ctrl Pts',(0.403628769983573,-0.0963273566921775,
0.0352504118261689));
#6492=CARTESIAN_POINT('Ctrl Pts',(0.32007874015748,-0.0880208050349294,
0.336227470303083));
#6493=CARTESIAN_POINT('Ctrl Pts',(0.350713960686905,-0.0905091409832965,
0.31467583790553));
#6494=CARTESIAN_POINT('Ctrl Pts',(0.357478634178306,-0.0929996290828196,
0.263271611354877));
#6495=CARTESIAN_POINT('Ctrl Pts',(0.367416431377495,-0.0965571657272095,
0.140488065148285));
#6496=CARTESIAN_POINT('Ctrl Pts',(0.370875739281664,-0.0977331241516794,
0.0712550004630065));
#6497=CARTESIAN_POINT('Ctrl Pts',(0.403628769983572,-0.0989079671080228,
0.0352504118261689));
#6498=CARTESIAN_POINT('Ctrl Pts',(0.32007874015748,-0.0971456692913386,
0.336227470303083));
#6499=CARTESIAN_POINT('Ctrl Pts',(0.350713960686905,-0.0979524191137569,
0.31467583790553));
#6500=CARTESIAN_POINT('Ctrl Pts',(0.357478634178306,-0.098759866690658,
0.263271611354877));
#6501=CARTESIAN_POINT('Ctrl Pts',(0.367416431377495,-0.0999086457297044,
0.140488065148285));
#6502=CARTESIAN_POINT('Ctrl Pts',(0.370875739281664,-0.100285698199364,
0.0712550004630065));
#6503=CARTESIAN_POINT('Ctrl Pts',(0.403628769983572,-0.100662393011811,
0.0352504118261689));
#6504=CARTESIAN_POINT('Ctrl Pts',(0.32007874015748,-0.101574803149606,0.336227470303083));
#6505=CARTESIAN_POINT('Ctrl Pts',(0.350713960686905,-0.101574803149606,
0.31467583790553));
#6506=CARTESIAN_POINT('Ctrl Pts',(0.357478634178306,-0.101574803149606,
0.263271611354877));
#6507=CARTESIAN_POINT('Ctrl Pts',(0.367416431377495,-0.101574803149606,
0.140488065148285));
#6508=CARTESIAN_POINT('Ctrl Pts',(0.370875739281664,-0.101574803149606,
0.0712550004630065));
#6509=CARTESIAN_POINT('Ctrl Pts',(0.403628769983572,-0.101574803149606,
0.0352504118261689));
#6510=CARTESIAN_POINT('',(0.32007874015748,-0.101574803149606,0.342132982114107));
#6511=CARTESIAN_POINT('',(0.32007874015748,-0.101574803149606,0.336227470303083));
#6512=CARTESIAN_POINT('Ctrl Pts',(0.32007874015748,-0.101574803149606,0.336227470303083));
#6513=CARTESIAN_POINT('Ctrl Pts',(0.32007874015748,-0.0841421885700828,
0.336227470303083));
#6514=CARTESIAN_POINT('Ctrl Pts',(0.320078740157507,-0.0667099676913467,
0.336227470303065));
#6515=CARTESIAN_POINT('Ctrl Pts',(0.320078740157507,-0.0483700732292228,
0.336227470303065));
#6516=CARTESIAN_POINT('Ctrl Pts',(0.320078740157507,-0.0482072886334425,
0.336227470303065));
#6517=CARTESIAN_POINT('Ctrl Pts',(0.320078740157507,-0.0476335574339653,
0.336302383617116));
#6518=CARTESIAN_POINT('Ctrl Pts',(0.320078740157507,-0.0473086849077228,
0.336418428417344));
#6519=CARTESIAN_POINT('Ctrl Pts',(0.320078740157507,-0.0465197073171855,
0.33687452325742));
#6520=CARTESIAN_POINT('Ctrl Pts',(0.320078740157507,-0.0462390347438534,
0.337178370401013));
#6521=CARTESIAN_POINT('Ctrl Pts',(0.320078740157507,-0.04583910688034,0.337698492457703));
#6522=CARTESIAN_POINT('Ctrl Pts',(0.320078740157507,-0.0456729190661239,
0.338036365489239));
#6523=CARTESIAN_POINT('Ctrl Pts',(0.320078740157507,-0.0454668495566392,
0.338811754362652));
#6524=CARTESIAN_POINT('Ctrl Pts',(0.320078740157507,-0.0454591185690431,
0.339201558808099));
#6525=CARTESIAN_POINT('Ctrl Pts',(0.320078740157507,-0.0455338989966298,
0.339895440976114));
#6526=CARTESIAN_POINT('Ctrl Pts',(0.320078740157507,-0.0456448773471751,
0.340258904579186));
#6527=CARTESIAN_POINT('Ctrl Pts',(0.320078740157507,-0.0460147366858263,
0.340932553423052));
#6528=CARTESIAN_POINT('Ctrl Pts',(0.320078740157507,-0.0462677866668747,
0.341226707270208));
#6529=CARTESIAN_POINT('Ctrl Pts',(0.320078740157507,-0.0467721683575144,
0.341632354210553));
#6530=CARTESIAN_POINT('Ctrl Pts',(0.320078740157507,-0.0471094456144854,
0.341868547114793));
#6531=CARTESIAN_POINT('Ctrl Pts',(0.320078740157507,-0.0479417836447841,
0.342132982114087));
#6532=CARTESIAN_POINT('Ctrl Pts',(0.320078740157507,-0.0482928339594616,
0.342132982114087));
#6533=CARTESIAN_POINT('Ctrl Pts',(0.320078740157507,-0.06632183565514,0.342132982114087));
#6534=CARTESIAN_POINT('Ctrl Pts',(0.32007874015748,-0.0839483194023731,
0.342132982114107));
#6535=CARTESIAN_POINT('Ctrl Pts',(0.32007874015748,-0.101574803149606,0.342132982114107));
#6536=CARTESIAN_POINT('',(0.406535790229274,-0.101574803149606,0.0379054568900319));
#6537=CARTESIAN_POINT('Ctrl Pts',(0.32007874015748,-0.101574803149606,0.342132982114107));
#6538=CARTESIAN_POINT('Ctrl Pts',(0.352467995253061,-0.101574803149606,
0.317844163485738));
#6539=CARTESIAN_POINT('Ctrl Pts',(0.360988220367637,-0.101574803149606,
0.263700383323565));
#6540=CARTESIAN_POINT('Ctrl Pts',(0.371743870673433,-0.101574803149606,
0.140096398901608));
#6541=CARTESIAN_POINT('Ctrl Pts',(0.374492632054176,-0.101574803149606,
0.0723874127121983));
#6542=CARTESIAN_POINT('Ctrl Pts',(0.406535790229274,-0.101574803149606,
0.0379054568900319));
#6543=CARTESIAN_POINT('',(0.403628769983572,-0.101574803149606,0.0352504118261689));
#6544=CARTESIAN_POINT('Ctrl Pts',(0.406535790229274,-0.101574803149606,
0.0379054568900319));
#6545=CARTESIAN_POINT('Ctrl Pts',(0.406535790229274,-0.0980447421897295,
0.0379054568900318));
#6546=CARTESIAN_POINT('Ctrl Pts',(0.406535790229274,-0.09451507493064,0.037905456890032));
#6547=CARTESIAN_POINT('Ctrl Pts',(0.406535790229274,-0.0905834500333437,
0.037905456890032));
#6548=CARTESIAN_POINT('Ctrl Pts',(0.406535790229274,-0.0904650588192151,
0.0379054568900319));
#6549=CARTESIAN_POINT('Ctrl Pts',(0.406499913423915,-0.090118681766289,
0.0378726898203442));
#6550=CARTESIAN_POINT('Ctrl Pts',(0.40645656969001,-0.0899283873758107,
0.0378331030417782));
#6551=CARTESIAN_POINT('Ctrl Pts',(0.406289196543382,-0.0894919986134089,
0.0376802374924461));
#6552=CARTESIAN_POINT('Ctrl Pts',(0.406152068090059,-0.0892936147765192,
0.0375549950818893));
#6553=CARTESIAN_POINT('Ctrl Pts',(0.40587271922891,-0.0889774525087207,
0.0372998596675461));
#6554=CARTESIAN_POINT('Ctrl Pts',(0.405704464673196,-0.0888393786986493,
0.0371461891080509));
#6555=CARTESIAN_POINT('Ctrl Pts',(0.405396440722698,-0.0886824447445578,
0.0368648641084986));
#6556=CARTESIAN_POINT('Ctrl Pts',(0.405257638353879,-0.0886406236871094,
0.0367380928743698));
#6557=CARTESIAN_POINT('Ctrl Pts',(0.404976531120743,-0.0886312814132974,
0.0364813515004984));
#6558=CARTESIAN_POINT('Ctrl Pts',(0.404835844966692,-0.0886640134173507,
0.0363528597641848));
#6559=CARTESIAN_POINT('Ctrl Pts',(0.404521730091978,-0.0888010463486315,
0.0360659717905531));
#6560=CARTESIAN_POINT('Ctrl Pts',(0.404348513540193,-0.0889284254057966,
0.0359077693317035));
#6561=CARTESIAN_POINT('Ctrl Pts',(0.404056535513097,-0.089230531539464,
0.0356410994243494));
#6562=CARTESIAN_POINT('Ctrl Pts',(0.403915667605413,-0.0894202941080229,
0.035512441688475));
#6563=CARTESIAN_POINT('Ctrl Pts',(0.403732204061322,-0.0898516192775564,
0.0353448804278137));
#6564=CARTESIAN_POINT('Ctrl Pts',(0.40368040203922,-0.0900489964433719,
0.0352975685099544));
#6565=CARTESIAN_POINT('Ctrl Pts',(0.403628769983572,-0.0904358769090183,
0.0352504118261689));
#6566=CARTESIAN_POINT('Ctrl Pts',(0.403628769983572,-0.0905794493612142,
0.035250411826169));
#6567=CARTESIAN_POINT('Ctrl Pts',(0.403628769983572,-0.0944719964311284,
0.0352504118261689));
#6568=CARTESIAN_POINT('Ctrl Pts',(0.403628769983572,-0.0980233997903673,
0.0352504118261689));
#6569=CARTESIAN_POINT('Ctrl Pts',(0.403628769983572,-0.101574803149606,
0.0352504118261689));
#6570=CARTESIAN_POINT('Ctrl Pts',(0.32007874015748,-0.101574803149606,0.336227470303083));
#6571=CARTESIAN_POINT('Ctrl Pts',(0.350740456958568,-0.101574803149606,
0.314657197990526));
#6572=CARTESIAN_POINT('Ctrl Pts',(0.363622489618436,-0.101574803149606,
0.216418344410387));
#6573=CARTESIAN_POINT('Ctrl Pts',(0.370875739281664,-0.101574803149606,
0.0712550004630065));
#6574=CARTESIAN_POINT('Ctrl Pts',(0.403628769983572,-0.101574803149606,
0.0352504118261689));
#6575=CARTESIAN_POINT('Ctrl Pts',(0.32007874015748,0.134645669291339,0.336227470303083));
#6576=CARTESIAN_POINT('Ctrl Pts',(0.350713960686905,0.134645669291339,0.31467583790553));
#6577=CARTESIAN_POINT('Ctrl Pts',(0.357478634178306,0.134645669291339,0.263271611354877));
#6578=CARTESIAN_POINT('Ctrl Pts',(0.367416431377495,0.134645669291339,0.140488065148285));
#6579=CARTESIAN_POINT('Ctrl Pts',(0.370875739281664,0.134645669291339,0.0712550004630065));
#6580=CARTESIAN_POINT('Ctrl Pts',(0.403628769983572,0.134645669291339,0.0352504118261689));
#6581=CARTESIAN_POINT('Ctrl Pts',(0.32007874015748,0.130216535433071,0.336227470303083));
#6582=CARTESIAN_POINT('Ctrl Pts',(0.350713960686905,0.131023285255489,0.31467583790553));
#6583=CARTESIAN_POINT('Ctrl Pts',(0.357478634178306,0.13183073283239,0.263271611354877));
#6584=CARTESIAN_POINT('Ctrl Pts',(0.367416431377495,0.132979511871437,0.140488065148285));
#6585=CARTESIAN_POINT('Ctrl Pts',(0.370875739281664,0.133356564341096,0.0712550004630065));
#6586=CARTESIAN_POINT('Ctrl Pts',(0.403628769983572,0.133733259153543,0.0352504118261689));
#6587=CARTESIAN_POINT('Ctrl Pts',(0.320078740157481,0.121091671176662,0.336227470303084));
#6588=CARTESIAN_POINT('Ctrl Pts',(0.350713960686906,0.123580007125029,0.31467583790553));
#6589=CARTESIAN_POINT('Ctrl Pts',(0.357478634178307,0.126070495224552,0.263271611354877));
#6590=CARTESIAN_POINT('Ctrl Pts',(0.367416431377495,0.129628031868942,0.140488065148285));
#6591=CARTESIAN_POINT('Ctrl Pts',(0.370875739281664,0.130803990293412,0.0712550004630066));
#6592=CARTESIAN_POINT('Ctrl Pts',(0.403628769983572,0.131978833249755,0.0352504118261689));
#6593=CARTESIAN_POINT('Ctrl Pts',(0.32007874015748,0.107190880955235,0.336227470303083));
#6594=CARTESIAN_POINT('Ctrl Pts',(0.350713960686905,0.1122575032297,0.314675837905529));
#6595=CARTESIAN_POINT('Ctrl Pts',(0.357478634178306,0.117328507604176,0.263271611354876));
#6596=CARTESIAN_POINT('Ctrl Pts',(0.367416431377495,0.124586168707287,0.140488065148285));
#6597=CARTESIAN_POINT('Ctrl Pts',(0.370875739281664,0.126993337443613,0.0712550004630063));
#6598=CARTESIAN_POINT('Ctrl Pts',(0.403628769983572,0.12939822283391,0.0352504118261689));
#6599=CARTESIAN_POINT('Ctrl Pts',(0.32007874015748,0.0937700453506195,0.336227470303084));
#6600=CARTESIAN_POINT('Ctrl Pts',(0.350713960686906,0.101283300223011,0.31467583790553));
#6601=CARTESIAN_POINT('Ctrl Pts',(0.357478634178307,0.10880305327752,0.263271611354877));
#6602=CARTESIAN_POINT('Ctrl Pts',(0.367416431377496,0.11957585970667,0.140488065148285));
#6603=CARTESIAN_POINT('Ctrl Pts',(0.370875739281665,0.123154976271579,0.0712550004630066));
#6604=CARTESIAN_POINT('Ctrl Pts',(0.403628769983572,0.126730697826627,0.0352504118261689));
#6605=CARTESIAN_POINT('Ctrl Pts',(0.32007874015748,0.0854614878627796,0.336227470303083));
#6606=CARTESIAN_POINT('Ctrl Pts',(0.350713960686905,0.094444933070577,0.31467583790553));
#6607=CARTESIAN_POINT('Ctrl Pts',(0.357478634178306,0.103436148021846,0.263271611354877));
#6608=CARTESIAN_POINT('Ctrl Pts',(0.367416431377495,0.116286210142151,0.140488065148285));
#6609=CARTESIAN_POINT('Ctrl Pts',(0.370875739281665,0.120537661933237,0.0712550004630065));
#6610=CARTESIAN_POINT('Ctrl Pts',(0.403628769983572,0.124785080963585,0.0352504118261689));
#6611=CARTESIAN_POINT('Ctrl Pts',(0.32007874015748,0.0808776936590618,0.336227470303083));
#6612=CARTESIAN_POINT('Ctrl Pts',(0.350713960686905,0.0906674680622393,
0.31467583790553));
#6613=CARTESIAN_POINT('Ctrl Pts',(0.357478634178306,0.100465709599572,0.263271611354877));
#6614=CARTESIAN_POINT('Ctrl Pts',(0.367416431377495,0.114396906852121,0.140488065148285));
#6615=CARTESIAN_POINT('Ctrl Pts',(0.370875739281664,0.118964135908582,0.0712550004630065));
#6616=CARTESIAN_POINT('Ctrl Pts',(0.403628769983572,0.123527032670352,0.0352504118261689));
#6617=CARTESIAN_POINT('Ctrl Pts',(0.32007874015748,0.0800177468437201,0.336542307975266));
#6618=CARTESIAN_POINT('Ctrl Pts',(0.35078445645021,0.0899139744294995,0.314855754976075));
#6619=CARTESIAN_POINT('Ctrl Pts',(0.357619686676401,0.0998187612203384,
0.263316491131531));
#6620=CARTESIAN_POINT('Ctrl Pts',(0.367559200891141,0.11389960720563,0.140447069462912));
#6621=CARTESIAN_POINT('Ctrl Pts',(0.37096157076896,0.118514825550915,0.0712477377974929));
#6622=CARTESIAN_POINT('Ctrl Pts',(0.403657717453701,0.12312566608075,0.0352768501826927));
#6623=CARTESIAN_POINT('Ctrl Pts',(0.32007874015748,0.0788604269793215,0.337531157166466));
#6624=CARTESIAN_POINT('Ctrl Pts',(0.351092898625208,0.088905472992331,0.315401103835561));
#6625=CARTESIAN_POINT('Ctrl Pts',(0.358236837796719,0.0989592069228233,
0.263417956077757));
#6626=CARTESIAN_POINT('Ctrl Pts',(0.368251320806904,0.113120385086616,0.140354385536891));
#6627=CARTESIAN_POINT('Ctrl Pts',(0.371466021418934,0.117685287051978,0.0713462294756278));
#6628=CARTESIAN_POINT('Ctrl Pts',(0.403974676853605,0.122245858930037,0.0355663361232889));
#6629=CARTESIAN_POINT('Ctrl Pts',(0.32007874015748,0.0783483816141784,0.339147152074873));
#6630=CARTESIAN_POINT('Ctrl Pts',(0.351577673050625,0.0884781513964856,
0.31623708128914));
#6631=CARTESIAN_POINT('Ctrl Pts',(0.359206805926888,0.0986166823735025,
0.263473241442735));
#6632=CARTESIAN_POINT('Ctrl Pts',(0.369570377681041,0.112621476287077,0.140303883930291));
#6633=CARTESIAN_POINT('Ctrl Pts',(0.372700802359367,0.11697360102555,0.0718466671496062));
#6634=CARTESIAN_POINT('Ctrl Pts',(0.405125261801185,0.121321597508867,0.0366171904784121));
#6635=CARTESIAN_POINT('Ctrl Pts',(0.320078740157481,0.0788265684425349,
0.34078157817449));
#6636=CARTESIAN_POINT('Ctrl Pts',(0.35207180619113,0.0888697295503327,0.317087646893348));
#6637=CARTESIAN_POINT('Ctrl Pts',(0.360195499581544,0.098921576945367,0.263539268593933));
#6638=CARTESIAN_POINT('Ctrl Pts',(0.370891164562165,0.113121844730895,0.140243570219108));
#6639=CARTESIAN_POINT('Ctrl Pts',(0.37391406371489,0.117723921953417,0.0723217571407678));
#6640=CARTESIAN_POINT('Ctrl Pts',(0.406231099625611,0.122321633825643,0.0376271763089256));
#6641=CARTESIAN_POINT('Ctrl Pts',(0.32007874015748,0.0799810651352562,0.34179546508998));
#6642=CARTESIAN_POINT('Ctrl Pts',(0.352393654644603,0.089879200152374,0.317650399572338));
#6643=CARTESIAN_POINT('Ctrl Pts',(0.360839474853846,0.0997858960242805,
0.263650496852344));
#6644=CARTESIAN_POINT('Ctrl Pts',(0.371596733489672,0.113893880346704,0.140141967971506));
#6645=CARTESIAN_POINT('Ctrl Pts',(0.37440865303713,0.118532239068092,0.0724006464842733));
#6646=CARTESIAN_POINT('Ctrl Pts',(0.406514909469579,0.123166198023974,0.037886386036281));
#6647=CARTESIAN_POINT('Ctrl Pts',(0.32007874015748,0.0808464157041237,0.342132982114107));
#6648=CARTESIAN_POINT('Ctrl Pts',(0.35246799525306,0.0906435556403802,0.317844163485738));
#6649=CARTESIAN_POINT('Ctrl Pts',(0.360988220367637,0.10044916908121,0.263700383323565));
#6650=CARTESIAN_POINT('Ctrl Pts',(0.371743870673433,0.114394766776581,0.140096398901607));
#6651=CARTESIAN_POINT('Ctrl Pts',(0.374492632054176,0.118969002352048,0.0723874127121983));
#6652=CARTESIAN_POINT('Ctrl Pts',(0.406535790229274,0.123538898986714,0.0379054568900319));
#6653=CARTESIAN_POINT('Ctrl Pts',(0.32007874015748,0.0898280658106721,0.342132982114107));
#6654=CARTESIAN_POINT('Ctrl Pts',(0.35246799525306,0.0980194922623267,0.317844163485738));
#6655=CARTESIAN_POINT('Ctrl Pts',(0.360988220367637,0.106218003443806,0.263700383323565));
#6656=CARTESIAN_POINT('Ctrl Pts',(0.371743870673433,0.117948087410939,0.140096398901607));
#6657=CARTESIAN_POINT('Ctrl Pts',(0.374492632054176,0.121836499770488,0.0723874127121983));
#6658=CARTESIAN_POINT('Ctrl Pts',(0.406535790229274,0.125721223734293,0.0379054568900319));
#6659=CARTESIAN_POINT('Ctrl Pts',(0.32007874015748,0.107207485548429,0.342132982114107));
#6660=CARTESIAN_POINT('Ctrl Pts',(0.35246799525306,0.1122629790758,0.317844163485738));
#6661=CARTESIAN_POINT('Ctrl Pts',(0.360988220367636,0.117322845077976,0.263700383323565));
#6662=CARTESIAN_POINT('Ctrl Pts',(0.371743870673432,0.124586225443885,0.140096398901607));
#6663=CARTESIAN_POINT('Ctrl Pts',(0.374492632054176,0.127007839886892,0.0723874127121982));
#6664=CARTESIAN_POINT('Ctrl Pts',(0.406535790229274,0.129427157281236,0.0379054568900319));
#6665=CARTESIAN_POINT('Ctrl Pts',(0.32007874015748,0.134645669291339,0.342132982114107));
#6666=CARTESIAN_POINT('Ctrl Pts',(0.352467995253061,0.134645669291339,0.317844163485738));
#6667=CARTESIAN_POINT('Ctrl Pts',(0.360988220367637,0.134645669291339,0.263700383323565));
#6668=CARTESIAN_POINT('Ctrl Pts',(0.371743870673433,0.134645669291339,0.140096398901608));
#6669=CARTESIAN_POINT('Ctrl Pts',(0.374492632054176,0.134645669291339,0.0723874127121984));
#6670=CARTESIAN_POINT('Ctrl Pts',(0.406535790229273,0.134645669291339,0.0379054568900319));
#6671=CARTESIAN_POINT('Ctrl Pts',(0.32007874015748,0.162083853034248,0.342132982114107));
#6672=CARTESIAN_POINT('Ctrl Pts',(0.35246799525306,0.157028359506877,0.317844163485738));
#6673=CARTESIAN_POINT('Ctrl Pts',(0.360988220367636,0.151968493504701,0.263700383323565));
#6674=CARTESIAN_POINT('Ctrl Pts',(0.371743870673432,0.144705113138792,0.140096398901607));
#6675=CARTESIAN_POINT('Ctrl Pts',(0.374492632054175,0.142283498695785,0.0723874127121982));
#6676=CARTESIAN_POINT('Ctrl Pts',(0.406535790229274,0.139864181301441,0.0379054568900319));
#6677=CARTESIAN_POINT('Ctrl Pts',(0.32007874015748,0.179463272772005,0.342132982114107));
#6678=CARTESIAN_POINT('Ctrl Pts',(0.35246799525306,0.17127184632035,0.317844163485738));
#6679=CARTESIAN_POINT('Ctrl Pts',(0.360988220367637,0.163073335138871,0.263700383323565));
#6680=CARTESIAN_POINT('Ctrl Pts',(0.371743870673433,0.151343251171738,0.140096398901607));
#6681=CARTESIAN_POINT('Ctrl Pts',(0.374492632054176,0.147454838812189,0.0723874127121983));
#6682=CARTESIAN_POINT('Ctrl Pts',(0.406535790229274,0.143570114848385,0.0379054568900319));
#6683=CARTESIAN_POINT('Ctrl Pts',(0.32007874015748,0.188444922878553,0.342132982114107));
#6684=CARTESIAN_POINT('Ctrl Pts',(0.35246799525306,0.178647782942297,0.317844163485738));
#6685=CARTESIAN_POINT('Ctrl Pts',(0.360988220367637,0.168842169501467,0.263700383323565));
#6686=CARTESIAN_POINT('Ctrl Pts',(0.371743870673433,0.154896571806096,0.140096398901607));
#6687=CARTESIAN_POINT('Ctrl Pts',(0.374492632054176,0.15032233623063,0.0723874127121983));
#6688=CARTESIAN_POINT('Ctrl Pts',(0.406535790229274,0.145752439595963,0.0379054568900319));
#6689=CARTESIAN_POINT('Ctrl Pts',(0.320078740157481,0.189310273447421,0.34179546508998));
#6690=CARTESIAN_POINT('Ctrl Pts',(0.352393670368481,0.179412105718232,0.317650413933298));
#6691=CARTESIAN_POINT('Ctrl Pts',(0.360839506315201,0.169505377105961,0.263650525586686));
#6692=CARTESIAN_POINT('Ctrl Pts',(0.371596704751278,0.155397518023542,0.140141941724103));
#6693=CARTESIAN_POINT('Ctrl Pts',(0.374408556407411,0.150759300543772,0.0724005582302408));
#6694=CARTESIAN_POINT('Ctrl Pts',(0.406514745012934,0.146125482695531,0.0378862358344359));
#6695=CARTESIAN_POINT('Ctrl Pts',(0.32007874015748,0.190464770140142,0.34078157817449));
#6696=CARTESIAN_POINT('Ctrl Pts',(0.352071833016388,0.180421515848718,0.317087671393442));
#6697=CARTESIAN_POINT('Ctrl Pts',(0.360195553255261,0.170369575189464,0.26353931761531));
#6698=CARTESIAN_POINT('Ctrl Pts',(0.370891115533875,0.156169664162685,0.1402435254405));
#6699=CARTESIAN_POINT('Ctrl Pts',(0.373913898862605,0.151567989281116,0.0723216065775769));
#6700=CARTESIAN_POINT('Ctrl Pts',(0.406230819059198,0.146970679368198,0.0376269200614947));
#6701=CARTESIAN_POINT('Ctrl Pts',(0.320078740157481,0.190942956968499,0.339147152074873));
#6702=CARTESIAN_POINT('Ctrl Pts',(0.351577519524622,0.180813282325868,0.316236941070489));
#6703=CARTESIAN_POINT('Ctrl Pts',(0.359206498742098,0.170674846570813,0.263472960884159));
#6704=CARTESIAN_POINT('Ctrl Pts',(0.369570658279181,0.156669688409641,0.1403041402067));
#6705=CARTESIAN_POINT('Ctrl Pts',(0.372701745840045,0.152317152884536,0.0718475288511102));
#6706=CARTESIAN_POINT('Ctrl Pts',(0.405126867535617,0.147968746004241,0.0366186570307289));
#6707=CARTESIAN_POINT('Ctrl Pts',(0.32007874015748,0.190430911603355,0.337531157166466));
#6708=CARTESIAN_POINT('Ctrl Pts',(0.351092870061595,0.180385849330314,0.31540107774779));
#6709=CARTESIAN_POINT('Ctrl Pts',(0.358236780644789,0.170332099125727,0.263417903879651));
#6710=CARTESIAN_POINT('Ctrl Pts',(0.36825137301237,0.15617098321438,0.140354433217283));
#6711=CARTESIAN_POINT('Ctrl Pts',(0.371466196954127,0.151606151455309,0.0713463897957521));
#6712=CARTESIAN_POINT('Ctrl Pts',(0.403974975601539,0.147045649716946,0.0355666089762999));
#6713=CARTESIAN_POINT('Ctrl Pts',(0.32007874015748,0.189273591738957,0.336542307975266));
#6714=CARTESIAN_POINT('Ctrl Pts',(0.350784455557427,0.179377354518184,0.314855754160676));
#6715=CARTESIAN_POINT('Ctrl Pts',(0.357619684890062,0.169472558084019,0.263316489500028));
#6716=CARTESIAN_POINT('Ctrl Pts',(0.367559202522873,0.155391748986841,0.140447070953209));
#6717=CARTESIAN_POINT('Ctrl Pts',(0.370961576255484,0.150776572242774,0.071247742808455));
#6718=CARTESIAN_POINT('Ctrl Pts',(0.40365772679136,0.146165773274698,0.0352768587109802));
#6719=CARTESIAN_POINT('Ctrl Pts',(0.32007874015748,0.188413644923615,0.336227470303083));
#6720=CARTESIAN_POINT('Ctrl Pts',(0.350713960686905,0.178623870520438,0.31467583790553));
#6721=CARTESIAN_POINT('Ctrl Pts',(0.357478634178306,0.168825628983105,0.263271611354877));
#6722=CARTESIAN_POINT('Ctrl Pts',(0.367416431377495,0.154894431730556,0.140488065148285));
#6723=CARTESIAN_POINT('Ctrl Pts',(0.370875739281664,0.150327202674095,0.0712550004630065));
#6724=CARTESIAN_POINT('Ctrl Pts',(0.403628769983572,0.145764305912325,0.0352504118261689));
#6725=CARTESIAN_POINT('Ctrl Pts',(0.32007874015748,0.183829850719898,0.336227470303083));
#6726=CARTESIAN_POINT('Ctrl Pts',(0.350713960686905,0.1748464055121,0.31467583790553));
#6727=CARTESIAN_POINT('Ctrl Pts',(0.357478634178306,0.165855190560832,0.263271611354877));
#6728=CARTESIAN_POINT('Ctrl Pts',(0.367416431377495,0.153005128440526,0.140488065148285));
#6729=CARTESIAN_POINT('Ctrl Pts',(0.370875739281664,0.14875367664944,0.0712550004630065));
#6730=CARTESIAN_POINT('Ctrl Pts',(0.403628769983572,0.144506257619092,0.0352504118261689));
#6731=CARTESIAN_POINT('Ctrl Pts',(0.32007874015748,0.175521293232058,0.336227470303083));
#6732=CARTESIAN_POINT('Ctrl Pts',(0.350713960686905,0.168008038359666,0.31467583790553));
#6733=CARTESIAN_POINT('Ctrl Pts',(0.357478634178306,0.160488285305158,0.263271611354877));
#6734=CARTESIAN_POINT('Ctrl Pts',(0.367416431377495,0.149715478876007,0.140488065148285));
#6735=CARTESIAN_POINT('Ctrl Pts',(0.370875739281664,0.146136362311098,0.0712550004630065));
#6736=CARTESIAN_POINT('Ctrl Pts',(0.403628769983572,0.142560640756051,0.0352504118261689));
#6737=CARTESIAN_POINT('Ctrl Pts',(0.32007874015748,0.162100457627442,0.336227470303084));
#6738=CARTESIAN_POINT('Ctrl Pts',(0.350713960686906,0.157033835352977,0.31467583790553));
#6739=CARTESIAN_POINT('Ctrl Pts',(0.357478634178307,0.151962830978501,0.263271611354877));
#6740=CARTESIAN_POINT('Ctrl Pts',(0.367416431377496,0.144705169875391,0.140488065148285));
#6741=CARTESIAN_POINT('Ctrl Pts',(0.370875739281665,0.142298001139064,0.0712550004630064));
#6742=CARTESIAN_POINT('Ctrl Pts',(0.403628769983573,0.139893115748767,0.0352504118261689));
#6743=CARTESIAN_POINT('Ctrl Pts',(0.32007874015748,0.148199667406016,0.336227470303083));
#6744=CARTESIAN_POINT('Ctrl Pts',(0.350713960686905,0.145711331457648,0.31467583790553));
#6745=CARTESIAN_POINT('Ctrl Pts',(0.357478634178306,0.143220843358125,0.263271611354877));
#6746=CARTESIAN_POINT('Ctrl Pts',(0.367416431377495,0.139663306713735,0.140488065148285));
#6747=CARTESIAN_POINT('Ctrl Pts',(0.370875739281664,0.138487348289266,0.0712550004630065));
#6748=CARTESIAN_POINT('Ctrl Pts',(0.403628769983572,0.137312505332922,0.0352504118261689));
#6749=CARTESIAN_POINT('Ctrl Pts',(0.32007874015748,0.139074803149606,0.336227470303083));
#6750=CARTESIAN_POINT('Ctrl Pts',(0.350713960686905,0.138268053327188,0.31467583790553));
#6751=CARTESIAN_POINT('Ctrl Pts',(0.357478634178306,0.137460605750287,0.263271611354877));
#6752=CARTESIAN_POINT('Ctrl Pts',(0.367416431377495,0.13631182671124,0.140488065148285));
#6753=CARTESIAN_POINT('Ctrl Pts',(0.370875739281664,0.135934774241581,0.0712550004630065));
#6754=CARTESIAN_POINT('Ctrl Pts',(0.403628769983572,0.135558079429134,0.0352504118261689));
#6755=CARTESIAN_POINT('Ctrl Pts',(0.32007874015748,0.134645669291339,0.336227470303083));
#6756=CARTESIAN_POINT('Ctrl Pts',(0.350713960686905,0.134645669291339,0.31467583790553));
#6757=CARTESIAN_POINT('Ctrl Pts',(0.357478634178306,0.134645669291339,0.263271611354877));
#6758=CARTESIAN_POINT('Ctrl Pts',(0.367416431377495,0.134645669291339,0.140488065148285));
#6759=CARTESIAN_POINT('Ctrl Pts',(0.370875739281664,0.134645669291339,0.0712550004630065));
#6760=CARTESIAN_POINT('Ctrl Pts',(0.403628769983572,0.134645669291339,0.0352504118261689));
#6761=CARTESIAN_POINT('',(0.32007874015748,0.134645669291339,0.342132982114107));
#6762=CARTESIAN_POINT('',(0.32007874015748,0.134645669291339,0.336227470303083));
#6763=CARTESIAN_POINT('Ctrl Pts',(0.32007874015748,0.134645669291339,0.336227470303083));
#6764=CARTESIAN_POINT('Ctrl Pts',(0.32007874015748,0.152219322877695,0.336227470303083));
#6765=CARTESIAN_POINT('Ctrl Pts',(0.32007874015753,0.169792582763264,0.336227470303048));
#6766=CARTESIAN_POINT('Ctrl Pts',(0.32007874015753,0.187902042338395,0.336227470303048));
#6767=CARTESIAN_POINT('Ctrl Pts',(0.32007874015753,0.18819971972456,0.336227470303048));
#6768=CARTESIAN_POINT('Ctrl Pts',(0.32007874015753,0.188971279553835,0.336428874471655));
#6769=CARTESIAN_POINT('Ctrl Pts',(0.32007874015753,0.189303472183091,0.33663135114609));
#6770=CARTESIAN_POINT('Ctrl Pts',(0.32007874015753,0.189880182411782,0.337052089892778));
#6771=CARTESIAN_POINT('Ctrl Pts',(0.32007874015753,0.190138898360194,0.337347517510494));
#6772=CARTESIAN_POINT('Ctrl Pts',(0.32007874015753,0.190522916688729,0.337976374752933));
#6773=CARTESIAN_POINT('Ctrl Pts',(0.32007874015753,0.190651091537514,0.338333992962761));
#6774=CARTESIAN_POINT('Ctrl Pts',(0.32007874015753,0.190762478879377,0.339055884092517));
#6775=CARTESIAN_POINT('Ctrl Pts',(0.32007874015753,0.190763356451783,0.339461590766155));
#6776=CARTESIAN_POINT('Ctrl Pts',(0.32007874015753,0.190580952240084,0.340241309232001));
#6777=CARTESIAN_POINT('Ctrl Pts',(0.32007874015753,0.190426302902377,0.340582178890084));
#6778=CARTESIAN_POINT('Ctrl Pts',(0.32007874015753,0.190005502847268,0.341164932024068));
#6779=CARTESIAN_POINT('Ctrl Pts',(0.32007874015753,0.18972402609158,0.341450657069379));
#6780=CARTESIAN_POINT('Ctrl Pts',(0.32007874015753,0.188939023240429,0.341942484138058));
#6781=CARTESIAN_POINT('Ctrl Pts',(0.32007874015753,0.18860815038614,0.342042330568923));
#6782=CARTESIAN_POINT('Ctrl Pts',(0.32007874015753,0.188079555410342,0.34213298211407));
#6783=CARTESIAN_POINT('Ctrl Pts',(0.32007874015753,0.18786797162672,0.34213298211407));
#6784=CARTESIAN_POINT('Ctrl Pts',(0.32007874015753,0.169608990928175,0.34213298211407));
#6785=CARTESIAN_POINT('Ctrl Pts',(0.32007874015748,0.15212752696015,0.342132982114107));
#6786=CARTESIAN_POINT('Ctrl Pts',(0.32007874015748,0.134645669291339,0.342132982114107));
#6787=CARTESIAN_POINT('',(0.406535790229274,0.134645669291339,0.0379054568900319));
#6788=CARTESIAN_POINT('Ctrl Pts',(0.32007874015748,0.134645669291339,0.342132982114107));
#6789=CARTESIAN_POINT('Ctrl Pts',(0.352467995253061,0.134645669291339,0.317844163485738));
#6790=CARTESIAN_POINT('Ctrl Pts',(0.360988220367637,0.134645669291339,0.263700383323565));
#6791=CARTESIAN_POINT('Ctrl Pts',(0.371743870673433,0.134645669291339,0.140096398901608));
#6792=CARTESIAN_POINT('Ctrl Pts',(0.374492632054176,0.134645669291339,0.0723874127121983));
#6793=CARTESIAN_POINT('Ctrl Pts',(0.406535790229274,0.134645669291339,0.0379054568900319));
#6794=CARTESIAN_POINT('',(0.403628769983572,0.134645669291339,0.0352504118261689));
#6795=CARTESIAN_POINT('Ctrl Pts',(0.406535790229274,0.134645669291339,0.0379054568900319));
#6796=CARTESIAN_POINT('Ctrl Pts',(0.406535790229274,0.138175730251215,0.0379054568900318));
#6797=CARTESIAN_POINT('Ctrl Pts',(0.406535790229274,0.141705397510305,0.037905456890032));
#6798=CARTESIAN_POINT('Ctrl Pts',(0.406535790229274,0.145637022407601,0.037905456890032));
#6799=CARTESIAN_POINT('Ctrl Pts',(0.406535790229274,0.14575541362173,0.0379054568900319));
#6800=CARTESIAN_POINT('Ctrl Pts',(0.406499913423915,0.146101790674656,0.0378726898203442));
#6801=CARTESIAN_POINT('Ctrl Pts',(0.40645656969001,0.146292085065134,0.0378331030417782));
#6802=CARTESIAN_POINT('Ctrl Pts',(0.406289196543382,0.146728473827536,0.0376802374924461));
#6803=CARTESIAN_POINT('Ctrl Pts',(0.406152068090059,0.146926857664426,0.0375549950818893));
#6804=CARTESIAN_POINT('Ctrl Pts',(0.40587271922891,0.147243019932224,0.0372998596675461));
#6805=CARTESIAN_POINT('Ctrl Pts',(0.405704464673196,0.147381093742296,0.0371461891080509));
#6806=CARTESIAN_POINT('Ctrl Pts',(0.405396440722698,0.147538027696387,0.0368648641084985));
#6807=CARTESIAN_POINT('Ctrl Pts',(0.405257638353879,0.147579848753835,0.0367380928743698));
#6808=CARTESIAN_POINT('Ctrl Pts',(0.404976531120743,0.147589191027648,0.0364813515004984));
#6809=CARTESIAN_POINT('Ctrl Pts',(0.404835844966692,0.147556459023594,0.0363528597641849));
#6810=CARTESIAN_POINT('Ctrl Pts',(0.404521730091978,0.147419426092313,0.0360659717905532));
#6811=CARTESIAN_POINT('Ctrl Pts',(0.404348513540193,0.147292047035148,0.0359077693317036));
#6812=CARTESIAN_POINT('Ctrl Pts',(0.404056535513098,0.146989940901481,0.0356410994243499));
#6813=CARTESIAN_POINT('Ctrl Pts',(0.403915667605413,0.146800178332923,0.0355124416884752));
#6814=CARTESIAN_POINT('Ctrl Pts',(0.403732204061322,0.146368853163389,0.0353448804278137));
#6815=CARTESIAN_POINT('Ctrl Pts',(0.40368040203922,0.146171475997573,0.0352975685099544));
#6816=CARTESIAN_POINT('Ctrl Pts',(0.403628769983572,0.145784595531927,0.0352504118261689));
#6817=CARTESIAN_POINT('Ctrl Pts',(0.403628769983572,0.145641023079731,0.035250411826169));
#6818=CARTESIAN_POINT('Ctrl Pts',(0.403628769983572,0.141748344776221,0.0352504118261689));
#6819=CARTESIAN_POINT('Ctrl Pts',(0.403628769983572,0.138197203884173,0.0352504118261689));
#6820=CARTESIAN_POINT('Ctrl Pts',(0.403628769983572,0.134645669291339,0.0352504118261689));
#6821=CARTESIAN_POINT('Ctrl Pts',(0.32007874015748,0.134645669291339,0.336227470303083));
#6822=CARTESIAN_POINT('Ctrl Pts',(0.350740456958568,0.134645669291339,0.314657197990526));
#6823=CARTESIAN_POINT('Ctrl Pts',(0.363622489618436,0.134645669291339,0.216418344410387));
#6824=CARTESIAN_POINT('Ctrl Pts',(0.370875739281664,0.134645669291339,0.0712550004630065));
#6825=CARTESIAN_POINT('Ctrl Pts',(0.403628769983572,0.134645669291339,0.0352504118261689));
#6826=CARTESIAN_POINT('Ctrl Pts',(-0.32007874015748,-0.101574803149606,
0.336227470303083));
#6827=CARTESIAN_POINT('Ctrl Pts',(-0.350713960686905,-0.101574803149606,
0.31467583790553));
#6828=CARTESIAN_POINT('Ctrl Pts',(-0.357478634178306,-0.101574803149606,
0.263271611354877));
#6829=CARTESIAN_POINT('Ctrl Pts',(-0.367416431377495,-0.101574803149606,
0.140488065148285));
#6830=CARTESIAN_POINT('Ctrl Pts',(-0.370875739281664,-0.101574803149606,
0.0712550004630065));
#6831=CARTESIAN_POINT('Ctrl Pts',(-0.403628769983572,-0.101574803149606,
0.0352504118261689));
#6832=CARTESIAN_POINT('Ctrl Pts',(-0.32007874015748,-0.106003937007874,
0.336227470303083));
#6833=CARTESIAN_POINT('Ctrl Pts',(-0.350713960686905,-0.105197187185456,
0.31467583790553));
#6834=CARTESIAN_POINT('Ctrl Pts',(-0.357478634178306,-0.104389739608555,
0.263271611354877));
#6835=CARTESIAN_POINT('Ctrl Pts',(-0.367416431377495,-0.103240960569508,
0.140488065148285));
#6836=CARTESIAN_POINT('Ctrl Pts',(-0.370875739281664,-0.102863908099849,
0.0712550004630065));
#6837=CARTESIAN_POINT('Ctrl Pts',(-0.403628769983572,-0.102487213287402,
0.0352504118261689));
#6838=CARTESIAN_POINT('Ctrl Pts',(-0.320078740157481,-0.115128801264283,
0.336227470303084));
#6839=CARTESIAN_POINT('Ctrl Pts',(-0.350713960686906,-0.112640465315916,
0.31467583790553));
#6840=CARTESIAN_POINT('Ctrl Pts',(-0.357478634178307,-0.110149977216393,
0.263271611354877));
#6841=CARTESIAN_POINT('Ctrl Pts',(-0.367416431377495,-0.106592440572003,
0.140488065148285));
#6842=CARTESIAN_POINT('Ctrl Pts',(-0.370875739281664,-0.105416482147533,
0.0712550004630066));
#6843=CARTESIAN_POINT('Ctrl Pts',(-0.403628769983572,-0.10424163919119,
0.0352504118261689));
#6844=CARTESIAN_POINT('Ctrl Pts',(-0.32007874015748,-0.12902959148571,0.336227470303083));
#6845=CARTESIAN_POINT('Ctrl Pts',(-0.350713960686905,-0.123962969211245,
0.314675837905529));
#6846=CARTESIAN_POINT('Ctrl Pts',(-0.357478634178306,-0.118891964836769,
0.263271611354876));
#6847=CARTESIAN_POINT('Ctrl Pts',(-0.367416431377495,-0.111634303733658,
0.140488065148285));
#6848=CARTESIAN_POINT('Ctrl Pts',(-0.370875739281664,-0.109227134997332,
0.0712550004630063));
#6849=CARTESIAN_POINT('Ctrl Pts',(-0.403628769983572,-0.106822249607035,
0.0352504118261689));
#6850=CARTESIAN_POINT('Ctrl Pts',(-0.32007874015748,-0.142450427090325,
0.336227470303084));
#6851=CARTESIAN_POINT('Ctrl Pts',(-0.350713960686906,-0.134937172217933,
0.31467583790553));
#6852=CARTESIAN_POINT('Ctrl Pts',(-0.357478634178307,-0.127417419163425,
0.263271611354877));
#6853=CARTESIAN_POINT('Ctrl Pts',(-0.367416431377496,-0.116644612734275,
0.140488065148285));
#6854=CARTESIAN_POINT('Ctrl Pts',(-0.370875739281665,-0.113065496169365,
0.0712550004630066));
#6855=CARTESIAN_POINT('Ctrl Pts',(-0.403628769983572,-0.109489774614318,
0.0352504118261689));
#6856=CARTESIAN_POINT('Ctrl Pts',(-0.32007874015748,-0.150758984578165,
0.336227470303083));
#6857=CARTESIAN_POINT('Ctrl Pts',(-0.350713960686905,-0.141775539370368,
0.31467583790553));
#6858=CARTESIAN_POINT('Ctrl Pts',(-0.357478634178306,-0.132784324419099,
0.263271611354877));
#6859=CARTESIAN_POINT('Ctrl Pts',(-0.367416431377495,-0.119934262298794,
0.140488065148285));
#6860=CARTESIAN_POINT('Ctrl Pts',(-0.370875739281665,-0.115682810507708,
0.0712550004630065));
#6861=CARTESIAN_POINT('Ctrl Pts',(-0.403628769983572,-0.11143539147736,
0.0352504118261689));
#6862=CARTESIAN_POINT('Ctrl Pts',(-0.32007874015748,-0.155342778781883,
0.336227470303083));
#6863=CARTESIAN_POINT('Ctrl Pts',(-0.350713960686905,-0.145553004378706,
0.31467583790553));
#6864=CARTESIAN_POINT('Ctrl Pts',(-0.357478634178306,-0.135754762841373,
0.263271611354877));
#6865=CARTESIAN_POINT('Ctrl Pts',(-0.367416431377495,-0.121823565588824,
0.140488065148285));
#6866=CARTESIAN_POINT('Ctrl Pts',(-0.370875739281664,-0.117256336532363,
0.0712550004630065));
#6867=CARTESIAN_POINT('Ctrl Pts',(-0.403628769983572,-0.112693439770592,
0.0352504118261689));
#6868=CARTESIAN_POINT('Ctrl Pts',(-0.32007874015748,-0.156202725597225,
0.336542307975266));
#6869=CARTESIAN_POINT('Ctrl Pts',(-0.35078445645021,-0.146306498011445,
0.314855754976075));
#6870=CARTESIAN_POINT('Ctrl Pts',(-0.357619686676401,-0.136401711220606,
0.263316491131531));
#6871=CARTESIAN_POINT('Ctrl Pts',(-0.367559200891141,-0.122320865235315,
0.140447069462912));
#6872=CARTESIAN_POINT('Ctrl Pts',(-0.37096157076896,-0.11770564689003,0.0712477377974929));
#6873=CARTESIAN_POINT('Ctrl Pts',(-0.403657717453701,-0.113094806360195,
0.0352768501826927));
#6874=CARTESIAN_POINT('Ctrl Pts',(-0.32007874015748,-0.157360045461623,
0.337531157166466));
#6875=CARTESIAN_POINT('Ctrl Pts',(-0.351092898625208,-0.147314999448614,
0.315401103835561));
#6876=CARTESIAN_POINT('Ctrl Pts',(-0.358236837796719,-0.137261265518122,
0.263417956077757));
#6877=CARTESIAN_POINT('Ctrl Pts',(-0.368251320806904,-0.123100087354329,
0.140354385536891));
#6878=CARTESIAN_POINT('Ctrl Pts',(-0.371466021418934,-0.118535185388967,
0.0713462294756278));
#6879=CARTESIAN_POINT('Ctrl Pts',(-0.403974676853605,-0.113974613510908,
0.0355663361232889));
#6880=CARTESIAN_POINT('Ctrl Pts',(-0.32007874015748,-0.157872090826766,
0.339147152074873));
#6881=CARTESIAN_POINT('Ctrl Pts',(-0.351577673050625,-0.147742321044459,
0.31623708128914));
#6882=CARTESIAN_POINT('Ctrl Pts',(-0.359206805926888,-0.137603790067442,
0.263473241442735));
#6883=CARTESIAN_POINT('Ctrl Pts',(-0.369570377681041,-0.123598996153868,
0.140303883930291));
#6884=CARTESIAN_POINT('Ctrl Pts',(-0.372700802359367,-0.119246871415395,
0.0718466671496062));
#6885=CARTESIAN_POINT('Ctrl Pts',(-0.405125261801185,-0.114898874932078,
0.0366171904784121));
#6886=CARTESIAN_POINT('Ctrl Pts',(-0.320078740157481,-0.15739390399841,
0.34078157817449));
#6887=CARTESIAN_POINT('Ctrl Pts',(-0.35207180619113,-0.147350742890612,
0.317087646893348));
#6888=CARTESIAN_POINT('Ctrl Pts',(-0.360195499581544,-0.137298895495578,
0.263539268593933));
#6889=CARTESIAN_POINT('Ctrl Pts',(-0.370891164562165,-0.12309862771005,
0.140243570219108));
#6890=CARTESIAN_POINT('Ctrl Pts',(-0.37391406371489,-0.118496550487528,
0.0723217571407678));
#6891=CARTESIAN_POINT('Ctrl Pts',(-0.406231099625611,-0.113898838615302,
0.0376271763089256));
#6892=CARTESIAN_POINT('Ctrl Pts',(-0.32007874015748,-0.156239407305689,
0.34179546508998));
#6893=CARTESIAN_POINT('Ctrl Pts',(-0.352393654644603,-0.146341272288571,
0.317650399572338));
#6894=CARTESIAN_POINT('Ctrl Pts',(-0.360839474853846,-0.136434576416664,
0.263650496852344));
#6895=CARTESIAN_POINT('Ctrl Pts',(-0.371596733489672,-0.122326592094241,
0.140141967971506));
#6896=CARTESIAN_POINT('Ctrl Pts',(-0.37440865303713,-0.117688233372853,
0.0724006464842733));
#6897=CARTESIAN_POINT('Ctrl Pts',(-0.406514909469579,-0.113054274416971,
0.037886386036281));
#6898=CARTESIAN_POINT('Ctrl Pts',(-0.32007874015748,-0.155374056736821,
0.342132982114107));
#6899=CARTESIAN_POINT('Ctrl Pts',(-0.35246799525306,-0.145576916800565,
0.317844163485738));
#6900=CARTESIAN_POINT('Ctrl Pts',(-0.360988220367637,-0.135771303359735,
0.263700383323565));
#6901=CARTESIAN_POINT('Ctrl Pts',(-0.371743870673433,-0.121825705664364,
0.140096398901607));
#6902=CARTESIAN_POINT('Ctrl Pts',(-0.374492632054176,-0.117251470088897,
0.0723874127121983));
#6903=CARTESIAN_POINT('Ctrl Pts',(-0.406535790229274,-0.112681573454231,
0.0379054568900319));
#6904=CARTESIAN_POINT('Ctrl Pts',(-0.32007874015748,-0.146392406630273,
0.342132982114107));
#6905=CARTESIAN_POINT('Ctrl Pts',(-0.35246799525306,-0.138200980178618,
0.317844163485738));
#6906=CARTESIAN_POINT('Ctrl Pts',(-0.360988220367637,-0.130002468997139,
0.263700383323565));
#6907=CARTESIAN_POINT('Ctrl Pts',(-0.371743870673433,-0.118272385030006,
0.140096398901607));
#6908=CARTESIAN_POINT('Ctrl Pts',(-0.374492632054176,-0.114383972670457,
0.0723874127121983));
#6909=CARTESIAN_POINT('Ctrl Pts',(-0.406535790229274,-0.110499248706652,
0.0379054568900319));
#6910=CARTESIAN_POINT('Ctrl Pts',(-0.32007874015748,-0.129012986892516,
0.342132982114107));
#6911=CARTESIAN_POINT('Ctrl Pts',(-0.35246799525306,-0.123957493365145,
0.317844163485738));
#6912=CARTESIAN_POINT('Ctrl Pts',(-0.360988220367636,-0.118897627362969,
0.263700383323565));
#6913=CARTESIAN_POINT('Ctrl Pts',(-0.371743870673432,-0.11163424699706,
0.140096398901607));
#6914=CARTESIAN_POINT('Ctrl Pts',(-0.374492632054176,-0.109212632554053,
0.0723874127121982));
#6915=CARTESIAN_POINT('Ctrl Pts',(-0.406535790229274,-0.106793315159708,
0.0379054568900319));
#6916=CARTESIAN_POINT('Ctrl Pts',(-0.32007874015748,-0.101574803149606,
0.342132982114107));
#6917=CARTESIAN_POINT('Ctrl Pts',(-0.352467995253061,-0.101574803149606,
0.317844163485738));
#6918=CARTESIAN_POINT('Ctrl Pts',(-0.360988220367637,-0.101574803149606,
0.263700383323565));
#6919=CARTESIAN_POINT('Ctrl Pts',(-0.371743870673433,-0.101574803149606,
0.140096398901608));
#6920=CARTESIAN_POINT('Ctrl Pts',(-0.374492632054176,-0.101574803149606,
0.0723874127121984));
#6921=CARTESIAN_POINT('Ctrl Pts',(-0.406535790229273,-0.101574803149606,
0.0379054568900319));
#6922=CARTESIAN_POINT('Ctrl Pts',(-0.32007874015748,-0.0741366194066967,
0.342132982114107));
#6923=CARTESIAN_POINT('Ctrl Pts',(-0.35246799525306,-0.0791921129340683,
0.317844163485738));
#6924=CARTESIAN_POINT('Ctrl Pts',(-0.360988220367636,-0.0842519789362443,
0.263700383323565));
#6925=CARTESIAN_POINT('Ctrl Pts',(-0.371743870673432,-0.0915153593021528,
0.140096398901607));
#6926=CARTESIAN_POINT('Ctrl Pts',(-0.374492632054175,-0.0939369737451595,
0.0723874127121982));
#6927=CARTESIAN_POINT('Ctrl Pts',(-0.406535790229274,-0.096356291139504,
0.0379054568900319));
#6928=CARTESIAN_POINT('Ctrl Pts',(-0.32007874015748,-0.0567571996689398,
0.342132982114107));
#6929=CARTESIAN_POINT('Ctrl Pts',(-0.35246799525306,-0.0649486261205946,
0.317844163485738));
#6930=CARTESIAN_POINT('Ctrl Pts',(-0.360988220367637,-0.0731471373020739,
0.263700383323565));
#6931=CARTESIAN_POINT('Ctrl Pts',(-0.371743870673433,-0.0848772212692065,
0.140096398901607));
#6932=CARTESIAN_POINT('Ctrl Pts',(-0.374492632054176,-0.0887656336287559,
0.0723874127121983));
#6933=CARTESIAN_POINT('Ctrl Pts',(-0.406535790229274,-0.0926503575925602,
0.0379054568900319));
#6934=CARTESIAN_POINT('Ctrl Pts',(-0.32007874015748,-0.0477755495623915,
0.342132982114107));
#6935=CARTESIAN_POINT('Ctrl Pts',(-0.35246799525306,-0.057572689498648,
0.317844163485738));
#6936=CARTESIAN_POINT('Ctrl Pts',(-0.360988220367637,-0.0673783029394781,
0.263700383323565));
#6937=CARTESIAN_POINT('Ctrl Pts',(-0.371743870673433,-0.0813239006348491,
0.140096398901607));
#6938=CARTESIAN_POINT('Ctrl Pts',(-0.374492632054176,-0.0858981362103153,
0.0723874127121983));
#6939=CARTESIAN_POINT('Ctrl Pts',(-0.406535790229274,-0.0904680328449815,
0.0379054568900319));
#6940=CARTESIAN_POINT('Ctrl Pts',(-0.320078740157481,-0.0469101989935236,
0.34179546508998));
#6941=CARTESIAN_POINT('Ctrl Pts',(-0.352393670368481,-0.0568083667227132,
0.317650413933298));
#6942=CARTESIAN_POINT('Ctrl Pts',(-0.360839506315201,-0.0667150953349838,
0.263650525586686));
#6943=CARTESIAN_POINT('Ctrl Pts',(-0.371596704751278,-0.0808229544174032,
0.140141941724103));
#6944=CARTESIAN_POINT('Ctrl Pts',(-0.374408556407411,-0.0854611718971733,
0.0724005582302408));
#6945=CARTESIAN_POINT('Ctrl Pts',(-0.406514745012934,-0.0900949897454137,
0.0378862358344359));
#6946=CARTESIAN_POINT('Ctrl Pts',(-0.32007874015748,-0.045755702300803,
0.34078157817449));
#6947=CARTESIAN_POINT('Ctrl Pts',(-0.352071833016388,-0.0557989565922265,
0.317087671393442));
#6948=CARTESIAN_POINT('Ctrl Pts',(-0.360195553255261,-0.0658508972514804,
0.26353931761531));
#6949=CARTESIAN_POINT('Ctrl Pts',(-0.370891115533875,-0.0800508082782596,
0.1402435254405));
#6950=CARTESIAN_POINT('Ctrl Pts',(-0.373913898862605,-0.0846524831598288,
0.0723216065775769));
#6951=CARTESIAN_POINT('Ctrl Pts',(-0.406230819059198,-0.0892497930727464,
0.0376269200614947));
#6952=CARTESIAN_POINT('Ctrl Pts',(-0.320078740157481,-0.0452775154724458,
0.339147152074873));
#6953=CARTESIAN_POINT('Ctrl Pts',(-0.351577519524622,-0.0554071901150771,
0.316236941070489));
#6954=CARTESIAN_POINT('Ctrl Pts',(-0.359206498742098,-0.0655456258701322,
0.263472960884159));
#6955=CARTESIAN_POINT('Ctrl Pts',(-0.369570658279181,-0.0795507840313036,
0.1403041402067));
#6956=CARTESIAN_POINT('Ctrl Pts',(-0.372701745840045,-0.0839033195564093,
0.0718475288511102));
#6957=CARTESIAN_POINT('Ctrl Pts',(-0.405126867535617,-0.0882517264367039,
0.0366186570307289));
#6958=CARTESIAN_POINT('Ctrl Pts',(-0.32007874015748,-0.0457895608375895,
0.337531157166466));
#6959=CARTESIAN_POINT('Ctrl Pts',(-0.351092870061595,-0.0558346231106308,
0.31540107774779));
#6960=CARTESIAN_POINT('Ctrl Pts',(-0.358236780644789,-0.065888373315218,
0.263417903879651));
#6961=CARTESIAN_POINT('Ctrl Pts',(-0.36825137301237,-0.0800494892265649,
0.140354433217283));
#6962=CARTESIAN_POINT('Ctrl Pts',(-0.371466196954127,-0.0846143209856358,
0.0713463897957521));
#6963=CARTESIAN_POINT('Ctrl Pts',(-0.403974975601539,-0.0891748227239986,
0.0355666089762999));
#6964=CARTESIAN_POINT('Ctrl Pts',(-0.32007874015748,-0.0469468807019877,
0.336542307975266));
#6965=CARTESIAN_POINT('Ctrl Pts',(-0.350784455557427,-0.0568431179227606,
0.314855754160676));
#6966=CARTESIAN_POINT('Ctrl Pts',(-0.357619684890062,-0.0667479143569261,
0.263316489500028));
#6967=CARTESIAN_POINT('Ctrl Pts',(-0.367559202522873,-0.0808287234541038,
0.140447070953209));
#6968=CARTESIAN_POINT('Ctrl Pts',(-0.370961576255484,-0.0854439001981705,
0.071247742808455));
#6969=CARTESIAN_POINT('Ctrl Pts',(-0.40365772679136,-0.0900546991662473,
0.0352768587109802));
#6970=CARTESIAN_POINT('Ctrl Pts',(-0.32007874015748,-0.0478068275173295,
0.336227470303083));
#6971=CARTESIAN_POINT('Ctrl Pts',(-0.350713960686905,-0.0575966019205071,
0.31467583790553));
#6972=CARTESIAN_POINT('Ctrl Pts',(-0.357478634178306,-0.0673948434578401,
0.263271611354877));
#6973=CARTESIAN_POINT('Ctrl Pts',(-0.367416431377495,-0.0813260407103889,
0.140488065148285));
#6974=CARTESIAN_POINT('Ctrl Pts',(-0.370875739281664,-0.0858932697668497,
0.0712550004630065));
#6975=CARTESIAN_POINT('Ctrl Pts',(-0.403628769983572,-0.0904561665286201,
0.0352504118261689));
#6976=CARTESIAN_POINT('Ctrl Pts',(-0.32007874015748,-0.0523906217210473,
0.336227470303083));
#6977=CARTESIAN_POINT('Ctrl Pts',(-0.350713960686905,-0.0613740669288448,
0.31467583790553));
#6978=CARTESIAN_POINT('Ctrl Pts',(-0.357478634178306,-0.0703652818801133,
0.263271611354877));
#6979=CARTESIAN_POINT('Ctrl Pts',(-0.367416431377495,-0.0832153440004184,
0.140488065148285));
#6980=CARTESIAN_POINT('Ctrl Pts',(-0.370875739281664,-0.0874667957915046,
0.0712550004630065));
#6981=CARTESIAN_POINT('Ctrl Pts',(-0.403628769983572,-0.0917142148218527,
0.0352504118261689));
#6982=CARTESIAN_POINT('Ctrl Pts',(-0.32007874015748,-0.0606991792088871,
0.336227470303083));
#6983=CARTESIAN_POINT('Ctrl Pts',(-0.350713960686905,-0.0682124340812791,
0.31467583790553));
#6984=CARTESIAN_POINT('Ctrl Pts',(-0.357478634178306,-0.0757321871357872,
0.263271611354877));
#6985=CARTESIAN_POINT('Ctrl Pts',(-0.367416431377495,-0.0865049935649377,
0.140488065148285));
#6986=CARTESIAN_POINT('Ctrl Pts',(-0.370875739281664,-0.0900841101298472,
0.0712550004630065));
#6987=CARTESIAN_POINT('Ctrl Pts',(-0.403628769983572,-0.0936598316848942,
0.0352504118261689));
#6988=CARTESIAN_POINT('Ctrl Pts',(-0.32007874015748,-0.0741200148135031,
0.336227470303084));
#6989=CARTESIAN_POINT('Ctrl Pts',(-0.350713960686906,-0.0791866370879682,
0.31467583790553));
#6990=CARTESIAN_POINT('Ctrl Pts',(-0.357478634178307,-0.0842576414624436,
0.263271611354877));
#6991=CARTESIAN_POINT('Ctrl Pts',(-0.367416431377496,-0.0915153025655544,
0.140488065148285));
#6992=CARTESIAN_POINT('Ctrl Pts',(-0.370875739281665,-0.0939224713018811,
0.0712550004630064));
#6993=CARTESIAN_POINT('Ctrl Pts',(-0.403628769983573,-0.0963273566921775,
0.0352504118261689));
#6994=CARTESIAN_POINT('Ctrl Pts',(-0.32007874015748,-0.0880208050349294,
0.336227470303083));
#6995=CARTESIAN_POINT('Ctrl Pts',(-0.350713960686905,-0.0905091409832965,
0.31467583790553));
#6996=CARTESIAN_POINT('Ctrl Pts',(-0.357478634178306,-0.0929996290828196,
0.263271611354877));
#6997=CARTESIAN_POINT('Ctrl Pts',(-0.367416431377495,-0.0965571657272095,
0.140488065148285));
#6998=CARTESIAN_POINT('Ctrl Pts',(-0.370875739281664,-0.0977331241516794,
0.0712550004630065));
#6999=CARTESIAN_POINT('Ctrl Pts',(-0.403628769983572,-0.0989079671080228,
0.0352504118261689));
#7000=CARTESIAN_POINT('Ctrl Pts',(-0.32007874015748,-0.0971456692913386,
0.336227470303083));
#7001=CARTESIAN_POINT('Ctrl Pts',(-0.350713960686905,-0.0979524191137569,
0.31467583790553));
#7002=CARTESIAN_POINT('Ctrl Pts',(-0.357478634178306,-0.098759866690658,
0.263271611354877));
#7003=CARTESIAN_POINT('Ctrl Pts',(-0.367416431377495,-0.0999086457297044,
0.140488065148285));
#7004=CARTESIAN_POINT('Ctrl Pts',(-0.370875739281664,-0.100285698199364,
0.0712550004630065));
#7005=CARTESIAN_POINT('Ctrl Pts',(-0.403628769983572,-0.100662393011811,
0.0352504118261689));
#7006=CARTESIAN_POINT('Ctrl Pts',(-0.32007874015748,-0.101574803149606,
0.336227470303083));
#7007=CARTESIAN_POINT('Ctrl Pts',(-0.350713960686905,-0.101574803149606,
0.31467583790553));
#7008=CARTESIAN_POINT('Ctrl Pts',(-0.357478634178306,-0.101574803149606,
0.263271611354877));
#7009=CARTESIAN_POINT('Ctrl Pts',(-0.367416431377495,-0.101574803149606,
0.140488065148285));
#7010=CARTESIAN_POINT('Ctrl Pts',(-0.370875739281664,-0.101574803149606,
0.0712550004630065));
#7011=CARTESIAN_POINT('Ctrl Pts',(-0.403628769983572,-0.101574803149606,
0.0352504118261689));
#7012=CARTESIAN_POINT('',(-0.32007874015748,-0.101574803149606,0.336227470303083));
#7013=CARTESIAN_POINT('',(-0.32007874015748,-0.101574803149606,0.342132982114107));
#7014=CARTESIAN_POINT('Ctrl Pts',(-0.32007874015748,-0.101574803149606,
0.336227470303083));
#7015=CARTESIAN_POINT('Ctrl Pts',(-0.32007874015748,-0.119246835902629,
0.336227470303083));
#7016=CARTESIAN_POINT('Ctrl Pts',(-0.32007874015748,-0.136918868655652,
0.336227470303083));
#7017=CARTESIAN_POINT('Ctrl Pts',(-0.32007874015748,-0.154892886586933,
0.336227470303084));
#7018=CARTESIAN_POINT('Ctrl Pts',(-0.32007874015748,-0.155302587631443,
0.336227470303084));
#7019=CARTESIAN_POINT('Ctrl Pts',(-0.32007874015748,-0.156096176057441,
0.336543632160193));
#7020=CARTESIAN_POINT('Ctrl Pts',(-0.32007874015748,-0.156465803437428,
0.336761103767489));
#7021=CARTESIAN_POINT('Ctrl Pts',(-0.32007874015748,-0.157035236581726,
0.337311044142186));
#7022=CARTESIAN_POINT('Ctrl Pts',(-0.32007874015748,-0.157271796112876,
0.337620082397406));
#7023=CARTESIAN_POINT('Ctrl Pts',(-0.32007874015748,-0.157593741623206,
0.338372054711878));
#7024=CARTESIAN_POINT('Ctrl Pts',(-0.32007874015748,-0.157669956373741,
0.33875838876058));
#7025=CARTESIAN_POINT('Ctrl Pts',(-0.32007874015748,-0.157678120373477,
0.339542133089361));
#7026=CARTESIAN_POINT('Ctrl Pts',(-0.32007874015748,-0.157610385370327,
0.339929130668183));
#7027=CARTESIAN_POINT('Ctrl Pts',(-0.32007874015748,-0.157320012420534,
0.340649007361673));
#7028=CARTESIAN_POINT('Ctrl Pts',(-0.32007874015748,-0.157106045656262,
0.340967528367977));
#7029=CARTESIAN_POINT('Ctrl Pts',(-0.32007874015748,-0.156511892080818,
0.3415651598345));
#7030=CARTESIAN_POINT('Ctrl Pts',(-0.32007874015748,-0.156136706631427,
0.341794405155513));
#7031=CARTESIAN_POINT('Ctrl Pts',(-0.32007874015748,-0.155334299131264,
0.342132982114107));
#7032=CARTESIAN_POINT('Ctrl Pts',(-0.32007874015748,-0.154907906645407,
0.342132982114107));
#7033=CARTESIAN_POINT('Ctrl Pts',(-0.32007874015748,-0.136956803897986,
0.342132982114107));
#7034=CARTESIAN_POINT('Ctrl Pts',(-0.32007874015748,-0.11926600037419,0.342132982114107));
#7035=CARTESIAN_POINT('Ctrl Pts',(-0.32007874015748,-0.101574803149606,
0.342132982114107));
#7036=CARTESIAN_POINT('',(-0.406535790229274,-0.101574803149606,0.0379054568900319));
#7037=CARTESIAN_POINT('Ctrl Pts',(-0.32007874015748,-0.101574803149606,
0.342132982114107));
#7038=CARTESIAN_POINT('Ctrl Pts',(-0.352467995253061,-0.101574803149606,
0.317844163485738));
#7039=CARTESIAN_POINT('Ctrl Pts',(-0.360988220367637,-0.101574803149606,
0.263700383323565));
#7040=CARTESIAN_POINT('Ctrl Pts',(-0.371743870673433,-0.101574803149606,
0.140096398901608));
#7041=CARTESIAN_POINT('Ctrl Pts',(-0.374492632054176,-0.101574803149606,
0.0723874127121983));
#7042=CARTESIAN_POINT('Ctrl Pts',(-0.406535790229274,-0.101574803149606,
0.0379054568900319));
#7043=CARTESIAN_POINT('',(-0.403628769983572,-0.101574803149606,0.0352504118261689));
#7044=CARTESIAN_POINT('Ctrl Pts',(-0.406535790229274,-0.101574803149606,
0.0379054568900319));
#7045=CARTESIAN_POINT('Ctrl Pts',(-0.406535790229274,-0.105119697954379,
0.037905456890032));
#7046=CARTESIAN_POINT('Ctrl Pts',(-0.406535790229274,-0.108664199058365,
0.0379054568900318));
#7047=CARTESIAN_POINT('Ctrl Pts',(-0.406535790229274,-0.112570910075053,
0.0379054568900318));
#7048=CARTESIAN_POINT('Ctrl Pts',(-0.406535790229274,-0.112701192829106,
0.0379054568900319));
#7049=CARTESIAN_POINT('Ctrl Pts',(-0.406494326863306,-0.113061011507587,
0.0378675874925594));
#7050=CARTESIAN_POINT('Ctrl Pts',(-0.406448234449903,-0.113250581890881,
0.0378254902849921));
#7051=CARTESIAN_POINT('Ctrl Pts',(-0.406270440185078,-0.113693335563527,
0.0376631069008705));
#7052=CARTESIAN_POINT('Ctrl Pts',(-0.406124142119151,-0.113892041903391,
0.0375294896829073));
#7053=CARTESIAN_POINT('Ctrl Pts',(-0.405846371624643,-0.114194667925131,
0.037275795825281));
#7054=CARTESIAN_POINT('Ctrl Pts',(-0.405679014595193,-0.114327118819641,
0.0371229449961197));
#7055=CARTESIAN_POINT('Ctrl Pts',(-0.405316147148071,-0.114502674953108,
0.0367915302336184));
#7056=CARTESIAN_POINT('Ctrl Pts',(-0.405169032585272,-0.114515209319503,
0.0366571672912339));
#7057=CARTESIAN_POINT('Ctrl Pts',(-0.404938127092992,-0.114513146183305,
0.0364462762634183));
#7058=CARTESIAN_POINT('Ctrl Pts',(-0.404794746950162,-0.114473602775172,
0.0363153240483315));
#7059=CARTESIAN_POINT('Ctrl Pts',(-0.404476832759991,-0.114320561932039,
0.0360249660769365));
#7060=CARTESIAN_POINT('Ctrl Pts',(-0.40430206083475,-0.114183160197419,
0.0358653430615489));
#7061=CARTESIAN_POINT('Ctrl Pts',(-0.403948884352267,-0.113791516759046,
0.0355427792686492));
#7062=CARTESIAN_POINT('Ctrl Pts',(-0.403843567690296,-0.113568938125603,
0.0354465912617298));
#7063=CARTESIAN_POINT('Ctrl Pts',(-0.403715427741994,-0.11324222699778,
0.0353295582490685));
#7064=CARTESIAN_POINT('Ctrl Pts',(-0.403668591344558,-0.11304265675137,
0.0352867815446391));
#7065=CARTESIAN_POINT('Ctrl Pts',(-0.403628769983572,-0.112682731063072,
0.035250411826169));
#7066=CARTESIAN_POINT('Ctrl Pts',(-0.403628769983572,-0.112562805038077,
0.035250411826169));
#7067=CARTESIAN_POINT('Ctrl Pts',(-0.403628769983572,-0.108627263996885,
0.035250411826169));
#7068=CARTESIAN_POINT('Ctrl Pts',(-0.403628769983572,-0.105101230423639,
0.035250411826169));
#7069=CARTESIAN_POINT('Ctrl Pts',(-0.403628769983572,-0.101574803149606,
0.035250411826169));
#7070=CARTESIAN_POINT('Ctrl Pts',(-0.32007874015748,-0.101574803149606,
0.336227470303083));
#7071=CARTESIAN_POINT('Ctrl Pts',(-0.350740456958568,-0.101574803149606,
0.314657197990526));
#7072=CARTESIAN_POINT('Ctrl Pts',(-0.363622489618436,-0.101574803149606,
0.216418344410387));
#7073=CARTESIAN_POINT('Ctrl Pts',(-0.370875739281664,-0.101574803149606,
0.0712550004630065));
#7074=CARTESIAN_POINT('Ctrl Pts',(-0.403628769983572,-0.101574803149606,
0.0352504118261689));
#7075=CARTESIAN_POINT('Ctrl Pts',(-0.32007874015748,0.134645669291339,0.336227470303083));
#7076=CARTESIAN_POINT('Ctrl Pts',(-0.350713960686905,0.134645669291339,
0.31467583790553));
#7077=CARTESIAN_POINT('Ctrl Pts',(-0.357478634178306,0.134645669291339,
0.263271611354877));
#7078=CARTESIAN_POINT('Ctrl Pts',(-0.367416431377495,0.134645669291339,
0.140488065148285));
#7079=CARTESIAN_POINT('Ctrl Pts',(-0.370875739281664,0.134645669291339,
0.0712550004630065));
#7080=CARTESIAN_POINT('Ctrl Pts',(-0.403628769983572,0.134645669291339,
0.0352504118261689));
#7081=CARTESIAN_POINT('Ctrl Pts',(-0.32007874015748,0.130216535433071,0.336227470303083));
#7082=CARTESIAN_POINT('Ctrl Pts',(-0.350713960686905,0.131023285255489,
0.31467583790553));
#7083=CARTESIAN_POINT('Ctrl Pts',(-0.357478634178306,0.13183073283239,0.263271611354877));
#7084=CARTESIAN_POINT('Ctrl Pts',(-0.367416431377495,0.132979511871437,
0.140488065148285));
#7085=CARTESIAN_POINT('Ctrl Pts',(-0.370875739281664,0.133356564341096,
0.0712550004630065));
#7086=CARTESIAN_POINT('Ctrl Pts',(-0.403628769983572,0.133733259153543,
0.0352504118261689));
#7087=CARTESIAN_POINT('Ctrl Pts',(-0.320078740157481,0.121091671176662,
0.336227470303084));
#7088=CARTESIAN_POINT('Ctrl Pts',(-0.350713960686906,0.123580007125029,
0.31467583790553));
#7089=CARTESIAN_POINT('Ctrl Pts',(-0.357478634178307,0.126070495224552,
0.263271611354877));
#7090=CARTESIAN_POINT('Ctrl Pts',(-0.367416431377495,0.129628031868942,
0.140488065148285));
#7091=CARTESIAN_POINT('Ctrl Pts',(-0.370875739281664,0.130803990293412,
0.0712550004630066));
#7092=CARTESIAN_POINT('Ctrl Pts',(-0.403628769983572,0.131978833249755,
0.0352504118261689));
#7093=CARTESIAN_POINT('Ctrl Pts',(-0.32007874015748,0.107190880955235,0.336227470303083));
#7094=CARTESIAN_POINT('Ctrl Pts',(-0.350713960686905,0.1122575032297,0.314675837905529));
#7095=CARTESIAN_POINT('Ctrl Pts',(-0.357478634178306,0.117328507604176,
0.263271611354876));
#7096=CARTESIAN_POINT('Ctrl Pts',(-0.367416431377495,0.124586168707287,
0.140488065148285));
#7097=CARTESIAN_POINT('Ctrl Pts',(-0.370875739281664,0.126993337443613,
0.0712550004630063));
#7098=CARTESIAN_POINT('Ctrl Pts',(-0.403628769983572,0.12939822283391,0.0352504118261689));
#7099=CARTESIAN_POINT('Ctrl Pts',(-0.32007874015748,0.0937700453506195,
0.336227470303084));
#7100=CARTESIAN_POINT('Ctrl Pts',(-0.350713960686906,0.101283300223011,
0.31467583790553));
#7101=CARTESIAN_POINT('Ctrl Pts',(-0.357478634178307,0.10880305327752,0.263271611354877));
#7102=CARTESIAN_POINT('Ctrl Pts',(-0.367416431377496,0.11957585970667,0.140488065148285));
#7103=CARTESIAN_POINT('Ctrl Pts',(-0.370875739281665,0.123154976271579,
0.0712550004630066));
#7104=CARTESIAN_POINT('Ctrl Pts',(-0.403628769983572,0.126730697826627,
0.0352504118261689));
#7105=CARTESIAN_POINT('Ctrl Pts',(-0.32007874015748,0.0854614878627796,
0.336227470303083));
#7106=CARTESIAN_POINT('Ctrl Pts',(-0.350713960686905,0.094444933070577,
0.31467583790553));
#7107=CARTESIAN_POINT('Ctrl Pts',(-0.357478634178306,0.103436148021846,
0.263271611354877));
#7108=CARTESIAN_POINT('Ctrl Pts',(-0.367416431377495,0.116286210142151,
0.140488065148285));
#7109=CARTESIAN_POINT('Ctrl Pts',(-0.370875739281665,0.120537661933237,
0.0712550004630065));
#7110=CARTESIAN_POINT('Ctrl Pts',(-0.403628769983572,0.124785080963585,
0.0352504118261689));
#7111=CARTESIAN_POINT('Ctrl Pts',(-0.32007874015748,0.0808776936590618,
0.336227470303083));
#7112=CARTESIAN_POINT('Ctrl Pts',(-0.350713960686905,0.0906674680622393,
0.31467583790553));
#7113=CARTESIAN_POINT('Ctrl Pts',(-0.357478634178306,0.100465709599572,
0.263271611354877));
#7114=CARTESIAN_POINT('Ctrl Pts',(-0.367416431377495,0.114396906852121,
0.140488065148285));
#7115=CARTESIAN_POINT('Ctrl Pts',(-0.370875739281664,0.118964135908582,
0.0712550004630065));
#7116=CARTESIAN_POINT('Ctrl Pts',(-0.403628769983572,0.123527032670352,
0.0352504118261689));
#7117=CARTESIAN_POINT('Ctrl Pts',(-0.32007874015748,0.0800177468437201,
0.336542307975266));
#7118=CARTESIAN_POINT('Ctrl Pts',(-0.35078445645021,0.0899139744294995,
0.314855754976075));
#7119=CARTESIAN_POINT('Ctrl Pts',(-0.357619686676401,0.0998187612203384,
0.263316491131531));
#7120=CARTESIAN_POINT('Ctrl Pts',(-0.367559200891141,0.11389960720563,0.140447069462912));
#7121=CARTESIAN_POINT('Ctrl Pts',(-0.37096157076896,0.118514825550915,0.0712477377974929));
#7122=CARTESIAN_POINT('Ctrl Pts',(-0.403657717453701,0.12312566608075,0.0352768501826927));
#7123=CARTESIAN_POINT('Ctrl Pts',(-0.32007874015748,0.0788604269793215,
0.337531157166466));
#7124=CARTESIAN_POINT('Ctrl Pts',(-0.351092898625208,0.088905472992331,
0.315401103835561));
#7125=CARTESIAN_POINT('Ctrl Pts',(-0.358236837796719,0.0989592069228233,
0.263417956077757));
#7126=CARTESIAN_POINT('Ctrl Pts',(-0.368251320806904,0.113120385086616,
0.140354385536891));
#7127=CARTESIAN_POINT('Ctrl Pts',(-0.371466021418934,0.117685287051978,
0.0713462294756278));
#7128=CARTESIAN_POINT('Ctrl Pts',(-0.403974676853605,0.122245858930037,
0.0355663361232889));
#7129=CARTESIAN_POINT('Ctrl Pts',(-0.32007874015748,0.0783483816141784,
0.339147152074873));
#7130=CARTESIAN_POINT('Ctrl Pts',(-0.351577673050625,0.0884781513964856,
0.31623708128914));
#7131=CARTESIAN_POINT('Ctrl Pts',(-0.359206805926888,0.0986166823735025,
0.263473241442735));
#7132=CARTESIAN_POINT('Ctrl Pts',(-0.369570377681041,0.112621476287077,
0.140303883930291));
#7133=CARTESIAN_POINT('Ctrl Pts',(-0.372700802359367,0.11697360102555,0.0718466671496062));
#7134=CARTESIAN_POINT('Ctrl Pts',(-0.405125261801185,0.121321597508867,
0.0366171904784121));
#7135=CARTESIAN_POINT('Ctrl Pts',(-0.320078740157481,0.0788265684425349,
0.34078157817449));
#7136=CARTESIAN_POINT('Ctrl Pts',(-0.35207180619113,0.0888697295503327,
0.317087646893348));
#7137=CARTESIAN_POINT('Ctrl Pts',(-0.360195499581544,0.098921576945367,
0.263539268593933));
#7138=CARTESIAN_POINT('Ctrl Pts',(-0.370891164562165,0.113121844730895,
0.140243570219108));
#7139=CARTESIAN_POINT('Ctrl Pts',(-0.37391406371489,0.117723921953417,0.0723217571407678));
#7140=CARTESIAN_POINT('Ctrl Pts',(-0.406231099625611,0.122321633825643,
0.0376271763089256));
#7141=CARTESIAN_POINT('Ctrl Pts',(-0.32007874015748,0.0799810651352562,
0.34179546508998));
#7142=CARTESIAN_POINT('Ctrl Pts',(-0.352393654644603,0.089879200152374,
0.317650399572338));
#7143=CARTESIAN_POINT('Ctrl Pts',(-0.360839474853846,0.0997858960242805,
0.263650496852344));
#7144=CARTESIAN_POINT('Ctrl Pts',(-0.371596733489672,0.113893880346704,
0.140141967971506));
#7145=CARTESIAN_POINT('Ctrl Pts',(-0.37440865303713,0.118532239068092,0.0724006464842733));
#7146=CARTESIAN_POINT('Ctrl Pts',(-0.406514909469579,0.123166198023974,
0.037886386036281));
#7147=CARTESIAN_POINT('Ctrl Pts',(-0.32007874015748,0.0808464157041237,
0.342132982114107));
#7148=CARTESIAN_POINT('Ctrl Pts',(-0.35246799525306,0.0906435556403802,
0.317844163485738));
#7149=CARTESIAN_POINT('Ctrl Pts',(-0.360988220367637,0.10044916908121,0.263700383323565));
#7150=CARTESIAN_POINT('Ctrl Pts',(-0.371743870673433,0.114394766776581,
0.140096398901607));
#7151=CARTESIAN_POINT('Ctrl Pts',(-0.374492632054176,0.118969002352048,
0.0723874127121983));
#7152=CARTESIAN_POINT('Ctrl Pts',(-0.406535790229274,0.123538898986714,
0.0379054568900319));
#7153=CARTESIAN_POINT('Ctrl Pts',(-0.32007874015748,0.0898280658106721,
0.342132982114107));
#7154=CARTESIAN_POINT('Ctrl Pts',(-0.35246799525306,0.0980194922623267,
0.317844163485738));
#7155=CARTESIAN_POINT('Ctrl Pts',(-0.360988220367637,0.106218003443806,
0.263700383323565));
#7156=CARTESIAN_POINT('Ctrl Pts',(-0.371743870673433,0.117948087410939,
0.140096398901607));
#7157=CARTESIAN_POINT('Ctrl Pts',(-0.374492632054176,0.121836499770488,
0.0723874127121983));
#7158=CARTESIAN_POINT('Ctrl Pts',(-0.406535790229274,0.125721223734293,
0.0379054568900319));
#7159=CARTESIAN_POINT('Ctrl Pts',(-0.32007874015748,0.107207485548429,0.342132982114107));
#7160=CARTESIAN_POINT('Ctrl Pts',(-0.35246799525306,0.1122629790758,0.317844163485738));
#7161=CARTESIAN_POINT('Ctrl Pts',(-0.360988220367636,0.117322845077976,
0.263700383323565));
#7162=CARTESIAN_POINT('Ctrl Pts',(-0.371743870673432,0.124586225443885,
0.140096398901607));
#7163=CARTESIAN_POINT('Ctrl Pts',(-0.374492632054176,0.127007839886892,
0.0723874127121982));
#7164=CARTESIAN_POINT('Ctrl Pts',(-0.406535790229274,0.129427157281236,
0.0379054568900319));
#7165=CARTESIAN_POINT('Ctrl Pts',(-0.32007874015748,0.134645669291339,0.342132982114107));
#7166=CARTESIAN_POINT('Ctrl Pts',(-0.352467995253061,0.134645669291339,
0.317844163485738));
#7167=CARTESIAN_POINT('Ctrl Pts',(-0.360988220367637,0.134645669291339,
0.263700383323565));
#7168=CARTESIAN_POINT('Ctrl Pts',(-0.371743870673433,0.134645669291339,
0.140096398901608));
#7169=CARTESIAN_POINT('Ctrl Pts',(-0.374492632054176,0.134645669291339,
0.0723874127121984));
#7170=CARTESIAN_POINT('Ctrl Pts',(-0.406535790229273,0.134645669291339,
0.0379054568900319));
#7171=CARTESIAN_POINT('Ctrl Pts',(-0.32007874015748,0.162083853034248,0.342132982114107));
#7172=CARTESIAN_POINT('Ctrl Pts',(-0.35246799525306,0.157028359506877,0.317844163485738));
#7173=CARTESIAN_POINT('Ctrl Pts',(-0.360988220367636,0.151968493504701,
0.263700383323565));
#7174=CARTESIAN_POINT('Ctrl Pts',(-0.371743870673432,0.144705113138792,
0.140096398901607));
#7175=CARTESIAN_POINT('Ctrl Pts',(-0.374492632054175,0.142283498695785,
0.0723874127121982));
#7176=CARTESIAN_POINT('Ctrl Pts',(-0.406535790229274,0.139864181301441,
0.0379054568900319));
#7177=CARTESIAN_POINT('Ctrl Pts',(-0.32007874015748,0.179463272772005,0.342132982114107));
#7178=CARTESIAN_POINT('Ctrl Pts',(-0.35246799525306,0.17127184632035,0.317844163485738));
#7179=CARTESIAN_POINT('Ctrl Pts',(-0.360988220367637,0.163073335138871,
0.263700383323565));
#7180=CARTESIAN_POINT('Ctrl Pts',(-0.371743870673433,0.151343251171738,
0.140096398901607));
#7181=CARTESIAN_POINT('Ctrl Pts',(-0.374492632054176,0.147454838812189,
0.0723874127121983));
#7182=CARTESIAN_POINT('Ctrl Pts',(-0.406535790229274,0.143570114848385,
0.0379054568900319));
#7183=CARTESIAN_POINT('Ctrl Pts',(-0.32007874015748,0.188444922878553,0.342132982114107));
#7184=CARTESIAN_POINT('Ctrl Pts',(-0.35246799525306,0.178647782942297,0.317844163485738));
#7185=CARTESIAN_POINT('Ctrl Pts',(-0.360988220367637,0.168842169501467,
0.263700383323565));
#7186=CARTESIAN_POINT('Ctrl Pts',(-0.371743870673433,0.154896571806096,
0.140096398901607));
#7187=CARTESIAN_POINT('Ctrl Pts',(-0.374492632054176,0.15032233623063,0.0723874127121983));
#7188=CARTESIAN_POINT('Ctrl Pts',(-0.406535790229274,0.145752439595963,
0.0379054568900319));
#7189=CARTESIAN_POINT('Ctrl Pts',(-0.320078740157481,0.189310273447421,
0.34179546508998));
#7190=CARTESIAN_POINT('Ctrl Pts',(-0.352393670368481,0.179412105718232,
0.317650413933298));
#7191=CARTESIAN_POINT('Ctrl Pts',(-0.360839506315201,0.169505377105961,
0.263650525586686));
#7192=CARTESIAN_POINT('Ctrl Pts',(-0.371596704751278,0.155397518023542,
0.140141941724103));
#7193=CARTESIAN_POINT('Ctrl Pts',(-0.374408556407411,0.150759300543772,
0.0724005582302408));
#7194=CARTESIAN_POINT('Ctrl Pts',(-0.406514745012934,0.146125482695531,
0.0378862358344359));
#7195=CARTESIAN_POINT('Ctrl Pts',(-0.32007874015748,0.190464770140142,0.34078157817449));
#7196=CARTESIAN_POINT('Ctrl Pts',(-0.352071833016388,0.180421515848718,
0.317087671393442));
#7197=CARTESIAN_POINT('Ctrl Pts',(-0.360195553255261,0.170369575189464,
0.26353931761531));
#7198=CARTESIAN_POINT('Ctrl Pts',(-0.370891115533875,0.156169664162685,
0.1402435254405));
#7199=CARTESIAN_POINT('Ctrl Pts',(-0.373913898862605,0.151567989281116,
0.0723216065775769));
#7200=CARTESIAN_POINT('Ctrl Pts',(-0.406230819059198,0.146970679368198,
0.0376269200614947));
#7201=CARTESIAN_POINT('Ctrl Pts',(-0.320078740157481,0.190942956968499,
0.339147152074873));
#7202=CARTESIAN_POINT('Ctrl Pts',(-0.351577519524622,0.180813282325868,
0.316236941070489));
#7203=CARTESIAN_POINT('Ctrl Pts',(-0.359206498742098,0.170674846570813,
0.263472960884159));
#7204=CARTESIAN_POINT('Ctrl Pts',(-0.369570658279181,0.156669688409641,
0.1403041402067));
#7205=CARTESIAN_POINT('Ctrl Pts',(-0.372701745840045,0.152317152884536,
0.0718475288511102));
#7206=CARTESIAN_POINT('Ctrl Pts',(-0.405126867535617,0.147968746004241,
0.0366186570307289));
#7207=CARTESIAN_POINT('Ctrl Pts',(-0.32007874015748,0.190430911603355,0.337531157166466));
#7208=CARTESIAN_POINT('Ctrl Pts',(-0.351092870061595,0.180385849330314,
0.31540107774779));
#7209=CARTESIAN_POINT('Ctrl Pts',(-0.358236780644789,0.170332099125727,
0.263417903879651));
#7210=CARTESIAN_POINT('Ctrl Pts',(-0.36825137301237,0.15617098321438,0.140354433217283));
#7211=CARTESIAN_POINT('Ctrl Pts',(-0.371466196954127,0.151606151455309,
0.0713463897957521));
#7212=CARTESIAN_POINT('Ctrl Pts',(-0.403974975601539,0.147045649716946,
0.0355666089762999));
#7213=CARTESIAN_POINT('Ctrl Pts',(-0.32007874015748,0.189273591738957,0.336542307975266));
#7214=CARTESIAN_POINT('Ctrl Pts',(-0.350784455557427,0.179377354518184,
0.314855754160676));
#7215=CARTESIAN_POINT('Ctrl Pts',(-0.357619684890062,0.169472558084019,
0.263316489500028));
#7216=CARTESIAN_POINT('Ctrl Pts',(-0.367559202522873,0.155391748986841,
0.140447070953209));
#7217=CARTESIAN_POINT('Ctrl Pts',(-0.370961576255484,0.150776572242774,
0.071247742808455));
#7218=CARTESIAN_POINT('Ctrl Pts',(-0.40365772679136,0.146165773274698,0.0352768587109802));
#7219=CARTESIAN_POINT('Ctrl Pts',(-0.32007874015748,0.188413644923615,0.336227470303083));
#7220=CARTESIAN_POINT('Ctrl Pts',(-0.350713960686905,0.178623870520438,
0.31467583790553));
#7221=CARTESIAN_POINT('Ctrl Pts',(-0.357478634178306,0.168825628983105,
0.263271611354877));
#7222=CARTESIAN_POINT('Ctrl Pts',(-0.367416431377495,0.154894431730556,
0.140488065148285));
#7223=CARTESIAN_POINT('Ctrl Pts',(-0.370875739281664,0.150327202674095,
0.0712550004630065));
#7224=CARTESIAN_POINT('Ctrl Pts',(-0.403628769983572,0.145764305912325,
0.0352504118261689));
#7225=CARTESIAN_POINT('Ctrl Pts',(-0.32007874015748,0.183829850719898,0.336227470303083));
#7226=CARTESIAN_POINT('Ctrl Pts',(-0.350713960686905,0.1748464055121,0.31467583790553));
#7227=CARTESIAN_POINT('Ctrl Pts',(-0.357478634178306,0.165855190560832,
0.263271611354877));
#7228=CARTESIAN_POINT('Ctrl Pts',(-0.367416431377495,0.153005128440526,
0.140488065148285));
#7229=CARTESIAN_POINT('Ctrl Pts',(-0.370875739281664,0.14875367664944,0.0712550004630065));
#7230=CARTESIAN_POINT('Ctrl Pts',(-0.403628769983572,0.144506257619092,
0.0352504118261689));
#7231=CARTESIAN_POINT('Ctrl Pts',(-0.32007874015748,0.175521293232058,0.336227470303083));
#7232=CARTESIAN_POINT('Ctrl Pts',(-0.350713960686905,0.168008038359666,
0.31467583790553));
#7233=CARTESIAN_POINT('Ctrl Pts',(-0.357478634178306,0.160488285305158,
0.263271611354877));
#7234=CARTESIAN_POINT('Ctrl Pts',(-0.367416431377495,0.149715478876007,
0.140488065148285));
#7235=CARTESIAN_POINT('Ctrl Pts',(-0.370875739281664,0.146136362311098,
0.0712550004630065));
#7236=CARTESIAN_POINT('Ctrl Pts',(-0.403628769983572,0.142560640756051,
0.0352504118261689));
#7237=CARTESIAN_POINT('Ctrl Pts',(-0.32007874015748,0.162100457627442,0.336227470303084));
#7238=CARTESIAN_POINT('Ctrl Pts',(-0.350713960686906,0.157033835352977,
0.31467583790553));
#7239=CARTESIAN_POINT('Ctrl Pts',(-0.357478634178307,0.151962830978501,
0.263271611354877));
#7240=CARTESIAN_POINT('Ctrl Pts',(-0.367416431377496,0.144705169875391,
0.140488065148285));
#7241=CARTESIAN_POINT('Ctrl Pts',(-0.370875739281665,0.142298001139064,
0.0712550004630064));
#7242=CARTESIAN_POINT('Ctrl Pts',(-0.403628769983573,0.139893115748767,
0.0352504118261689));
#7243=CARTESIAN_POINT('Ctrl Pts',(-0.32007874015748,0.148199667406016,0.336227470303083));
#7244=CARTESIAN_POINT('Ctrl Pts',(-0.350713960686905,0.145711331457648,
0.31467583790553));
#7245=CARTESIAN_POINT('Ctrl Pts',(-0.357478634178306,0.143220843358125,
0.263271611354877));
#7246=CARTESIAN_POINT('Ctrl Pts',(-0.367416431377495,0.139663306713735,
0.140488065148285));
#7247=CARTESIAN_POINT('Ctrl Pts',(-0.370875739281664,0.138487348289266,
0.0712550004630065));
#7248=CARTESIAN_POINT('Ctrl Pts',(-0.403628769983572,0.137312505332922,
0.0352504118261689));
#7249=CARTESIAN_POINT('Ctrl Pts',(-0.32007874015748,0.139074803149606,0.336227470303083));
#7250=CARTESIAN_POINT('Ctrl Pts',(-0.350713960686905,0.138268053327188,
0.31467583790553));
#7251=CARTESIAN_POINT('Ctrl Pts',(-0.357478634178306,0.137460605750287,
0.263271611354877));
#7252=CARTESIAN_POINT('Ctrl Pts',(-0.367416431377495,0.13631182671124,0.140488065148285));
#7253=CARTESIAN_POINT('Ctrl Pts',(-0.370875739281664,0.135934774241581,
0.0712550004630065));
#7254=CARTESIAN_POINT('Ctrl Pts',(-0.403628769983572,0.135558079429134,
0.0352504118261689));
#7255=CARTESIAN_POINT('Ctrl Pts',(-0.32007874015748,0.134645669291339,0.336227470303083));
#7256=CARTESIAN_POINT('Ctrl Pts',(-0.350713960686905,0.134645669291339,
0.31467583790553));
#7257=CARTESIAN_POINT('Ctrl Pts',(-0.357478634178306,0.134645669291339,
0.263271611354877));
#7258=CARTESIAN_POINT('Ctrl Pts',(-0.367416431377495,0.134645669291339,
0.140488065148285));
#7259=CARTESIAN_POINT('Ctrl Pts',(-0.370875739281664,0.134645669291339,
0.0712550004630065));
#7260=CARTESIAN_POINT('Ctrl Pts',(-0.403628769983572,0.134645669291339,
0.0352504118261689));
#7261=CARTESIAN_POINT('',(-0.32007874015748,0.134645669291339,0.336227470303083));
#7262=CARTESIAN_POINT('',(-0.32007874015748,0.134645669291339,0.342132982114107));
#7263=CARTESIAN_POINT('Ctrl Pts',(-0.32007874015748,0.134645669291339,0.336227470303083));
#7264=CARTESIAN_POINT('Ctrl Pts',(-0.32007874015748,0.11697363653832,0.336227470303083));
#7265=CARTESIAN_POINT('Ctrl Pts',(-0.320078740157511,0.099301603785301,
0.336227470303062));
#7266=CARTESIAN_POINT('Ctrl Pts',(-0.320078740157511,0.0813275858540221,
0.336227470303062));
#7267=CARTESIAN_POINT('Ctrl Pts',(-0.320078740157511,0.0809178848095134,
0.336227470303062));
#7268=CARTESIAN_POINT('Ctrl Pts',(-0.320078740157511,0.0801242963835117,
0.336543632160171));
#7269=CARTESIAN_POINT('Ctrl Pts',(-0.320078740157511,0.0797546690035262,
0.336761103767468));
#7270=CARTESIAN_POINT('Ctrl Pts',(-0.320078740157511,0.0791852358592374,
0.337311044142156));
#7271=CARTESIAN_POINT('Ctrl Pts',(-0.320078740157511,0.0789486763280841,
0.337620082397374));
#7272=CARTESIAN_POINT('Ctrl Pts',(-0.320078740157511,0.078626730817716,
0.338372054711931));
#7273=CARTESIAN_POINT('Ctrl Pts',(-0.320078740157949,0.0785505160673494,
0.338758388760703));
#7274=CARTESIAN_POINT('Ctrl Pts',(-0.320078740157949,0.0785423520676268,
0.339542133088115));
#7275=CARTESIAN_POINT('Ctrl Pts',(-0.320078740157514,0.0786100870704368,
0.339929130667682));
#7276=CARTESIAN_POINT('Ctrl Pts',(-0.320078740157514,0.07890046002042,0.340649007361645));
#7277=CARTESIAN_POINT('Ctrl Pts',(-0.320078740157514,0.0791144267846915,
0.34096752836795));
#7278=CARTESIAN_POINT('Ctrl Pts',(-0.320078740157514,0.0797085803601359,
0.341565159834475));
#7279=CARTESIAN_POINT('Ctrl Pts',(-0.320078740157514,0.0800837658095275,
0.341794405155487));
#7280=CARTESIAN_POINT('Ctrl Pts',(-0.320078740157514,0.0808861733096899,
0.342132982114082));
#7281=CARTESIAN_POINT('Ctrl Pts',(-0.320078740157514,0.0813125657955476,
0.342132982114082));
#7282=CARTESIAN_POINT('Ctrl Pts',(-0.320078740157514,0.0992636685429645,
0.342132982114082));
#7283=CARTESIAN_POINT('Ctrl Pts',(-0.32007874015748,0.116954472066758,0.342132982114107));
#7284=CARTESIAN_POINT('Ctrl Pts',(-0.32007874015748,0.134645669291339,0.342132982114107));
#7285=CARTESIAN_POINT('',(-0.406535790229274,0.134645669291339,0.0379054568900319));
#7286=CARTESIAN_POINT('Ctrl Pts',(-0.32007874015748,0.134645669291339,0.342132982114107));
#7287=CARTESIAN_POINT('Ctrl Pts',(-0.352467995253061,0.134645669291339,
0.317844163485738));
#7288=CARTESIAN_POINT('Ctrl Pts',(-0.360988220367637,0.134645669291339,
0.263700383323565));
#7289=CARTESIAN_POINT('Ctrl Pts',(-0.371743870673433,0.134645669291339,
0.140096398901608));
#7290=CARTESIAN_POINT('Ctrl Pts',(-0.374492632054176,0.134645669291339,
0.0723874127121983));
#7291=CARTESIAN_POINT('Ctrl Pts',(-0.406535790229274,0.134645669291339,
0.0379054568900319));
#7292=CARTESIAN_POINT('',(-0.403628769983572,0.134645669291339,0.0352504118261689));
#7293=CARTESIAN_POINT('Ctrl Pts',(-0.406535790229274,0.134645669291339,
0.0379054568900319));
#7294=CARTESIAN_POINT('Ctrl Pts',(-0.406535790229274,0.131100774486566,
0.037905456890032));
#7295=CARTESIAN_POINT('Ctrl Pts',(-0.406535790229274,0.12755627338258,0.0379054568900318));
#7296=CARTESIAN_POINT('Ctrl Pts',(-0.406535790229274,0.123649562365892,
0.0379054568900318));
#7297=CARTESIAN_POINT('Ctrl Pts',(-0.406535790229274,0.123519279611839,
0.0379054568900319));
#7298=CARTESIAN_POINT('Ctrl Pts',(-0.406494326863306,0.123159460933358,
0.0378675874925594));
#7299=CARTESIAN_POINT('Ctrl Pts',(-0.406448234449903,0.122969890550064,
0.0378254902849922));
#7300=CARTESIAN_POINT('Ctrl Pts',(-0.406270440185078,0.122527136877418,
0.0376631069008706));
#7301=CARTESIAN_POINT('Ctrl Pts',(-0.406124142119151,0.122328430537554,
0.0375294896829075));
#7302=CARTESIAN_POINT('Ctrl Pts',(-0.405846371624643,0.122025804515814,
0.0372757958252811));
#7303=CARTESIAN_POINT('Ctrl Pts',(-0.405679014595193,0.121893353621304,
0.0371229449961198));
#7304=CARTESIAN_POINT('Ctrl Pts',(-0.405316147148072,0.121717797487837,
0.0367915302336184));
#7305=CARTESIAN_POINT('Ctrl Pts',(-0.405169032585272,0.121705263121441,
0.0366571672912339));
#7306=CARTESIAN_POINT('Ctrl Pts',(-0.404938127092992,0.12170732625764,0.0364462762634183));
#7307=CARTESIAN_POINT('Ctrl Pts',(-0.404794746950162,0.121746869665773,
0.0363153240483314));
#7308=CARTESIAN_POINT('Ctrl Pts',(-0.404476832759991,0.121899910508906,
0.0360249660769365));
#7309=CARTESIAN_POINT('Ctrl Pts',(-0.40430206083475,0.122037312243526,0.0358653430615488));
#7310=CARTESIAN_POINT('Ctrl Pts',(-0.403948884352267,0.122428955681899,
0.0355427792686492));
#7311=CARTESIAN_POINT('Ctrl Pts',(-0.403843567690296,0.122651534315341,
0.0354465912617298));
#7312=CARTESIAN_POINT('Ctrl Pts',(-0.403715427741994,0.122978245443164,
0.0353295582490685));
#7313=CARTESIAN_POINT('Ctrl Pts',(-0.403668591344558,0.123177815689575,
0.0352867815446391));
#7314=CARTESIAN_POINT('Ctrl Pts',(-0.403628769983572,0.123537741377873,
0.035250411826169));
#7315=CARTESIAN_POINT('Ctrl Pts',(-0.403628769983572,0.123657667402868,
0.035250411826169));
#7316=CARTESIAN_POINT('Ctrl Pts',(-0.403628769983572,0.12759320844406,0.035250411826169));
#7317=CARTESIAN_POINT('Ctrl Pts',(-0.403628769983572,0.131119242017306,
0.035250411826169));
#7318=CARTESIAN_POINT('Ctrl Pts',(-0.403628769983572,0.134645669291339,
0.035250411826169));
#7319=CARTESIAN_POINT('Ctrl Pts',(-0.32007874015748,0.134645669291339,0.336227470303083));
#7320=CARTESIAN_POINT('Ctrl Pts',(-0.350740456958568,0.134645669291339,
0.314657197990526));
#7321=CARTESIAN_POINT('Ctrl Pts',(-0.363622489618436,0.134645669291339,
0.216418344410387));
#7322=CARTESIAN_POINT('Ctrl Pts',(-0.370875739281664,0.134645669291339,
0.0712550004630065));
#7323=CARTESIAN_POINT('Ctrl Pts',(-0.403628769983572,0.134645669291339,
0.0352504118261689));
#7324=CARTESIAN_POINT('Ctrl Pts',(-0.15748031496063,0.27244094488189,0.335955277352712));
#7325=CARTESIAN_POINT('Ctrl Pts',(-0.15748031496063,0.300684982867112,0.311690007326081));
#7326=CARTESIAN_POINT('Ctrl Pts',(-0.15748031496063,0.309542644328539,0.265463794231054));
#7327=CARTESIAN_POINT('Ctrl Pts',(-0.15748031496063,0.320627496995059,0.140452334212446));
#7328=CARTESIAN_POINT('Ctrl Pts',(-0.15748031496063,0.323531184841235,0.0661213526083473));
#7329=CARTESIAN_POINT('Ctrl Pts',(-0.15748031496063,0.356453839091345,0.0331345906534526));
#7330=CARTESIAN_POINT('Ctrl Pts',(-0.161909448818898,0.27244094488189,0.335955277352712));
#7331=CARTESIAN_POINT('Ctrl Pts',(-0.161105847021688,0.300684982867112,
0.311690007326081));
#7332=CARTESIAN_POINT('Ctrl Pts',(-0.160301550628478,0.309542644328539,
0.265463794231054));
#7333=CARTESIAN_POINT('Ctrl Pts',(-0.159158602091234,0.320627496995059,
0.140452334212446));
#7334=CARTESIAN_POINT('Ctrl Pts',(-0.158775475941778,0.323531184841235,
0.0661213526083473));
#7335=CARTESIAN_POINT('Ctrl Pts',(-0.158392725105967,0.356453839091345,
0.0331345906534526));
#7336=CARTESIAN_POINT('Ctrl Pts',(-0.171034313072779,0.27244094488189,0.335955277352712));
#7337=CARTESIAN_POINT('Ctrl Pts',(-0.168555831861583,0.300684982867112,
0.311690007326082));
#7338=CARTESIAN_POINT('Ctrl Pts',(-0.166075208366554,0.30954264432854,0.265463794231055));
#7339=CARTESIAN_POINT('Ctrl Pts',(-0.1625353282767,0.32062749699506,0.140452334212446));
#7340=CARTESIAN_POINT('Ctrl Pts',(-0.161340654494513,0.323531184841236,
0.0661213526083475));
#7341=CARTESIAN_POINT('Ctrl Pts',(-0.160147151024954,0.356453839091346,
0.0331345906534526));
#7342=CARTESIAN_POINT('Ctrl Pts',(-0.184935103288266,0.27244094488189,0.335955277352711));
#7343=CARTESIAN_POINT('Ctrl Pts',(-0.179888689059929,0.300684982867112,
0.311690007326081));
#7344=CARTESIAN_POINT('Ctrl Pts',(-0.17483791294595,0.309542644328539,0.265463794231054));
#7345=CARTESIAN_POINT('Ctrl Pts',(-0.167615882162119,0.320627496995059,
0.140452334212446));
#7346=CARTESIAN_POINT('Ctrl Pts',(-0.16517062411509,0.323531184841235,0.0661213526083473));
#7347=CARTESIAN_POINT('Ctrl Pts',(-0.162727761463704,0.356453839091344,
0.0331345906534526));
#7348=CARTESIAN_POINT('Ctrl Pts',(-0.198355938892278,0.27244094488189,0.335955277352712));
#7349=CARTESIAN_POINT('Ctrl Pts',(-0.190872756989544,0.300684982867112,
0.311690007326081));
#7350=CARTESIAN_POINT('Ctrl Pts',(-0.183383106972577,0.309542644328539,
0.265463794231054));
#7351=CARTESIAN_POINT('Ctrl Pts',(-0.172662895980475,0.32062749699506,0.140452334212446));
#7352=CARTESIAN_POINT('Ctrl Pts',(-0.169027310511888,0.323531184841236,
0.0661213526083474));
#7353=CARTESIAN_POINT('Ctrl Pts',(-0.16539528649384,0.356453839091346,0.0331345906534526));
#7354=CARTESIAN_POINT('Ctrl Pts',(-0.206664496385367,0.27244094488189,0.335955277352712));
#7355=CARTESIAN_POINT('Ctrl Pts',(-0.197716695771694,0.300684982867112,
0.311690007326081));
#7356=CARTESIAN_POINT('Ctrl Pts',(-0.188761161095523,0.309542644328539,
0.265463794231054));
#7357=CARTESIAN_POINT('Ctrl Pts',(-0.17597469236506,0.320627496995059,0.140452334212446));
#7358=CARTESIAN_POINT('Ctrl Pts',(-0.171655682399073,0.323531184841235,
0.0661213526083474));
#7359=CARTESIAN_POINT('Ctrl Pts',(-0.167340903372092,0.356453839091345,
0.0331345906534526));
#7360=CARTESIAN_POINT('Ctrl Pts',(-0.211248290590996,0.27244094488189,0.335955277352711));
#7361=CARTESIAN_POINT('Ctrl Pts',(-0.201496624909896,0.300684982867112,
0.311690007326081));
#7362=CARTESIAN_POINT('Ctrl Pts',(-0.19173653034274,0.309542644328539,0.265463794231054));
#7363=CARTESIAN_POINT('Ctrl Pts',(-0.177876292862175,0.320627496995059,
0.140452334212446));
#7364=CARTESIAN_POINT('Ctrl Pts',(-0.173235349113291,0.323531184841235,
0.0661213526083473));
#7365=CARTESIAN_POINT('Ctrl Pts',(-0.168598951672495,0.356453839091345,
0.0331345906534526));
#7366=CARTESIAN_POINT('Ctrl Pts',(-0.212108237406847,0.272440944881889,
0.336270115023779));
#7367=CARTESIAN_POINT('Ctrl Pts',(-0.202250514230693,0.300756345806482,
0.311869225860597));
#7368=CARTESIAN_POINT('Ctrl Pts',(-0.19238427049732,0.309685431890084,0.265507276406146));
#7369=CARTESIAN_POINT('Ctrl Pts',(-0.178375198081451,0.320768706307844,
0.140413896961314));
#7370=CARTESIAN_POINT('Ctrl Pts',(-0.173685461118868,0.32361554667273,0.0661160861163932));
#7371=CARTESIAN_POINT('Ctrl Pts',(-0.16900031826262,0.356481409129828,0.0331624624263175));
#7372=CARTESIAN_POINT('Ctrl Pts',(-0.213265557271849,0.27244094488189,0.337258964214908));
#7373=CARTESIAN_POINT('Ctrl Pts',(-0.203258257412103,0.301068804419191,
0.31241027952843));
#7374=CARTESIAN_POINT('Ctrl Pts',(-0.193242307708011,0.310310619190187,
0.26560014749707));
#7375=CARTESIAN_POINT('Ctrl Pts',(-0.179156998859104,0.321452567496892,
0.140331800812558));
#7376=CARTESIAN_POINT('Ctrl Pts',(-0.174516289096799,0.324108322299879,
0.0662277234761407));
#7377=CARTESIAN_POINT('Ctrl Pts',(-0.169880125413365,0.356783286384124,
0.0334676435115709));
#7378=CARTESIAN_POINT('Ctrl Pts',(-0.213777602638482,0.272440944881889,
0.338874959124645));
#7379=CARTESIAN_POINT('Ctrl Pts',(-0.203683090553472,0.301560653392176,
0.313233357174104));
#7380=CARTESIAN_POINT('Ctrl Pts',(-0.193579853241927,0.311294742267524,
0.265629622517893));
#7381=CARTESIAN_POINT('Ctrl Pts',(-0.17965789972263,0.322753733750363,0.140305744580549));
#7382=CARTESIAN_POINT('Ctrl Pts',(-0.175228973970813,0.325306772963196,
0.0667688876037338));
#7383=CARTESIAN_POINT('Ctrl Pts',(-0.170804386832444,0.357879122078355,
0.0345754723448631));
#7384=CARTESIAN_POINT('Ctrl Pts',(-0.213299415808479,0.272440944881891,
0.340509385225518));
#7385=CARTESIAN_POINT('Ctrl Pts',(-0.203294418591322,0.302061919454563,
0.314071413787695));
#7386=CARTESIAN_POINT('Ctrl Pts',(-0.193280773520116,0.312297707663357,
0.265670621299475));
#7387=CARTESIAN_POINT('Ctrl Pts',(-0.17915540257292,0.324056788600229,0.140269501652529));
#7388=CARTESIAN_POINT('Ctrl Pts',(-0.174477585330945,0.326484848078352,
0.0672834081702506));
#7389=CARTESIAN_POINT('Ctrl Pts',(-0.169804350518645,0.358932339890016,
0.0356402168732987));
#7390=CARTESIAN_POINT('Ctrl Pts',(-0.212144919115185,0.272440944881889,
0.341523272140927));
#7391=CARTESIAN_POINT('Ctrl Pts',(-0.202285544473478,0.302387904113174,
0.314630145272822));
#7392=CARTESIAN_POINT('Ctrl Pts',(-0.1924176478471,0.31294995874655,0.265773803939144));
#7393=CARTESIAN_POINT('Ctrl Pts',(-0.17838089030215,0.32475409303006,0.140178290364725));
#7394=CARTESIAN_POINT('Ctrl Pts',(-0.173668029931863,0.326968548209927,
0.0673745235197082));
#7395=CARTESIAN_POINT('Ctrl Pts',(-0.1689597863198,0.359202644971928,0.0359134802512886));
#7396=CARTESIAN_POINT('Ctrl Pts',(-0.211279568545566,0.27244094488189,0.341860789163735));
#7397=CARTESIAN_POINT('Ctrl Pts',(-0.201520605883701,0.302463147928552,
0.314823254700944));
#7398=CARTESIAN_POINT('Ctrl Pts',(-0.191753208028609,0.313100511414559,
0.265822380953374));
#7399=CARTESIAN_POINT('Ctrl Pts',(-0.177878533537688,0.324899657516679,
0.140135349401976));
#7400=CARTESIAN_POINT('Ctrl Pts',(-0.173230532836388,0.327051243246108,
0.0673631208979979));
#7401=CARTESIAN_POINT('Ctrl Pts',(-0.168587085356226,0.359222532145121,
0.0359335850753896));
#7402=CARTESIAN_POINT('Ctrl Pts',(-0.202297918436739,0.27244094488189,0.341860789163735));
#7403=CARTESIAN_POINT('Ctrl Pts',(-0.194139125658627,0.302463147928552,
0.314823254700944));
#7404=CARTESIAN_POINT('Ctrl Pts',(-0.185973280799678,0.313100511414559,
0.265822380953374));
#7405=CARTESIAN_POINT('Ctrl Pts',(-0.174300886585519,0.324899657516679,
0.140135349401976));
#7406=CARTESIAN_POINT('Ctrl Pts',(-0.17035088886404,0.327051243246108,0.0673631208979979));
#7407=CARTESIAN_POINT('Ctrl Pts',(-0.166404760594026,0.359222532145121,
0.0359335850753896));
#7408=CARTESIAN_POINT('Ctrl Pts',(-0.18491849869538,0.27244094488189,0.341860789163735));
#7409=CARTESIAN_POINT('Ctrl Pts',(-0.179883389247514,0.302463147928553,
0.314823254700944));
#7410=CARTESIAN_POINT('Ctrl Pts',(-0.174843927685332,0.31310051141456,0.265822380953374));
#7411=CARTESIAN_POINT('Ctrl Pts',(-0.167615602189539,0.324899657516679,
0.140135349401976));
#7412=CARTESIAN_POINT('Ctrl Pts',(-0.165156009884302,0.327051243246108,
0.067363120897998));
#7413=CARTESIAN_POINT('Ctrl Pts',(-0.16269882701667,0.359222532145121,0.0359335850753896));
#7414=CARTESIAN_POINT('Ctrl Pts',(-0.15748031496063,0.27244094488189,0.341860789163735));
#7415=CARTESIAN_POINT('Ctrl Pts',(-0.15748031496063,0.302463147928552,0.314823254700944));
#7416=CARTESIAN_POINT('Ctrl Pts',(-0.15748031496063,0.313100511414559,0.265822380953373));
#7417=CARTESIAN_POINT('Ctrl Pts',(-0.15748031496063,0.324899657516679,0.140135349401975));
#7418=CARTESIAN_POINT('Ctrl Pts',(-0.15748031496063,0.327051243246108,0.0673631208979978));
#7419=CARTESIAN_POINT('Ctrl Pts',(-0.15748031496063,0.359222532145121,0.0359335850753896));
#7420=CARTESIAN_POINT('Ctrl Pts',(-0.13004213122588,0.27244094488189,0.341860789163736));
#7421=CARTESIAN_POINT('Ctrl Pts',(-0.135077240673746,0.302463147928553,
0.314823254700944));
#7422=CARTESIAN_POINT('Ctrl Pts',(-0.140116702235927,0.31310051141456,0.265822380953374));
#7423=CARTESIAN_POINT('Ctrl Pts',(-0.147345027731721,0.324899657516679,
0.140135349401976));
#7424=CARTESIAN_POINT('Ctrl Pts',(-0.149804620036958,0.327051243246108,
0.067363120897998));
#7425=CARTESIAN_POINT('Ctrl Pts',(-0.15226180290459,0.359222532145121,0.0359335850753896));
#7426=CARTESIAN_POINT('Ctrl Pts',(-0.112662711484521,0.27244094488189,0.341860789163735));
#7427=CARTESIAN_POINT('Ctrl Pts',(-0.120821504262632,0.302463147928552,
0.314823254700944));
#7428=CARTESIAN_POINT('Ctrl Pts',(-0.128987349121582,0.313100511414559,
0.265822380953374));
#7429=CARTESIAN_POINT('Ctrl Pts',(-0.140659743335741,0.324899657516679,
0.140135349401976));
#7430=CARTESIAN_POINT('Ctrl Pts',(-0.144609741057219,0.327051243246108,
0.0673631208979979));
#7431=CARTESIAN_POINT('Ctrl Pts',(-0.148555869327234,0.359222532145121,
0.0359335850753896));
#7432=CARTESIAN_POINT('Ctrl Pts',(-0.103681061375694,0.27244094488189,0.341860789163735));
#7433=CARTESIAN_POINT('Ctrl Pts',(-0.113440024037559,0.302463147928552,
0.314823254700944));
#7434=CARTESIAN_POINT('Ctrl Pts',(-0.123207421892651,0.313100511414559,
0.265822380953374));
#7435=CARTESIAN_POINT('Ctrl Pts',(-0.137082096383572,0.324899657516679,
0.140135349401976));
#7436=CARTESIAN_POINT('Ctrl Pts',(-0.141730097084872,0.327051243246108,
0.0673631208979979));
#7437=CARTESIAN_POINT('Ctrl Pts',(-0.146373544565034,0.359222532145121,
0.0359335850753896));
#7438=CARTESIAN_POINT('Ctrl Pts',(-0.102815710806075,0.27244094488189,0.341523272140927));
#7439=CARTESIAN_POINT('Ctrl Pts',(-0.112675119780671,0.302387919830864,
0.31463016116253));
#7440=CARTESIAN_POINT('Ctrl Pts',(-0.122543050769612,0.312949990195515,
0.265773835732295));
#7441=CARTESIAN_POINT('Ctrl Pts',(-0.136579678894247,0.324754065230053,
0.140178262260466));
#7442=CARTESIAN_POINT('Ctrl Pts',(-0.1412923984896,0.326968455962773,0.067374430262975));
#7443=CARTESIAN_POINT('Ctrl Pts',(-0.146000501464635,0.35920248834076,0.0359133219059049));
#7444=CARTESIAN_POINT('Ctrl Pts',(-0.10166121411278,0.27244094488189,0.340509385225518));
#7445=CARTESIAN_POINT('Ctrl Pts',(-0.111666309130623,0.302061946269264,
0.314071440895864));
#7446=CARTESIAN_POINT('Ctrl Pts',(-0.121680052087049,0.312297761315936,
0.265670675539243));
#7447=CARTESIAN_POINT('Ctrl Pts',(-0.135805054367458,0.324056741172846,
0.140269453706087));
#7448=CARTESIAN_POINT('Ctrl Pts',(-0.140482470597878,0.326484690702814,
0.0672832490723496));
#7449=CARTESIAN_POINT('Ctrl Pts',(-0.145155304791456,0.358932072674029,
0.0356399467328237));
#7450=CARTESIAN_POINT('Ctrl Pts',(-0.101183027282778,0.272440944881889,
0.338874959124645));
#7451=CARTESIAN_POINT('Ctrl Pts',(-0.111277439514134,0.301560499926591,
0.313233202028948));
#7452=CARTESIAN_POINT('Ctrl Pts',(-0.121380576885717,0.311294435203705,
0.265629312093481));
#7453=CARTESIAN_POINT('Ctrl Pts',(-0.135302906810613,0.322754005186211,
0.140306018987069));
#7454=CARTESIAN_POINT('Ctrl Pts',(-0.139732241991759,0.325307673653045,
0.0667697981509911));
#7455=CARTESIAN_POINT('Ctrl Pts',(-0.144157238158376,0.357880651405783,
0.0345770184096883));
#7456=CARTESIAN_POINT('Ctrl Pts',(-0.101695072649411,0.27244094488189,0.337258964214908));
#7457=CARTESIAN_POINT('Ctrl Pts',(-0.111702389574841,0.30106877586682,0.312410250663573));
#7458=CARTESIAN_POINT('Ctrl Pts',(-0.121718356359368,0.310310562060765,
0.265600089742408));
#7459=CARTESIAN_POINT('Ctrl Pts',(-0.135803600877939,0.321452617997708,
0.140331851866069));
#7460=CARTESIAN_POINT('Ctrl Pts',(-0.140444240665923,0.324108489873809,
0.0662278928840478));
#7461=CARTESIAN_POINT('Ctrl Pts',(-0.145080334443583,0.356783570916483,
0.0334679311579327));
#7462=CARTESIAN_POINT('Ctrl Pts',(-0.102852392514413,0.27244094488189,0.336270115023779));
#7463=CARTESIAN_POINT('Ctrl Pts',(-0.112710125802955,0.30075634491405,0.311869224958397));
#7464=CARTESIAN_POINT('Ctrl Pts',(-0.122576379657457,0.309685430104449,
0.265507274600968));
#7465=CARTESIAN_POINT('Ctrl Pts',(-0.136585413953944,0.320768707886297,
0.140413898557041));
#7466=CARTESIAN_POINT('Ctrl Pts',(-0.141275109452765,0.323615551910417,
0.0661160914114025));
#7467=CARTESIAN_POINT('Ctrl Pts',(-0.145960210885868,0.356481418023164,
0.0331624714169848));
#7468=CARTESIAN_POINT('Ctrl Pts',(-0.103712339330264,0.27244094488189,0.335955277352711));
#7469=CARTESIAN_POINT('Ctrl Pts',(-0.113464005011364,0.300684982867112,
0.311690007326081));
#7470=CARTESIAN_POINT('Ctrl Pts',(-0.12322409957852,0.309542644328539,0.265463794231054));
#7471=CARTESIAN_POINT('Ctrl Pts',(-0.137084337059085,0.320627496995059,
0.140452334212446));
#7472=CARTESIAN_POINT('Ctrl Pts',(-0.141725280807968,0.323531184841235,
0.0661213526083473));
#7473=CARTESIAN_POINT('Ctrl Pts',(-0.146361678248765,0.356453839091345,
0.0331345906534526));
#7474=CARTESIAN_POINT('Ctrl Pts',(-0.108296133535893,0.27244094488189,0.335955277352712));
#7475=CARTESIAN_POINT('Ctrl Pts',(-0.117243934149566,0.300684982867112,
0.311690007326081));
#7476=CARTESIAN_POINT('Ctrl Pts',(-0.126199468825737,0.309542644328539,
0.265463794231054));
#7477=CARTESIAN_POINT('Ctrl Pts',(-0.1389859375562,0.320627496995059,0.140452334212446));
#7478=CARTESIAN_POINT('Ctrl Pts',(-0.143304947522187,0.323531184841235,
0.0661213526083473));
#7479=CARTESIAN_POINT('Ctrl Pts',(-0.147619726549167,0.356453839091345,
0.0331345906534526));
#7480=CARTESIAN_POINT('Ctrl Pts',(-0.116604691028982,0.27244094488189,0.335955277352712));
#7481=CARTESIAN_POINT('Ctrl Pts',(-0.124087872931715,0.300684982867112,
0.311690007326081));
#7482=CARTESIAN_POINT('Ctrl Pts',(-0.131577522948683,0.30954264432854,0.265463794231054));
#7483=CARTESIAN_POINT('Ctrl Pts',(-0.142297733940785,0.32062749699506,0.140452334212445));
#7484=CARTESIAN_POINT('Ctrl Pts',(-0.145933319409372,0.323531184841235,
0.0661213526083472));
#7485=CARTESIAN_POINT('Ctrl Pts',(-0.14956534342742,0.356453839091345,0.0331345906534526));
#7486=CARTESIAN_POINT('Ctrl Pts',(-0.130025526632994,0.27244094488189,0.335955277352711));
#7487=CARTESIAN_POINT('Ctrl Pts',(-0.135071940861331,0.300684982867112,
0.311690007326081));
#7488=CARTESIAN_POINT('Ctrl Pts',(-0.14012271697531,0.309542644328539,0.265463794231054));
#7489=CARTESIAN_POINT('Ctrl Pts',(-0.147344747759141,0.320627496995059,
0.140452334212446));
#7490=CARTESIAN_POINT('Ctrl Pts',(-0.14979000580617,0.323531184841235,0.0661213526083475));
#7491=CARTESIAN_POINT('Ctrl Pts',(-0.152232868457556,0.356453839091345,
0.0331345906534526));
#7492=CARTESIAN_POINT('Ctrl Pts',(-0.143926316848481,0.27244094488189,0.335955277352712));
#7493=CARTESIAN_POINT('Ctrl Pts',(-0.146404798059677,0.300684982867112,
0.311690007326081));
#7494=CARTESIAN_POINT('Ctrl Pts',(-0.148885421554705,0.309542644328539,
0.265463794231054));
#7495=CARTESIAN_POINT('Ctrl Pts',(-0.152425301644559,0.32062749699506,0.140452334212446));
#7496=CARTESIAN_POINT('Ctrl Pts',(-0.153619975426747,0.323531184841235,
0.0661213526083472));
#7497=CARTESIAN_POINT('Ctrl Pts',(-0.154813478896306,0.356453839091345,
0.0331345906534526));
#7498=CARTESIAN_POINT('Ctrl Pts',(-0.153051181102362,0.27244094488189,0.335955277352712));
#7499=CARTESIAN_POINT('Ctrl Pts',(-0.153854782899572,0.300684982867112,
0.311690007326081));
#7500=CARTESIAN_POINT('Ctrl Pts',(-0.154659079292782,0.309542644328539,
0.265463794231054));
#7501=CARTESIAN_POINT('Ctrl Pts',(-0.155802027830026,0.320627496995059,
0.140452334212446));
#7502=CARTESIAN_POINT('Ctrl Pts',(-0.156185153979481,0.323531184841235,
0.0661213526083473));
#7503=CARTESIAN_POINT('Ctrl Pts',(-0.156567904815292,0.356453839091345,
0.0331345906534526));
#7504=CARTESIAN_POINT('Ctrl Pts',(-0.15748031496063,0.27244094488189,0.335955277352712));
#7505=CARTESIAN_POINT('Ctrl Pts',(-0.15748031496063,0.300684982867112,0.311690007326081));
#7506=CARTESIAN_POINT('Ctrl Pts',(-0.15748031496063,0.309542644328539,0.265463794231054));
#7507=CARTESIAN_POINT('Ctrl Pts',(-0.15748031496063,0.320627496995059,0.140452334212446));
#7508=CARTESIAN_POINT('Ctrl Pts',(-0.15748031496063,0.323531184841235,0.0661213526083473));
#7509=CARTESIAN_POINT('Ctrl Pts',(-0.15748031496063,0.356453839091345,0.0331345906534526));
#7510=CARTESIAN_POINT('',(-0.15748031496063,0.27244094488189,0.335955277352712));
#7511=CARTESIAN_POINT('',(-0.157480314960794,0.27244094488189,0.341860789163735));
#7512=CARTESIAN_POINT('Ctrl Pts',(-0.15748031496063,0.27244094488189,0.335955277352712));
#7513=CARTESIAN_POINT('Ctrl Pts',(-0.175152478946726,0.27244094488189,0.335955277352712));
#7514=CARTESIAN_POINT('Ctrl Pts',(-0.192824249232036,0.272440944881889,
0.335955277352712));
#7515=CARTESIAN_POINT('Ctrl Pts',(-0.210798398397508,0.272440944881889,
0.335955277352712));
#7516=CARTESIAN_POINT('Ctrl Pts',(-0.211208099441947,0.272440944881889,
0.335955277352712));
#7517=CARTESIAN_POINT('Ctrl Pts',(-0.212001687867078,0.272440944881889,
0.336271439209302));
#7518=CARTESIAN_POINT('Ctrl Pts',(-0.21237131524714,0.272440944881889,0.336488910815778));
#7519=CARTESIAN_POINT('Ctrl Pts',(-0.212940748391915,0.272440944881889,
0.337038851190922));
#7520=CARTESIAN_POINT('Ctrl Pts',(-0.213177307923501,0.272440944881889,
0.337347889446295));
#7521=CARTESIAN_POINT('Ctrl Pts',(-0.21349925343421,0.272440944881889,0.338099861761566));
#7522=CARTESIAN_POINT('Ctrl Pts',(-0.213575468184842,0.27244094488189,0.338486195810271));
#7523=CARTESIAN_POINT('Ctrl Pts',(-0.213583632184553,0.27244094488189,0.339269940139062));
#7524=CARTESIAN_POINT('Ctrl Pts',(-0.21351589718127,0.272440944881889,0.339656937717925));
#7525=CARTESIAN_POINT('Ctrl Pts',(-0.213225524231293,0.272440944881889,
0.340376814411631));
#7526=CARTESIAN_POINT('Ctrl Pts',(-0.213011557466766,0.272440944881889,
0.340695335418292));
#7527=CARTESIAN_POINT('Ctrl Pts',(-0.212417403890206,0.272440944881889,
0.341292966885836));
#7528=CARTESIAN_POINT('Ctrl Pts',(-0.212042218440809,0.272440944881889,
0.341522212205796));
#7529=CARTESIAN_POINT('Ctrl Pts',(-0.211239810941623,0.272440944881889,
0.341860789163736));
#7530=CARTESIAN_POINT('Ctrl Pts',(-0.210813418455875,0.272440944881889,
0.341860789163736));
#7531=CARTESIAN_POINT('Ctrl Pts',(-0.192862446941163,0.272440944881889,
0.341860789163736));
#7532=CARTESIAN_POINT('Ctrl Pts',(-0.175171380950979,0.27244094488189,0.341860789163735));
#7533=CARTESIAN_POINT('Ctrl Pts',(-0.157480314960794,0.27244094488189,0.341860789163735));
#7534=CARTESIAN_POINT('',(-0.15748031496063,0.359222532145121,0.0359335850753896));
#7535=CARTESIAN_POINT('Ctrl Pts',(-0.157480314960794,0.27244094488189,0.341860789163735));
#7536=CARTESIAN_POINT('Ctrl Pts',(-0.15748031496063,0.302463147928552,0.314823254700944));
#7537=CARTESIAN_POINT('Ctrl Pts',(-0.15748031496063,0.313100511414559,0.265822380953374));
#7538=CARTESIAN_POINT('Ctrl Pts',(-0.15748031496063,0.324899657516679,0.140135349401976));
#7539=CARTESIAN_POINT('Ctrl Pts',(-0.15748031496063,0.327051243246108,0.0673631208979979));
#7540=CARTESIAN_POINT('Ctrl Pts',(-0.15748031496063,0.359222532145121,0.0359335850753896));
#7541=CARTESIAN_POINT('',(-0.15748031496063,0.356453839091345,0.0331345906534526));
#7542=CARTESIAN_POINT('Ctrl Pts',(-0.15748031496063,0.359222532145121,0.0359335850753897));
#7543=CARTESIAN_POINT('Ctrl Pts',(-0.161025076402062,0.359222532145121,
0.0359335850753897));
#7544=CARTESIAN_POINT('Ctrl Pts',(-0.164569837843495,0.359222532145121,
0.0359335850753896));
#7545=CARTESIAN_POINT('Ctrl Pts',(-0.168476421286885,0.359222532145121,
0.0359335850753896));
#7546=CARTESIAN_POINT('Ctrl Pts',(-0.168606702249484,0.359222532145121,
0.0359335850753895));
#7547=CARTESIAN_POINT('Ctrl Pts',(-0.168966518816684,0.359183042615384,
0.0358936633609521));
#7548=CARTESIAN_POINT('Ctrl Pts',(-0.169156089234238,0.359139143876365,
0.0358492841815855));
#7549=CARTESIAN_POINT('Ctrl Pts',(-0.169598842626468,0.358969811026113,
0.0356780981042197));
#7550=CARTESIAN_POINT('Ctrl Pts',(-0.169797548883837,0.358830475391841,
0.0355372375409394));
#7551=CARTESIAN_POINT('Ctrl Pts',(-0.170100176347468,0.35856592257773,0.0352697893852127));
#7552=CARTESIAN_POINT('Ctrl Pts',(-0.170232628158223,0.358406528849301,
0.0351086512062608));
#7553=CARTESIAN_POINT('Ctrl Pts',(-0.170408186234838,0.358060927066378,
0.0347592670586415));
#7554=CARTESIAN_POINT('Ctrl Pts',(-0.17042072067308,0.35792081308304,0.0346176196278206));
#7555=CARTESIAN_POINT('Ctrl Pts',(-0.170418659092813,0.357700897619416,
0.034395297346504));
#7556=CARTESIAN_POINT('Ctrl Pts',(-0.170379116789602,0.35756434049516,0.0342572457020474));
#7557=CARTESIAN_POINT('Ctrl Pts',(-0.170226078536563,0.357261554511316,
0.0339511459418509));
#7558=CARTESIAN_POINT('Ctrl Pts',(-0.170088678437817,0.357095099182709,
0.0337828688785494));
#7559=CARTESIAN_POINT('Ctrl Pts',(-0.169697035549268,0.356758724966181,
0.0334428132864486));
#7560=CARTESIAN_POINT('Ctrl Pts',(-0.169474455183702,0.356658418521914,
0.0333414090597852));
#7561=CARTESIAN_POINT('Ctrl Pts',(-0.169147747957408,0.35653637580458,0.0332180306720684));
#7562=CARTESIAN_POINT('Ctrl Pts',(-0.16894817804267,0.356491767304963,0.0331729339642812));
#7563=CARTESIAN_POINT('Ctrl Pts',(-0.168588247942433,0.356453839091345,
0.0331345906534526));
#7564=CARTESIAN_POINT('Ctrl Pts',(-0.168468318129034,0.356453839091345,
0.0331345906534526));
#7565=CARTESIAN_POINT('Ctrl Pts',(-0.164532784108876,0.356453839091345,
0.0331345906534527));
#7566=CARTESIAN_POINT('Ctrl Pts',(-0.161006746385147,0.356453839091345,
0.0331345906534526));
#7567=CARTESIAN_POINT('Ctrl Pts',(-0.15748031496063,0.356453839091345,0.0331345906534526));
#7568=CARTESIAN_POINT('Ctrl Pts',(-0.15748031496063,0.27244094488189,0.335955277352712));
#7569=CARTESIAN_POINT('Ctrl Pts',(-0.15748031496063,0.300709395699313,0.311669033555766));
#7570=CARTESIAN_POINT('Ctrl Pts',(-0.15748031496063,0.317336624119455,0.224694795570734));
#7571=CARTESIAN_POINT('Ctrl Pts',(-0.15748031496063,0.323531184841235,0.0661213526083473));
#7572=CARTESIAN_POINT('Ctrl Pts',(-0.15748031496063,0.356453839091345,0.0331345906534526));
#7573=CARTESIAN_POINT('Ctrl Pts',(0.15748031496063,0.27244094488189,0.335955277352712));
#7574=CARTESIAN_POINT('Ctrl Pts',(0.15748031496063,0.300684982867112,0.311690007326081));
#7575=CARTESIAN_POINT('Ctrl Pts',(0.15748031496063,0.309542644328539,0.265463794231054));
#7576=CARTESIAN_POINT('Ctrl Pts',(0.15748031496063,0.320627496995059,0.140452334212446));
#7577=CARTESIAN_POINT('Ctrl Pts',(0.15748031496063,0.323531184841235,0.0661213526083473));
#7578=CARTESIAN_POINT('Ctrl Pts',(0.15748031496063,0.356453839091345,0.0331345906534526));
#7579=CARTESIAN_POINT('Ctrl Pts',(0.153051181102362,0.27244094488189,0.335955277352712));
#7580=CARTESIAN_POINT('Ctrl Pts',(0.153854782899571,0.300684982867112,0.311690007326081));
#7581=CARTESIAN_POINT('Ctrl Pts',(0.154659079292782,0.309542644328539,0.265463794231054));
#7582=CARTESIAN_POINT('Ctrl Pts',(0.155802027830026,0.320627496995059,0.140452334212446));
#7583=CARTESIAN_POINT('Ctrl Pts',(0.156185153979482,0.323531184841235,0.0661213526083473));
#7584=CARTESIAN_POINT('Ctrl Pts',(0.156567904815292,0.356453839091345,0.0331345906534526));
#7585=CARTESIAN_POINT('Ctrl Pts',(0.143926316848481,0.27244094488189,0.335955277352712));
#7586=CARTESIAN_POINT('Ctrl Pts',(0.146404798059677,0.300684982867112,0.311690007326082));
#7587=CARTESIAN_POINT('Ctrl Pts',(0.148885421554706,0.30954264432854,0.265463794231055));
#7588=CARTESIAN_POINT('Ctrl Pts',(0.15242530164456,0.32062749699506,0.140452334212446));
#7589=CARTESIAN_POINT('Ctrl Pts',(0.153619975426747,0.323531184841236,0.0661213526083475));
#7590=CARTESIAN_POINT('Ctrl Pts',(0.154813478896306,0.356453839091346,0.0331345906534526));
#7591=CARTESIAN_POINT('Ctrl Pts',(0.130025526632994,0.27244094488189,0.335955277352711));
#7592=CARTESIAN_POINT('Ctrl Pts',(0.135071940861331,0.300684982867112,0.311690007326081));
#7593=CARTESIAN_POINT('Ctrl Pts',(0.140122716975309,0.309542644328539,0.265463794231054));
#7594=CARTESIAN_POINT('Ctrl Pts',(0.147344747759141,0.320627496995059,0.140452334212446));
#7595=CARTESIAN_POINT('Ctrl Pts',(0.14979000580617,0.323531184841235,0.0661213526083473));
#7596=CARTESIAN_POINT('Ctrl Pts',(0.152232868457556,0.356453839091344,0.0331345906534526));
#7597=CARTESIAN_POINT('Ctrl Pts',(0.116604691028982,0.27244094488189,0.335955277352712));
#7598=CARTESIAN_POINT('Ctrl Pts',(0.124087872931715,0.300684982867112,0.311690007326081));
#7599=CARTESIAN_POINT('Ctrl Pts',(0.131577522948683,0.309542644328539,0.265463794231054));
#7600=CARTESIAN_POINT('Ctrl Pts',(0.142297733940785,0.32062749699506,0.140452334212446));
#7601=CARTESIAN_POINT('Ctrl Pts',(0.145933319409372,0.323531184841236,0.0661213526083474));
#7602=CARTESIAN_POINT('Ctrl Pts',(0.14956534342742,0.356453839091346,0.0331345906534526));
#7603=CARTESIAN_POINT('Ctrl Pts',(0.108296133535893,0.27244094488189,0.335955277352712));
#7604=CARTESIAN_POINT('Ctrl Pts',(0.117243934149566,0.300684982867112,0.311690007326081));
#7605=CARTESIAN_POINT('Ctrl Pts',(0.126199468825737,0.309542644328539,0.265463794231054));
#7606=CARTESIAN_POINT('Ctrl Pts',(0.1389859375562,0.320627496995059,0.140452334212446));
#7607=CARTESIAN_POINT('Ctrl Pts',(0.143304947522187,0.323531184841235,0.0661213526083474));
#7608=CARTESIAN_POINT('Ctrl Pts',(0.147619726549167,0.356453839091345,0.0331345906534526));
#7609=CARTESIAN_POINT('Ctrl Pts',(0.103712339330264,0.27244094488189,0.335955277352711));
#7610=CARTESIAN_POINT('Ctrl Pts',(0.113464005011364,0.300684982867112,0.311690007326081));
#7611=CARTESIAN_POINT('Ctrl Pts',(0.12322409957852,0.309542644328539,0.265463794231054));
#7612=CARTESIAN_POINT('Ctrl Pts',(0.137084337059085,0.320627496995059,0.140452334212446));
#7613=CARTESIAN_POINT('Ctrl Pts',(0.141725280807968,0.323531184841235,0.0661213526083473));
#7614=CARTESIAN_POINT('Ctrl Pts',(0.146361678248765,0.356453839091345,0.0331345906534526));
#7615=CARTESIAN_POINT('Ctrl Pts',(0.102852392514413,0.272440944881889,0.336270115023779));
#7616=CARTESIAN_POINT('Ctrl Pts',(0.112710115690566,0.300756345806482,0.311869225860597));
#7617=CARTESIAN_POINT('Ctrl Pts',(0.12257635942394,0.309685431890084,0.265507276406146));
#7618=CARTESIAN_POINT('Ctrl Pts',(0.136585431839809,0.320768706307844,0.140413896961314));
#7619=CARTESIAN_POINT('Ctrl Pts',(0.141275168802392,0.32361554667273,0.0661160861163932));
#7620=CARTESIAN_POINT('Ctrl Pts',(0.14596031165864,0.356481409129828,0.0331624624263175));
#7621=CARTESIAN_POINT('Ctrl Pts',(0.101695072649411,0.27244094488189,0.337258964214908));
#7622=CARTESIAN_POINT('Ctrl Pts',(0.111702372509157,0.301068804419191,0.31241027952843));
#7623=CARTESIAN_POINT('Ctrl Pts',(0.121718322213249,0.310310619190187,0.26560014749707));
#7624=CARTESIAN_POINT('Ctrl Pts',(0.135803631062156,0.321452567496892,0.140331800812558));
#7625=CARTESIAN_POINT('Ctrl Pts',(0.140444340824461,0.324108322299879,0.0662277234761407));
#7626=CARTESIAN_POINT('Ctrl Pts',(0.145080504507894,0.356783286384124,0.0334676435115709));
#7627=CARTESIAN_POINT('Ctrl Pts',(0.101183027282778,0.272440944881889,0.338874959124645));
#7628=CARTESIAN_POINT('Ctrl Pts',(0.111277539367788,0.301560653392176,0.313233357174104));
#7629=CARTESIAN_POINT('Ctrl Pts',(0.121380776679333,0.311294742267524,0.265629622517893));
#7630=CARTESIAN_POINT('Ctrl Pts',(0.13530273019863,0.322753733750363,0.140305744580549));
#7631=CARTESIAN_POINT('Ctrl Pts',(0.139731655950447,0.325306772963196,0.0667688876037338));
#7632=CARTESIAN_POINT('Ctrl Pts',(0.144156243088816,0.357879122078355,0.0345754723448631));
#7633=CARTESIAN_POINT('Ctrl Pts',(0.10166121411278,0.272440944881891,0.340509385225518));
#7634=CARTESIAN_POINT('Ctrl Pts',(0.111666211329938,0.302061919454563,0.314071413787695));
#7635=CARTESIAN_POINT('Ctrl Pts',(0.121679856401143,0.312297707663357,0.265670621299475));
#7636=CARTESIAN_POINT('Ctrl Pts',(0.13580522734834,0.324056788600229,0.140269501652529));
#7637=CARTESIAN_POINT('Ctrl Pts',(0.140483044590315,0.326484848078352,0.0672834081702506));
#7638=CARTESIAN_POINT('Ctrl Pts',(0.145156279402614,0.358932339890016,0.0356402168732987));
#7639=CARTESIAN_POINT('Ctrl Pts',(0.102815710806075,0.272440944881889,0.341523272140927));
#7640=CARTESIAN_POINT('Ctrl Pts',(0.112675085447782,0.302387904113174,0.314630145272822));
#7641=CARTESIAN_POINT('Ctrl Pts',(0.12254298207416,0.31294995874655,0.265773803939144));
#7642=CARTESIAN_POINT('Ctrl Pts',(0.13657973961911,0.32475409303006,0.140178290364725));
#7643=CARTESIAN_POINT('Ctrl Pts',(0.141292599989397,0.326968548209927,0.0673745235197082));
#7644=CARTESIAN_POINT('Ctrl Pts',(0.14600084360146,0.359202644971928,0.0359134802512886));
#7645=CARTESIAN_POINT('Ctrl Pts',(0.103681061375694,0.27244094488189,0.341860789163735));
#7646=CARTESIAN_POINT('Ctrl Pts',(0.113440024037559,0.302463147928552,0.314823254700944));
#7647=CARTESIAN_POINT('Ctrl Pts',(0.123207421892651,0.313100511414559,0.265822380953374));
#7648=CARTESIAN_POINT('Ctrl Pts',(0.137082096383572,0.324899657516679,0.140135349401976));
#7649=CARTESIAN_POINT('Ctrl Pts',(0.141730097084872,0.327051243246108,0.0673631208979979));
#7650=CARTESIAN_POINT('Ctrl Pts',(0.146373544565034,0.359222532145121,0.0359335850753896));
#7651=CARTESIAN_POINT('Ctrl Pts',(0.112662711484521,0.27244094488189,0.341860789163735));
#7652=CARTESIAN_POINT('Ctrl Pts',(0.120821504262632,0.302463147928552,0.314823254700944));
#7653=CARTESIAN_POINT('Ctrl Pts',(0.128987349121582,0.313100511414559,0.265822380953374));
#7654=CARTESIAN_POINT('Ctrl Pts',(0.140659743335741,0.324899657516679,0.140135349401976));
#7655=CARTESIAN_POINT('Ctrl Pts',(0.144609741057219,0.327051243246108,0.0673631208979979));
#7656=CARTESIAN_POINT('Ctrl Pts',(0.148555869327234,0.359222532145121,0.0359335850753896));
#7657=CARTESIAN_POINT('Ctrl Pts',(0.13004213122588,0.27244094488189,0.341860789163735));
#7658=CARTESIAN_POINT('Ctrl Pts',(0.135077240673745,0.302463147928553,0.314823254700944));
#7659=CARTESIAN_POINT('Ctrl Pts',(0.140116702235928,0.31310051141456,0.265822380953374));
#7660=CARTESIAN_POINT('Ctrl Pts',(0.147345027731721,0.324899657516679,0.140135349401976));
#7661=CARTESIAN_POINT('Ctrl Pts',(0.149804620036958,0.327051243246108,0.067363120897998));
#7662=CARTESIAN_POINT('Ctrl Pts',(0.15226180290459,0.359222532145121,0.0359335850753896));
#7663=CARTESIAN_POINT('Ctrl Pts',(0.15748031496063,0.27244094488189,0.341860789163735));
#7664=CARTESIAN_POINT('Ctrl Pts',(0.15748031496063,0.302463147928552,0.314823254700944));
#7665=CARTESIAN_POINT('Ctrl Pts',(0.15748031496063,0.313100511414559,0.265822380953373));
#7666=CARTESIAN_POINT('Ctrl Pts',(0.15748031496063,0.324899657516679,0.140135349401975));
#7667=CARTESIAN_POINT('Ctrl Pts',(0.15748031496063,0.327051243246108,0.0673631208979978));
#7668=CARTESIAN_POINT('Ctrl Pts',(0.15748031496063,0.359222532145121,0.0359335850753896));
#7669=CARTESIAN_POINT('Ctrl Pts',(0.18491849869538,0.27244094488189,0.341860789163736));
#7670=CARTESIAN_POINT('Ctrl Pts',(0.179883389247514,0.302463147928553,0.314823254700944));
#7671=CARTESIAN_POINT('Ctrl Pts',(0.174843927685332,0.31310051141456,0.265822380953374));
#7672=CARTESIAN_POINT('Ctrl Pts',(0.167615602189539,0.324899657516679,0.140135349401976));
#7673=CARTESIAN_POINT('Ctrl Pts',(0.165156009884302,0.327051243246108,0.067363120897998));
#7674=CARTESIAN_POINT('Ctrl Pts',(0.16269882701667,0.359222532145121,0.0359335850753896));
#7675=CARTESIAN_POINT('Ctrl Pts',(0.202297918436739,0.27244094488189,0.341860789163735));
#7676=CARTESIAN_POINT('Ctrl Pts',(0.194139125658627,0.302463147928552,0.314823254700944));
#7677=CARTESIAN_POINT('Ctrl Pts',(0.185973280799678,0.313100511414559,0.265822380953374));
#7678=CARTESIAN_POINT('Ctrl Pts',(0.174300886585519,0.324899657516679,0.140135349401976));
#7679=CARTESIAN_POINT('Ctrl Pts',(0.17035088886404,0.327051243246108,0.0673631208979979));
#7680=CARTESIAN_POINT('Ctrl Pts',(0.166404760594026,0.359222532145121,0.0359335850753896));
#7681=CARTESIAN_POINT('Ctrl Pts',(0.211279568545566,0.27244094488189,0.341860789163735));
#7682=CARTESIAN_POINT('Ctrl Pts',(0.201520605883701,0.302463147928552,0.314823254700944));
#7683=CARTESIAN_POINT('Ctrl Pts',(0.191753208028609,0.313100511414559,0.265822380953374));
#7684=CARTESIAN_POINT('Ctrl Pts',(0.177878533537688,0.324899657516679,0.140135349401976));
#7685=CARTESIAN_POINT('Ctrl Pts',(0.173230532836388,0.327051243246108,0.0673631208979979));
#7686=CARTESIAN_POINT('Ctrl Pts',(0.168587085356226,0.359222532145121,0.0359335850753896));
#7687=CARTESIAN_POINT('Ctrl Pts',(0.212144919115185,0.27244094488189,0.341523272140927));
#7688=CARTESIAN_POINT('Ctrl Pts',(0.202285510140589,0.302387919830864,0.31463016116253));
#7689=CARTESIAN_POINT('Ctrl Pts',(0.192417579151647,0.312949990195515,0.265773835732295));
#7690=CARTESIAN_POINT('Ctrl Pts',(0.178380951027013,0.324754065230053,0.140178262260466));
#7691=CARTESIAN_POINT('Ctrl Pts',(0.17366823143166,0.326968455962773,0.067374430262975));
#7692=CARTESIAN_POINT('Ctrl Pts',(0.168960128456625,0.35920248834076,0.0359133219059049));
#7693=CARTESIAN_POINT('Ctrl Pts',(0.21329941580848,0.27244094488189,0.340509385225518));
#7694=CARTESIAN_POINT('Ctrl Pts',(0.203294320790637,0.302061946269264,0.314071440895864));
#7695=CARTESIAN_POINT('Ctrl Pts',(0.193280577834211,0.312297761315936,0.265670675539243));
#7696=CARTESIAN_POINT('Ctrl Pts',(0.179155575553801,0.324056741172846,0.140269453706087));
#7697=CARTESIAN_POINT('Ctrl Pts',(0.174478159323382,0.326484690702814,0.0672832490723496));
#7698=CARTESIAN_POINT('Ctrl Pts',(0.169805325129804,0.358932072674029,0.0356399467328237));
#7699=CARTESIAN_POINT('Ctrl Pts',(0.213777602638482,0.272440944881889,0.338874959124645));
#7700=CARTESIAN_POINT('Ctrl Pts',(0.203683190407126,0.301560499926591,0.313233202028948));
#7701=CARTESIAN_POINT('Ctrl Pts',(0.193580053035543,0.311294435203705,0.265629312093481));
#7702=CARTESIAN_POINT('Ctrl Pts',(0.179657723110646,0.322754005186211,0.140306018987069));
#7703=CARTESIAN_POINT('Ctrl Pts',(0.175228387929501,0.325307673653045,0.0667697981509911));
#7704=CARTESIAN_POINT('Ctrl Pts',(0.170803391762884,0.357880651405783,0.0345770184096883));
#7705=CARTESIAN_POINT('Ctrl Pts',(0.213265557271849,0.27244094488189,0.337258964214908));
#7706=CARTESIAN_POINT('Ctrl Pts',(0.203258240346419,0.30106877586682,0.312410250663573));
#7707=CARTESIAN_POINT('Ctrl Pts',(0.193242273561891,0.310310562060765,0.265600089742408));
#7708=CARTESIAN_POINT('Ctrl Pts',(0.179157029043321,0.321452617997708,0.140331851866069));
#7709=CARTESIAN_POINT('Ctrl Pts',(0.174516389255337,0.324108489873809,0.0662278928840478));
#7710=CARTESIAN_POINT('Ctrl Pts',(0.169880295477677,0.356783570916483,0.0334679311579327));
#7711=CARTESIAN_POINT('Ctrl Pts',(0.212108237406846,0.27244094488189,0.336270115023779));
#7712=CARTESIAN_POINT('Ctrl Pts',(0.202250504118305,0.30075634491405,0.311869224958397));
#7713=CARTESIAN_POINT('Ctrl Pts',(0.192384250263803,0.309685430104449,0.265507274600968));
#7714=CARTESIAN_POINT('Ctrl Pts',(0.178375215967315,0.320768707886297,0.140413898557041));
#7715=CARTESIAN_POINT('Ctrl Pts',(0.173685520468495,0.323615551910417,0.0661160914114025));
#7716=CARTESIAN_POINT('Ctrl Pts',(0.169000419035392,0.356481418023164,0.0331624714169848));
#7717=CARTESIAN_POINT('Ctrl Pts',(0.211248290590996,0.27244094488189,0.335955277352711));
#7718=CARTESIAN_POINT('Ctrl Pts',(0.201496624909896,0.300684982867112,0.311690007326081));
#7719=CARTESIAN_POINT('Ctrl Pts',(0.19173653034274,0.309542644328539,0.265463794231054));
#7720=CARTESIAN_POINT('Ctrl Pts',(0.177876292862175,0.320627496995059,0.140452334212446));
#7721=CARTESIAN_POINT('Ctrl Pts',(0.173235349113291,0.323531184841235,0.0661213526083473));
#7722=CARTESIAN_POINT('Ctrl Pts',(0.168598951672495,0.356453839091345,0.0331345906534526));
#7723=CARTESIAN_POINT('Ctrl Pts',(0.206664496385367,0.27244094488189,0.335955277352712));
#7724=CARTESIAN_POINT('Ctrl Pts',(0.197716695771693,0.300684982867112,0.311690007326081));
#7725=CARTESIAN_POINT('Ctrl Pts',(0.188761161095523,0.309542644328539,0.265463794231054));
#7726=CARTESIAN_POINT('Ctrl Pts',(0.17597469236506,0.320627496995059,0.140452334212446));
#7727=CARTESIAN_POINT('Ctrl Pts',(0.171655682399073,0.323531184841235,0.0661213526083473));
#7728=CARTESIAN_POINT('Ctrl Pts',(0.167340903372092,0.356453839091345,0.0331345906534526));
#7729=CARTESIAN_POINT('Ctrl Pts',(0.198355938892278,0.27244094488189,0.335955277352712));
#7730=CARTESIAN_POINT('Ctrl Pts',(0.190872756989544,0.300684982867112,0.311690007326081));
#7731=CARTESIAN_POINT('Ctrl Pts',(0.183383106972577,0.30954264432854,0.265463794231054));
#7732=CARTESIAN_POINT('Ctrl Pts',(0.172662895980475,0.32062749699506,0.140452334212445));
#7733=CARTESIAN_POINT('Ctrl Pts',(0.169027310511887,0.323531184841235,0.0661213526083472));
#7734=CARTESIAN_POINT('Ctrl Pts',(0.16539528649384,0.356453839091345,0.0331345906534526));
#7735=CARTESIAN_POINT('Ctrl Pts',(0.184935103288265,0.27244094488189,0.335955277352711));
#7736=CARTESIAN_POINT('Ctrl Pts',(0.179888689059929,0.300684982867112,0.311690007326081));
#7737=CARTESIAN_POINT('Ctrl Pts',(0.17483791294595,0.309542644328539,0.265463794231054));
#7738=CARTESIAN_POINT('Ctrl Pts',(0.167615882162119,0.320627496995059,0.140452334212446));
#7739=CARTESIAN_POINT('Ctrl Pts',(0.16517062411509,0.323531184841235,0.0661213526083475));
#7740=CARTESIAN_POINT('Ctrl Pts',(0.162727761463704,0.356453839091345,0.0331345906534526));
#7741=CARTESIAN_POINT('Ctrl Pts',(0.171034313072779,0.27244094488189,0.335955277352712));
#7742=CARTESIAN_POINT('Ctrl Pts',(0.168555831861583,0.300684982867112,0.311690007326081));
#7743=CARTESIAN_POINT('Ctrl Pts',(0.166075208366554,0.309542644328539,0.265463794231054));
#7744=CARTESIAN_POINT('Ctrl Pts',(0.1625353282767,0.32062749699506,0.140452334212446));
#7745=CARTESIAN_POINT('Ctrl Pts',(0.161340654494513,0.323531184841235,0.0661213526083472));
#7746=CARTESIAN_POINT('Ctrl Pts',(0.160147151024954,0.356453839091345,0.0331345906534526));
#7747=CARTESIAN_POINT('Ctrl Pts',(0.161909448818898,0.27244094488189,0.335955277352712));
#7748=CARTESIAN_POINT('Ctrl Pts',(0.161105847021688,0.300684982867112,0.311690007326081));
#7749=CARTESIAN_POINT('Ctrl Pts',(0.160301550628478,0.309542644328539,0.265463794231054));
#7750=CARTESIAN_POINT('Ctrl Pts',(0.159158602091234,0.320627496995059,0.140452334212446));
#7751=CARTESIAN_POINT('Ctrl Pts',(0.158775475941778,0.323531184841235,0.0661213526083473));
#7752=CARTESIAN_POINT('Ctrl Pts',(0.158392725105967,0.356453839091345,0.0331345906534526));
#7753=CARTESIAN_POINT('Ctrl Pts',(0.15748031496063,0.27244094488189,0.335955277352712));
#7754=CARTESIAN_POINT('Ctrl Pts',(0.15748031496063,0.300684982867112,0.311690007326081));
#7755=CARTESIAN_POINT('Ctrl Pts',(0.15748031496063,0.309542644328539,0.265463794231054));
#7756=CARTESIAN_POINT('Ctrl Pts',(0.15748031496063,0.320627496995059,0.140452334212446));
#7757=CARTESIAN_POINT('Ctrl Pts',(0.15748031496063,0.323531184841235,0.0661213526083473));
#7758=CARTESIAN_POINT('Ctrl Pts',(0.15748031496063,0.356453839091345,0.0331345906534526));
#7759=CARTESIAN_POINT('',(0.15748031496063,0.27244094488189,0.335955277352712));
#7760=CARTESIAN_POINT('',(0.15748031496063,0.27244094488189,0.341860789163735));
#7761=CARTESIAN_POINT('Ctrl Pts',(0.15748031496063,0.27244094488189,0.335955277352712));
#7762=CARTESIAN_POINT('Ctrl Pts',(0.139808150974523,0.27244094488189,0.335955277352712));
#7763=CARTESIAN_POINT('Ctrl Pts',(0.122136380689202,0.272440944881889,0.335955277352712));
#7764=CARTESIAN_POINT('Ctrl Pts',(0.10416223152374,0.272440944881889,0.335955277352712));
#7765=CARTESIAN_POINT('Ctrl Pts',(0.103752530479286,0.272440944881889,0.335955277352712));
#7766=CARTESIAN_POINT('Ctrl Pts',(0.102958942054167,0.272440944881889,0.336271439209315));
#7767=CARTESIAN_POINT('Ctrl Pts',(0.102589314674093,0.272440944881889,0.33648891081579));
#7768=CARTESIAN_POINT('Ctrl Pts',(0.102019881529313,0.272440944881889,0.337038851190963));
#7769=CARTESIAN_POINT('Ctrl Pts',(0.101783321997729,0.272440944881889,0.337347889446339));
#7770=CARTESIAN_POINT('Ctrl Pts',(0.10146137648703,0.272440944881889,0.338099861761635));
#7771=CARTESIAN_POINT('Ctrl Pts',(0.101385161736408,0.27244094488189,0.33848619581035));
#7772=CARTESIAN_POINT('Ctrl Pts',(0.101376997736716,0.27244094488189,0.339269940139137));
#7773=CARTESIAN_POINT('Ctrl Pts',(0.101444732740007,0.272440944881889,0.339656937717995));
#7774=CARTESIAN_POINT('Ctrl Pts',(0.101735105690001,0.272440944881889,0.340376814411691));
#7775=CARTESIAN_POINT('Ctrl Pts',(0.101949072454536,0.272440944881889,0.340695335418347));
#7776=CARTESIAN_POINT('Ctrl Pts',(0.102543226031082,0.272440944881889,0.341292966885849));
#7777=CARTESIAN_POINT('Ctrl Pts',(0.102918411480465,0.272440944881889,0.341522212205809));
#7778=CARTESIAN_POINT('Ctrl Pts',(0.103720818979662,0.272440944881889,0.341860789163736));
#7779=CARTESIAN_POINT('Ctrl Pts',(0.104147211465397,0.272440944881889,0.341860789163736));
#7780=CARTESIAN_POINT('Ctrl Pts',(0.122098182980169,0.272440944881889,0.341860789163736));
#7781=CARTESIAN_POINT('Ctrl Pts',(0.1397892489704,0.27244094488189,0.341860789163735));
#7782=CARTESIAN_POINT('Ctrl Pts',(0.15748031496063,0.27244094488189,0.341860789163735));
#7783=CARTESIAN_POINT('',(0.15748031496063,0.359222532145121,0.0359335850753896));
#7784=CARTESIAN_POINT('Ctrl Pts',(0.15748031496063,0.27244094488189,0.341860789163735));
#7785=CARTESIAN_POINT('Ctrl Pts',(0.15748031496063,0.302463147928552,0.314823254700944));
#7786=CARTESIAN_POINT('Ctrl Pts',(0.15748031496063,0.313100511414559,0.265822380953374));
#7787=CARTESIAN_POINT('Ctrl Pts',(0.15748031496063,0.324899657516679,0.140135349401976));
#7788=CARTESIAN_POINT('Ctrl Pts',(0.15748031496063,0.327051243246108,0.0673631208979979));
#7789=CARTESIAN_POINT('Ctrl Pts',(0.15748031496063,0.359222532145121,0.0359335850753896));
#7790=CARTESIAN_POINT('',(0.15748031496063,0.356453839091345,0.0331345906534526));
#7791=CARTESIAN_POINT('Ctrl Pts',(0.15748031496063,0.359222532145121,0.0359335850753897));
#7792=CARTESIAN_POINT('Ctrl Pts',(0.153935553519197,0.359222532145121,0.0359335850753897));
#7793=CARTESIAN_POINT('Ctrl Pts',(0.150390792077765,0.359222532145121,0.0359335850753897));
#7794=CARTESIAN_POINT('Ctrl Pts',(0.146484208634376,0.359222532145121,0.0359335850753897));
#7795=CARTESIAN_POINT('Ctrl Pts',(0.146353927671776,0.359222532145121,0.0359335850753897));
#7796=CARTESIAN_POINT('Ctrl Pts',(0.145994111104576,0.359183042615384,0.0358936633609521));
#7797=CARTESIAN_POINT('Ctrl Pts',(0.145804540687021,0.359139143876365,0.0358492841815855));
#7798=CARTESIAN_POINT('Ctrl Pts',(0.145361787294793,0.358969811026113,0.03567809810422));
#7799=CARTESIAN_POINT('Ctrl Pts',(0.145163081037424,0.358830475391841,0.0355372375409401));
#7800=CARTESIAN_POINT('Ctrl Pts',(0.144860453573792,0.358565922577729,0.0352697893852127));
#7801=CARTESIAN_POINT('Ctrl Pts',(0.144728001763037,0.358406528849301,0.0351086512062608));
#7802=CARTESIAN_POINT('Ctrl Pts',(0.144552443686421,0.358060927066378,0.0347592670586413));
#7803=CARTESIAN_POINT('Ctrl Pts',(0.14453990924818,0.35792081308304,0.0346176196278208));
#7804=CARTESIAN_POINT('Ctrl Pts',(0.144541970828446,0.357700897619416,0.0343952973465042));
#7805=CARTESIAN_POINT('Ctrl Pts',(0.144581513131658,0.35756434049516,0.0342572457020476));
#7806=CARTESIAN_POINT('Ctrl Pts',(0.144734551384697,0.357261554511316,0.0339511459418511));
#7807=CARTESIAN_POINT('Ctrl Pts',(0.144871951483443,0.357095099182709,0.0337828688785496));
#7808=CARTESIAN_POINT('Ctrl Pts',(0.145263594371992,0.356758724966181,0.0334428132864487));
#7809=CARTESIAN_POINT('Ctrl Pts',(0.145486174737558,0.356658418521914,0.0333414090597852));
#7810=CARTESIAN_POINT('Ctrl Pts',(0.145812881963852,0.356536375804579,0.0332180306720686));
#7811=CARTESIAN_POINT('Ctrl Pts',(0.146012451878589,0.356491767304962,0.0331729339642814));
#7812=CARTESIAN_POINT('Ctrl Pts',(0.146372381978826,0.356453839091345,0.0331345906534527));
#7813=CARTESIAN_POINT('Ctrl Pts',(0.146492311792225,0.356453839091345,0.0331345906534527));
#7814=CARTESIAN_POINT('Ctrl Pts',(0.150427845812383,0.356453839091345,0.0331345906534529));
#7815=CARTESIAN_POINT('Ctrl Pts',(0.153953883536113,0.356453839091345,0.0331345906534526));
#7816=CARTESIAN_POINT('Ctrl Pts',(0.15748031496063,0.356453839091345,0.0331345906534526));
#7817=CARTESIAN_POINT('Ctrl Pts',(0.15748031496063,0.27244094488189,0.335955277352712));
#7818=CARTESIAN_POINT('Ctrl Pts',(0.15748031496063,0.300709395699313,0.311669033555766));
#7819=CARTESIAN_POINT('Ctrl Pts',(0.15748031496063,0.317336624119455,0.224694795570734));
#7820=CARTESIAN_POINT('Ctrl Pts',(0.15748031496063,0.323531184841235,0.0661213526083473));
#7821=CARTESIAN_POINT('Ctrl Pts',(0.15748031496063,0.356453839091345,0.0331345906534526));
#7822=CARTESIAN_POINT('Origin',(-0.32007874015748,-0.27244094488189,-0.425));
#7823=CARTESIAN_POINT('',(-0.32007874015748,-0.27244094488189,-0.0986220472440943));
#7824=CARTESIAN_POINT('',(-0.32007874015748,-0.27244094488189,0.425));
#7825=CARTESIAN_POINT('',(-0.32007874015748,-0.27244094488189,-0.425));
#7826=CARTESIAN_POINT('',(-0.306299212598425,-0.27244094488189,-0.0986220472440944));
#7827=CARTESIAN_POINT('',(-0.306299212598425,-0.27244094488189,-0.0986220472440944));
#7828=CARTESIAN_POINT('',(-0.306299212598425,-0.27244094488189,-0.149803149606299));
#7829=CARTESIAN_POINT('',(-0.306299212598425,-0.27244094488189,-0.149803149606299));
#7830=CARTESIAN_POINT('',(-0.32007874015748,-0.27244094488189,-0.149803149606299));
#7831=CARTESIAN_POINT('',(-0.306299212598425,-0.27244094488189,-0.149803149606299));
#7832=CARTESIAN_POINT('',(-0.32007874015748,-0.27244094488189,-0.198983695487425));
#7833=CARTESIAN_POINT('',(-0.32007874015748,-0.27244094488189,-0.425));
#7834=CARTESIAN_POINT('',(-0.32007874015748,-0.27244094488189,-0.425));
#7835=CARTESIAN_POINT('',(-0.32007874015748,-0.27244094488189,-0.425));
#7836=CARTESIAN_POINT('',(0.32007874015748,-0.27244094488189,-0.425));
#7837=CARTESIAN_POINT('',(-0.32007874015748,-0.27244094488189,-0.425));
#7838=CARTESIAN_POINT('',(0.32007874015748,-0.27244094488189,-0.198983695487425));
#7839=CARTESIAN_POINT('',(0.32007874015748,-0.27244094488189,-0.425));
#7840=CARTESIAN_POINT('',(0.32007874015748,-0.27244094488189,-0.149803149606299));
#7841=CARTESIAN_POINT('',(0.32007874015748,-0.27244094488189,-0.425));
#7842=CARTESIAN_POINT('',(0.306299212598425,-0.27244094488189,-0.149803149606299));
#7843=CARTESIAN_POINT('',(0.306299212598425,-0.27244094488189,-0.149803149606299));
#7844=CARTESIAN_POINT('',(0.306299212598425,-0.27244094488189,-0.0986220472440944));
#7845=CARTESIAN_POINT('',(0.306299212598425,-0.27244094488189,-0.149803149606299));
#7846=CARTESIAN_POINT('',(0.32007874015748,-0.27244094488189,-0.0986220472440944));
#7847=CARTESIAN_POINT('',(0.306299212598425,-0.27244094488189,-0.0986220472440944));
#7848=CARTESIAN_POINT('',(0.32007874015748,-0.27244094488189,0.425));
#7849=CARTESIAN_POINT('',(0.32007874015748,-0.27244094488189,-0.425));
#7850=CARTESIAN_POINT('',(-0.32007874015748,-0.27244094488189,0.425));
#7851=CARTESIAN_POINT('',(-0.267913385826772,-0.27244094488189,0.146850393700787));
#7852=CARTESIAN_POINT('',(-0.254133858267717,-0.27244094488189,0.146850393700787));
#7853=CARTESIAN_POINT('',(-0.267913385826772,-0.27244094488189,0.146850393700787));
#7854=CARTESIAN_POINT('',(-0.267913385826772,-0.27244094488189,0.164566929133858));
#7855=CARTESIAN_POINT('',(-0.267913385826772,-0.27244094488189,0.146850393700787));
#7856=CARTESIAN_POINT('',(-0.254133858267717,-0.27244094488189,0.164566929133858));
#7857=CARTESIAN_POINT('',(-0.267913385826772,-0.27244094488189,0.164566929133858));
#7858=CARTESIAN_POINT('',(-0.254133858267717,-0.27244094488189,0.146850393700787));
#7859=CARTESIAN_POINT('',(0.154133858267717,-0.27244094488189,0.146850393700787));
#7860=CARTESIAN_POINT('',(0.167913385826772,-0.27244094488189,0.146850393700787));
#7861=CARTESIAN_POINT('',(0.167913385826772,-0.27244094488189,0.146850393700787));
#7862=CARTESIAN_POINT('',(0.154133858267717,-0.27244094488189,0.164566929133858));
#7863=CARTESIAN_POINT('',(0.154133858267717,-0.27244094488189,0.146850393700787));
#7864=CARTESIAN_POINT('',(0.167913385826772,-0.27244094488189,0.164566929133858));
#7865=CARTESIAN_POINT('',(0.167913385826772,-0.27244094488189,0.164566929133858));
#7866=CARTESIAN_POINT('',(0.167913385826772,-0.27244094488189,0.146850393700787));
#7867=CARTESIAN_POINT('',(-0.167913385826772,-0.27244094488189,0.146850393700787));
#7868=CARTESIAN_POINT('',(-0.154133858267717,-0.27244094488189,0.146850393700787));
#7869=CARTESIAN_POINT('',(-0.167913385826772,-0.27244094488189,0.146850393700787));
#7870=CARTESIAN_POINT('',(-0.167913385826772,-0.27244094488189,0.164566929133858));
#7871=CARTESIAN_POINT('',(-0.167913385826772,-0.27244094488189,0.146850393700787));
#7872=CARTESIAN_POINT('',(-0.154133858267717,-0.27244094488189,0.164566929133858));
#7873=CARTESIAN_POINT('',(-0.167913385826772,-0.27244094488189,0.164566929133858));
#7874=CARTESIAN_POINT('',(-0.154133858267717,-0.27244094488189,0.146850393700787));
#7875=CARTESIAN_POINT('',(0.254133858267717,-0.27244094488189,0.146850393700787));
#7876=CARTESIAN_POINT('',(0.267913385826772,-0.27244094488189,0.146850393700787));
#7877=CARTESIAN_POINT('',(0.267913385826772,-0.27244094488189,0.146850393700787));
#7878=CARTESIAN_POINT('',(0.254133858267717,-0.27244094488189,0.164566929133858));
#7879=CARTESIAN_POINT('',(0.254133858267717,-0.27244094488189,0.146850393700787));
#7880=CARTESIAN_POINT('',(0.267913385826772,-0.27244094488189,0.164566929133858));
#7881=CARTESIAN_POINT('',(0.267913385826772,-0.27244094488189,0.164566929133858));
#7882=CARTESIAN_POINT('',(0.267913385826772,-0.27244094488189,0.146850393700787));
#7883=CARTESIAN_POINT('',(-0.168110236220472,-0.27244094488189,-0.245275590551181));
#7884=CARTESIAN_POINT('',(-0.181889763779528,-0.27244094488189,-0.245275590551181));
#7885=CARTESIAN_POINT('',(-0.181889763779528,-0.27244094488189,-0.245275590551181));
#7886=CARTESIAN_POINT('',(-0.168110236220472,-0.27244094488189,-0.262992125984252));
#7887=CARTESIAN_POINT('',(-0.168110236220472,-0.27244094488189,-0.245275590551181));
#7888=CARTESIAN_POINT('',(-0.181889763779528,-0.27244094488189,-0.262992125984252));
#7889=CARTESIAN_POINT('',(-0.181889763779528,-0.27244094488189,-0.262992125984252));
#7890=CARTESIAN_POINT('',(-0.181889763779528,-0.27244094488189,-0.245275590551181));
#7891=CARTESIAN_POINT('',(-0.0681102362204724,-0.27244094488189,-0.245275590551181));
#7892=CARTESIAN_POINT('',(-0.0818897637795276,-0.27244094488189,-0.245275590551181));
#7893=CARTESIAN_POINT('',(-0.0818897637795276,-0.27244094488189,-0.245275590551181));
#7894=CARTESIAN_POINT('',(-0.0681102362204724,-0.27244094488189,-0.262992125984252));
#7895=CARTESIAN_POINT('',(-0.0681102362204724,-0.27244094488189,-0.245275590551181));
#7896=CARTESIAN_POINT('',(-0.0818897637795276,-0.27244094488189,-0.262992125984252));
#7897=CARTESIAN_POINT('',(-0.0818897637795276,-0.27244094488189,-0.262992125984252));
#7898=CARTESIAN_POINT('',(-0.0818897637795276,-0.27244094488189,-0.245275590551181));
#7899=CARTESIAN_POINT('',(0.0318897637795276,-0.27244094488189,-0.245275590551181));
#7900=CARTESIAN_POINT('',(0.0181102362204724,-0.27244094488189,-0.245275590551181));
#7901=CARTESIAN_POINT('',(0.0181102362204724,-0.27244094488189,-0.245275590551181));
#7902=CARTESIAN_POINT('',(0.0318897637795276,-0.27244094488189,-0.262992125984252));
#7903=CARTESIAN_POINT('',(0.0318897637795276,-0.27244094488189,-0.245275590551181));
#7904=CARTESIAN_POINT('',(0.0181102362204724,-0.27244094488189,-0.262992125984252));
#7905=CARTESIAN_POINT('',(0.0181102362204724,-0.27244094488189,-0.262992125984252));
#7906=CARTESIAN_POINT('',(0.0181102362204724,-0.27244094488189,-0.245275590551181));
#7907=CARTESIAN_POINT('',(0.231889763779528,-0.27244094488189,-0.245275590551181));
#7908=CARTESIAN_POINT('',(0.218110236220472,-0.27244094488189,-0.245275590551181));
#7909=CARTESIAN_POINT('',(0.218110236220472,-0.27244094488189,-0.245275590551181));
#7910=CARTESIAN_POINT('',(0.231889763779528,-0.27244094488189,-0.262992125984252));
#7911=CARTESIAN_POINT('',(0.231889763779528,-0.27244094488189,-0.245275590551181));
#7912=CARTESIAN_POINT('',(0.218110236220472,-0.27244094488189,-0.262992125984252));
#7913=CARTESIAN_POINT('',(0.218110236220472,-0.27244094488189,-0.262992125984252));
#7914=CARTESIAN_POINT('',(0.218110236220472,-0.27244094488189,-0.245275590551181));
#7915=CARTESIAN_POINT('',(-0.231889763779528,-0.27244094488189,-0.362992125984252));
#7916=CARTESIAN_POINT('',(-0.218110236220472,-0.27244094488189,-0.362992125984252));
#7917=CARTESIAN_POINT('',(-0.218110236220472,-0.27244094488189,-0.362992125984252));
#7918=CARTESIAN_POINT('',(-0.231889763779528,-0.27244094488189,-0.345275590551181));
#7919=CARTESIAN_POINT('',(-0.231889763779528,-0.27244094488189,-0.362992125984252));
#7920=CARTESIAN_POINT('',(-0.218110236220472,-0.27244094488189,-0.345275590551181));
#7921=CARTESIAN_POINT('',(-0.218110236220472,-0.27244094488189,-0.345275590551181));
#7922=CARTESIAN_POINT('',(-0.218110236220472,-0.27244094488189,-0.362992125984252));
#7923=CARTESIAN_POINT('',(-0.131889763779528,-0.27244094488189,-0.362992125984252));
#7924=CARTESIAN_POINT('',(-0.118110236220472,-0.27244094488189,-0.362992125984252));
#7925=CARTESIAN_POINT('',(-0.118110236220472,-0.27244094488189,-0.362992125984252));
#7926=CARTESIAN_POINT('',(-0.131889763779528,-0.27244094488189,-0.345275590551181));
#7927=CARTESIAN_POINT('',(-0.131889763779528,-0.27244094488189,-0.362992125984252));
#7928=CARTESIAN_POINT('',(-0.118110236220472,-0.27244094488189,-0.345275590551181));
#7929=CARTESIAN_POINT('',(-0.118110236220472,-0.27244094488189,-0.345275590551181));
#7930=CARTESIAN_POINT('',(-0.118110236220472,-0.27244094488189,-0.362992125984252));
#7931=CARTESIAN_POINT('',(-0.0318897637795276,-0.27244094488189,-0.362992125984252));
#7932=CARTESIAN_POINT('',(-0.0181102362204724,-0.27244094488189,-0.362992125984252));
#7933=CARTESIAN_POINT('',(-0.0181102362204724,-0.27244094488189,-0.362992125984252));
#7934=CARTESIAN_POINT('',(-0.0318897637795276,-0.27244094488189,-0.345275590551181));
#7935=CARTESIAN_POINT('',(-0.0318897637795276,-0.27244094488189,-0.362992125984252));
#7936=CARTESIAN_POINT('',(-0.0181102362204724,-0.27244094488189,-0.345275590551181));
#7937=CARTESIAN_POINT('',(-0.0181102362204724,-0.27244094488189,-0.345275590551181));
#7938=CARTESIAN_POINT('',(-0.0181102362204724,-0.27244094488189,-0.362992125984252));
#7939=CARTESIAN_POINT('',(0.0681102362204724,-0.27244094488189,-0.362992125984252));
#7940=CARTESIAN_POINT('',(0.0818897637795276,-0.27244094488189,-0.362992125984252));
#7941=CARTESIAN_POINT('',(0.0818897637795276,-0.27244094488189,-0.362992125984252));
#7942=CARTESIAN_POINT('',(0.0681102362204724,-0.27244094488189,-0.345275590551181));
#7943=CARTESIAN_POINT('',(0.0681102362204724,-0.27244094488189,-0.362992125984252));
#7944=CARTESIAN_POINT('',(0.0818897637795276,-0.27244094488189,-0.345275590551181));
#7945=CARTESIAN_POINT('',(0.0818897637795276,-0.27244094488189,-0.345275590551181));
#7946=CARTESIAN_POINT('',(0.0818897637795276,-0.27244094488189,-0.362992125984252));
#7947=CARTESIAN_POINT('',(0.168110236220472,-0.27244094488189,-0.362992125984252));
#7948=CARTESIAN_POINT('',(0.181889763779528,-0.27244094488189,-0.362992125984252));
#7949=CARTESIAN_POINT('',(0.181889763779528,-0.27244094488189,-0.362992125984252));
#7950=CARTESIAN_POINT('',(0.168110236220472,-0.27244094488189,-0.345275590551181));
#7951=CARTESIAN_POINT('',(0.168110236220472,-0.27244094488189,-0.362992125984252));
#7952=CARTESIAN_POINT('',(0.181889763779528,-0.27244094488189,-0.345275590551181));
#7953=CARTESIAN_POINT('',(0.181889763779528,-0.27244094488189,-0.345275590551181));
#7954=CARTESIAN_POINT('',(0.181889763779528,-0.27244094488189,-0.362992125984252));
#7955=CARTESIAN_POINT('Origin',(0.,0.,0.405314960629921));
#7956=CARTESIAN_POINT('',(0.236220472440945,-0.134645669291339,0.405314960629921));
#7957=CARTESIAN_POINT('',(0.137795275590551,-0.134645669291339,0.405314960629921));
#7958=CARTESIAN_POINT('',(0.236220472440945,-0.134645669291339,0.405314960629921));
#7959=CARTESIAN_POINT('',(0.236220472440945,-0.00708661417322827,0.405314960629921));
#7960=CARTESIAN_POINT('',(0.236220472440945,-0.193700787401575,0.405314960629921));
#7961=CARTESIAN_POINT('',(0.196850393700787,-0.00708661417322828,0.405314960629921));
#7962=CARTESIAN_POINT('',(0.236220472440945,-0.00708661417322827,0.405314960629921));
#7963=CARTESIAN_POINT('',(0.196850393700787,0.0716535433070867,0.405314960629921));
#7964=CARTESIAN_POINT('',(0.196850393700787,-0.00708661417322828,0.405314960629921));
#7965=CARTESIAN_POINT('',(0.236220472440945,0.0716535433070867,0.405314960629921));
#7966=CARTESIAN_POINT('',(0.196850393700787,0.0716535433070867,0.405314960629921));
#7967=CARTESIAN_POINT('',(0.236220472440945,0.189763779527559,0.405314960629921));
#7968=CARTESIAN_POINT('',(0.236220472440945,0.0716535433070867,0.405314960629921));
#7969=CARTESIAN_POINT('',(-0.236220472440945,0.189763779527559,0.405314960629921));
#7970=CARTESIAN_POINT('',(-0.236220472440945,0.189763779527559,0.405314960629921));
#7971=CARTESIAN_POINT('',(-0.236220472440945,0.0716535433070866,0.405314960629921));
#7972=CARTESIAN_POINT('',(-0.236220472440945,0.0716535433070866,0.405314960629921));
#7973=CARTESIAN_POINT('',(-0.196850393700787,0.0716535433070866,0.405314960629921));
#7974=CARTESIAN_POINT('',(-0.196850393700787,0.0716535433070866,0.405314960629921));
#7975=CARTESIAN_POINT('',(-0.196850393700787,-0.00708661417322833,0.405314960629921));
#7976=CARTESIAN_POINT('',(-0.196850393700787,-0.00708661417322833,0.405314960629921));
#7977=CARTESIAN_POINT('',(-0.236220472440945,-0.00708661417322833,0.405314960629921));
#7978=CARTESIAN_POINT('',(-0.236220472440945,-0.00708661417322833,0.405314960629921));
#7979=CARTESIAN_POINT('',(-0.236220472440945,-0.134645669291339,0.405314960629921));
#7980=CARTESIAN_POINT('',(-0.236220472440945,-0.193700787401575,0.405314960629921));
#7981=CARTESIAN_POINT('',(-0.137795275590551,-0.134645669291339,0.405314960629921));
#7982=CARTESIAN_POINT('',(-0.236220472440945,-0.134645669291339,0.405314960629921));
#7983=CARTESIAN_POINT('',(-0.137795275590551,-0.193700787401575,0.405314960629921));
#7984=CARTESIAN_POINT('',(-0.137795275590551,-0.134645669291339,0.405314960629921));
#7985=CARTESIAN_POINT('',(-0.0984251968503937,-0.193700787401575,0.405314960629921));
#7986=CARTESIAN_POINT('',(-0.0984251968503937,-0.193700787401575,0.405314960629921));
#7987=CARTESIAN_POINT('',(-0.0984251968503937,-0.252755905511811,0.405314960629921));
#7988=CARTESIAN_POINT('',(-0.0984251968503937,-0.252755905511811,0.405314960629921));
#7989=CARTESIAN_POINT('',(0.0984251968503938,-0.252755905511811,0.405314960629921));
#7990=CARTESIAN_POINT('',(-0.0984251968503937,-0.252755905511811,0.405314960629921));
#7991=CARTESIAN_POINT('',(0.0984251968503938,-0.193700787401575,0.405314960629921));
#7992=CARTESIAN_POINT('',(0.0984251968503938,-0.252755905511811,0.405314960629921));
#7993=CARTESIAN_POINT('',(0.137795275590551,-0.193700787401575,0.405314960629921));
#7994=CARTESIAN_POINT('',(0.0984251968503938,-0.193700787401575,0.405314960629921));
#7995=CARTESIAN_POINT('',(0.137795275590551,-0.134645669291339,0.405314960629921));
#7996=CARTESIAN_POINT('Origin',(0.236220472440945,-0.193700787401575,0.405314960629921));
#7997=CARTESIAN_POINT('',(0.236220472440945,-0.134645669291339,0.423031496062992));
#7998=CARTESIAN_POINT('',(0.236220472440945,-0.134645669291339,0.423031496062992));
#7999=CARTESIAN_POINT('',(0.236220472440945,-0.193700787401575,0.423031496062992));
#8000=CARTESIAN_POINT('',(0.236220472440945,-0.134645669291339,0.423031496062992));
#8001=CARTESIAN_POINT('',(0.236220472440945,-0.193700787401575,0.425));
#8002=CARTESIAN_POINT('',(0.236220472440945,-0.193700787401575,0.405314960629921));
#8003=CARTESIAN_POINT('',(0.236220472440945,-0.00708661417322827,0.425));
#8004=CARTESIAN_POINT('',(0.236220472440945,-0.193700787401575,0.425));
#8005=CARTESIAN_POINT('',(0.236220472440945,-0.00708661417322827,0.405314960629921));
#8006=CARTESIAN_POINT('Origin',(0.0984251968503938,-0.193700787401575,0.405314960629921));
#8007=CARTESIAN_POINT('',(0.137795275590551,-0.193700787401575,0.423031496062992));
#8008=CARTESIAN_POINT('',(0.137795275590551,-0.193700787401575,0.423031496062992));
#8009=CARTESIAN_POINT('',(0.0984251968503938,-0.193700787401575,0.425));
#8010=CARTESIAN_POINT('',(0.0984251968503938,-0.193700787401575,0.405314960629921));
#8011=CARTESIAN_POINT('',(0.0984251968503938,-0.193700787401575,0.425));
#8012=CARTESIAN_POINT('',(0.236220472440945,-0.193700787401575,0.423031496062992));
#8013=CARTESIAN_POINT('Origin',(-0.0984251968503937,-0.193700787401575,
0.405314960629921));
#8014=CARTESIAN_POINT('',(-0.137795275590551,-0.193700787401575,0.423031496062992));
#8015=CARTESIAN_POINT('',(-0.137795275590551,-0.193700787401575,0.423031496062992));
#8016=CARTESIAN_POINT('',(-0.236220472440945,-0.193700787401575,0.423031496062992));
#8017=CARTESIAN_POINT('',(-0.236220472440945,-0.193700787401575,0.423031496062992));
#8018=CARTESIAN_POINT('',(-0.236220472440945,-0.193700787401575,0.425));
#8019=CARTESIAN_POINT('',(-0.236220472440945,-0.193700787401575,0.405314960629921));
#8020=CARTESIAN_POINT('',(-0.0984251968503937,-0.193700787401575,0.425));
#8021=CARTESIAN_POINT('',(-0.0984251968503937,-0.193700787401575,0.425));
#8022=CARTESIAN_POINT('',(-0.0984251968503937,-0.193700787401575,0.405314960629921));
#8023=CARTESIAN_POINT('Origin',(-0.236220472440945,-0.193700787401575,0.405314960629921));
#8024=CARTESIAN_POINT('',(-0.236220472440945,-0.134645669291339,0.423031496062992));
#8025=CARTESIAN_POINT('',(-0.236220472440945,-0.134645669291339,0.423031496062992));
#8026=CARTESIAN_POINT('',(-0.236220472440945,-0.00708661417322833,0.425));
#8027=CARTESIAN_POINT('',(-0.236220472440945,-0.00708661417322833,0.405314960629921));
#8028=CARTESIAN_POINT('',(-0.236220472440945,-0.193700787401575,0.425));
#8029=CARTESIAN_POINT('',(-0.236220472440945,-0.134645669291339,0.423031496062992));
#8030=CARTESIAN_POINT('Origin',(-0.32007874015748,0.27244094488189,-0.425));
#8031=CARTESIAN_POINT('',(-0.32007874015748,0.193700787401575,-0.344488188976378));
#8032=CARTESIAN_POINT('',(-0.32007874015748,-0.193700787401575,-0.344488188976378));
#8033=CARTESIAN_POINT('',(-0.32007874015748,0.27244094488189,-0.344488188976378));
#8034=CARTESIAN_POINT('',(-0.32007874015748,0.27244094488189,-0.425));
#8035=CARTESIAN_POINT('',(-0.32007874015748,0.27244094488189,-0.425));
#8036=CARTESIAN_POINT('',(-0.32007874015748,-0.193700787401575,-0.425));
#8037=CARTESIAN_POINT('',(-0.32007874015748,0.27244094488189,-0.425));
#8038=CARTESIAN_POINT('',(-0.32007874015748,-0.193700787401575,-0.425));
#8039=CARTESIAN_POINT('',(-0.32007874015748,-0.0804228249845882,-0.404118325547644));
#8040=CARTESIAN_POINT('',(-0.32007874015748,-0.0804228249845882,-0.36357665684673));
#8041=CARTESIAN_POINT('',(-0.32007874015748,-0.0804228249845882,-0.36357665684673));
#8042=CARTESIAN_POINT('',(-0.32007874015748,-0.119442999180826,-0.36357665684673));
#8043=CARTESIAN_POINT('',(-0.32007874015748,-0.0804228249845882,-0.36357665684673));
#8044=CARTESIAN_POINT('',(-0.32007874015748,-0.119442999180826,-0.404118325547644));
#8045=CARTESIAN_POINT('',(-0.32007874015748,-0.119442999180826,-0.36357665684673));
#8046=CARTESIAN_POINT('',(-0.32007874015748,-0.0804228249845882,-0.404118325547644));
#8047=CARTESIAN_POINT('Origin',(-0.32007874015748,0.27244094488189,-0.425));
#8048=CARTESIAN_POINT('',(-0.32007874015748,0.27244094488189,-0.0557128952486359));
#8049=CARTESIAN_POINT('',(-0.32007874015748,0.193700787401575,-0.0887000760834816));
#8050=CARTESIAN_POINT('',(-0.32007874015748,0.140831415136211,-0.110849022686469));
#8051=CARTESIAN_POINT('',(-0.32007874015748,0.193700787401575,-0.425));
#8052=CARTESIAN_POINT('',(-0.32007874015748,-0.193700787401575,-0.198983695487425));
#8053=CARTESIAN_POINT('',(-0.32007874015748,-0.193700787401575,-0.425));
#8054=CARTESIAN_POINT('',(-0.32007874015748,0.27244094488189,-0.198983695487424));
#8055=CARTESIAN_POINT('',(-0.32007874015748,-0.388582677165354,-0.149803149606299));
#8056=CARTESIAN_POINT('',(-0.32007874015748,-0.27244094488189,-0.149803149606299));
#8057=CARTESIAN_POINT('',(-0.32007874015748,-0.402362204724409,-0.144787811732552));
#8058=CARTESIAN_POINT('',(-0.32007874015748,0.283562432907019,-0.394443962780224));
#8059=CARTESIAN_POINT('',(-0.32007874015748,-0.402362204724409,-0.103637385117841));
#8060=CARTESIAN_POINT('',(-0.32007874015748,-0.402362204724409,-0.149803149606299));
#8061=CARTESIAN_POINT('',(-0.32007874015748,-0.388582677165354,-0.0986220472440944));
#8062=CARTESIAN_POINT('',(-0.32007874015748,0.0902200180249282,0.0756478818915998));
#8063=CARTESIAN_POINT('',(-0.32007874015748,-0.27244094488189,-0.0986220472440944));
#8064=CARTESIAN_POINT('',(-0.32007874015748,0.27244094488189,0.425));
#8065=CARTESIAN_POINT('',(-0.32007874015748,0.27244094488189,0.425));
#8066=CARTESIAN_POINT('',(-0.32007874015748,0.27244094488189,-0.425));
#8067=CARTESIAN_POINT('Ctrl Pts',(-0.32007874015748,0.134645669291339,0.336227470303083));
#8068=CARTESIAN_POINT('Ctrl Pts',(-0.32007874015748,0.152050948114693,0.336227470303083));
#8069=CARTESIAN_POINT('Ctrl Pts',(-0.320078740157499,0.169455833237259,
0.33622747030307));
#8070=CARTESIAN_POINT('Ctrl Pts',(-0.320078740157499,0.187841892869348,
0.33622747030307));
#8071=CARTESIAN_POINT('Ctrl Pts',(-0.320078740157499,0.18798023903357,0.33622747030307));
#8072=CARTESIAN_POINT('Ctrl Pts',(-0.320078740157499,0.188573668283324,
0.33629237368889));
#8073=CARTESIAN_POINT('Ctrl Pts',(-0.320078740157499,0.188896793324788,
0.33641833910693));
#8074=CARTESIAN_POINT('Ctrl Pts',(-0.320078740157499,0.189463869632147,
0.336730484461464));
#8075=CARTESIAN_POINT('Ctrl Pts',(-0.320078740157499,0.18981258494939,0.336976065657758));
#8076=CARTESIAN_POINT('Ctrl Pts',(-0.320078740157499,0.190350649400793,
0.337646731841619));
#8077=CARTESIAN_POINT('Ctrl Pts',(-0.320078740157499,0.190524071328307,
0.337980673729168));
#8078=CARTESIAN_POINT('Ctrl Pts',(-0.320078740157499,0.190762504719761,
0.338808876482929));
#8079=CARTESIAN_POINT('Ctrl Pts',(-0.320078740157499,0.190753948209332,
0.339214740975094));
#8080=CARTESIAN_POINT('Ctrl Pts',(-0.320078740157499,0.190701237437469,
0.339830931426021));
#8081=CARTESIAN_POINT('Ctrl Pts',(-0.320078740157499,0.190598191340837,
0.340198685287434));
#8082=CARTESIAN_POINT('Ctrl Pts',(-0.320078740157499,0.190243238270843,
0.340880641276721));
#8083=CARTESIAN_POINT('Ctrl Pts',(-0.320078740157499,0.189997659796719,
0.341179264185074));
#8084=CARTESIAN_POINT('Ctrl Pts',(-0.320078740157499,0.189509446170082,
0.341589010226078));
#8085=CARTESIAN_POINT('Ctrl Pts',(-0.320078740157499,0.189165857021991,
0.341841582180921));
#8086=CARTESIAN_POINT('Ctrl Pts',(-0.320078740157499,0.188304535417883,
0.342132982114093));
#8087=CARTESIAN_POINT('Ctrl Pts',(-0.320078740157499,0.187936808146086,
0.342132982114093));
#8088=CARTESIAN_POINT('Ctrl Pts',(-0.320078740157499,0.169929758466544,
0.342132982114093));
#8089=CARTESIAN_POINT('Ctrl Pts',(-0.32007874015748,0.152287910729334,0.342132982114107));
#8090=CARTESIAN_POINT('Ctrl Pts',(-0.32007874015748,0.134645669291339,0.342132982114107));
#8091=CARTESIAN_POINT('Ctrl Pts',(-0.32007874015748,-0.101574803149606,
0.336227470303083));
#8092=CARTESIAN_POINT('Ctrl Pts',(-0.32007874015748,-0.0839218208306361,
0.336227470303083));
#8093=CARTESIAN_POINT('Ctrl Pts',(-0.32007874015748,-0.0662688385116657,
0.336227470303083));
#8094=CARTESIAN_POINT('Ctrl Pts',(-0.32007874015748,-0.0482736866996413,
0.336227470303083));
#8095=CARTESIAN_POINT('Ctrl Pts',(-0.32007874015748,-0.0478885447342303,
0.336227470303083));
#8096=CARTESIAN_POINT('Ctrl Pts',(-0.32007874015748,-0.0470781288214029,
0.336522665959481));
#8097=CARTESIAN_POINT('Ctrl Pts',(-0.32007874015748,-0.0467241048539561,
0.336743346420965));
#8098=CARTESIAN_POINT('Ctrl Pts',(-0.32007874015748,-0.0461518696380257,
0.337258805080355));
#8099=CARTESIAN_POINT('Ctrl Pts',(-0.32007874015748,-0.0459178590862895,
0.337567402168911));
#8100=CARTESIAN_POINT('Ctrl Pts',(-0.32007874015748,-0.0455987985295605,
0.338242928776596));
#8101=CARTESIAN_POINT('Ctrl Pts',(-0.32007874015748,-0.0455102268199988,
0.338593004161873));
#8102=CARTESIAN_POINT('Ctrl Pts',(-0.32007874015748,-0.0454616315750302,
0.339255136095688));
#8103=CARTESIAN_POINT('Ctrl Pts',(-0.32007874015748,-0.0454740809730723,
0.339674896197419));
#8104=CARTESIAN_POINT('Ctrl Pts',(-0.32007874015748,-0.0457456615365833,
0.34048863711335));
#8105=CARTESIAN_POINT('Ctrl Pts',(-0.32007874015748,-0.0459341655929722,
0.34081423808806));
#8106=CARTESIAN_POINT('Ctrl Pts',(-0.32007874015748,-0.0465450391555061,
0.341513511168851));
#8107=CARTESIAN_POINT('Ctrl Pts',(-0.32007874015748,-0.046949877068825,
0.341745448378231));
#8108=CARTESIAN_POINT('Ctrl Pts',(-0.32007874015748,-0.047446058701747,
0.3419922501316));
#8109=CARTESIAN_POINT('Ctrl Pts',(-0.32007874015748,-0.0477710160262438,
0.342097756839521));
#8110=CARTESIAN_POINT('Ctrl Pts',(-0.32007874015748,-0.0486508290009535,
0.342155440810331));
#8111=CARTESIAN_POINT('Ctrl Pts',(-0.32007874015748,-0.0491065640567549,
0.342132982114107));
#8112=CARTESIAN_POINT('Ctrl Pts',(-0.32007874015748,-0.0668992951424922,
0.342132982114107));
#8113=CARTESIAN_POINT('Ctrl Pts',(-0.32007874015748,-0.0842368522956555,
0.342132982114107));
#8114=CARTESIAN_POINT('Ctrl Pts',(-0.32007874015748,-0.101574803149606,
0.342132982114107));
#8115=CARTESIAN_POINT('Origin',(-0.32007874015748,0.27244094488189,-0.425));
#8116=CARTESIAN_POINT('',(-0.32007874015748,0.27244094488189,-0.425));
#8117=CARTESIAN_POINT('Origin',(0.32007874015748,0.27244094488189,-0.425));
#8118=CARTESIAN_POINT('',(0.32007874015748,-0.193700787401575,-0.198983695487425));
#8119=CARTESIAN_POINT('',(0.32007874015748,-0.193700787401575,-0.344488188976378));
#8120=CARTESIAN_POINT('',(0.32007874015748,-0.193700787401575,-0.425));
#8121=CARTESIAN_POINT('',(0.32007874015748,0.193700787401575,-0.344488188976378));
#8122=CARTESIAN_POINT('',(0.32007874015748,0.27244094488189,-0.344488188976378));
#8123=CARTESIAN_POINT('',(0.32007874015748,0.193700787401575,-0.0887000760834817));
#8124=CARTESIAN_POINT('',(0.32007874015748,0.193700787401575,-0.425));
#8125=CARTESIAN_POINT('',(0.32007874015748,0.27244094488189,-0.0321951859739373));
#8126=CARTESIAN_POINT('',(0.32007874015748,0.086376519333927,-0.165717269943753));
#8127=CARTESIAN_POINT('',(0.32007874015748,0.27244094488189,0.425));
#8128=CARTESIAN_POINT('',(0.32007874015748,0.27244094488189,-0.425));
#8129=CARTESIAN_POINT('',(0.32007874015748,0.27244094488189,0.425));
#8130=CARTESIAN_POINT('',(0.32007874015748,-0.388582677165355,-0.0986220472440946));
#8131=CARTESIAN_POINT('',(0.32007874015748,-0.27244094488189,-0.0986220472440944));
#8132=CARTESIAN_POINT('',(0.32007874015748,-0.402362204724409,-0.103637385117841));
#8133=CARTESIAN_POINT('',(0.32007874015748,0.0902200180249281,0.0756478818915999));
#8134=CARTESIAN_POINT('',(0.32007874015748,-0.402362204724409,-0.144787811732552));
#8135=CARTESIAN_POINT('',(0.32007874015748,-0.402362204724409,-0.149803149606299));
#8136=CARTESIAN_POINT('',(0.32007874015748,-0.388582677165354,-0.149803149606299));
#8137=CARTESIAN_POINT('',(0.32007874015748,0.28356243290702,-0.394443962780219));
#8138=CARTESIAN_POINT('',(0.32007874015748,-0.27244094488189,-0.149803149606299));
#8139=CARTESIAN_POINT('',(0.32007874015748,0.27244094488189,-0.198983695487424));
#8140=CARTESIAN_POINT('Ctrl Pts',(0.32007874015748,0.134645669291339,0.336227470303083));
#8141=CARTESIAN_POINT('Ctrl Pts',(0.32007874015748,0.117217952490676,0.336227470303083));
#8142=CARTESIAN_POINT('Ctrl Pts',(0.32007874015748,0.0997902356900141,0.336227470303083));
#8143=CARTESIAN_POINT('Ctrl Pts',(0.32007874015748,0.0814424448542965,0.336227470303083));
#8144=CARTESIAN_POINT('Ctrl Pts',(0.32007874015748,0.081283954791561,0.336227470303083));
#8145=CARTESIAN_POINT('Ctrl Pts',(0.32007874015748,0.080692651778699,0.336302447666607));
#8146=CARTESIAN_POINT('Ctrl Pts',(0.32007874015748,0.0803703123552148,0.336425489940904));
#8147=CARTESIAN_POINT('Ctrl Pts',(0.32007874015748,0.0796035008058797,0.336864531723289));
#8148=CARTESIAN_POINT('Ctrl Pts',(0.32007874015748,0.079320523625426,0.33716650623283));
#8149=CARTESIAN_POINT('Ctrl Pts',(0.32007874015748,0.0789159517067223,0.337688185742164));
#8150=CARTESIAN_POINT('Ctrl Pts',(0.32007874015748,0.0787484398166373,0.33802501655854));
#8151=CARTESIAN_POINT('Ctrl Pts',(0.32007874015748,0.078535526323671,0.338813060466543));
#8152=CARTESIAN_POINT('Ctrl Pts',(0.32007874015748,0.078528032902094,0.339221193962804));
#8153=CARTESIAN_POINT('Ctrl Pts',(0.32007874015748,0.0786110680353479,0.339909310196284));
#8154=CARTESIAN_POINT('Ctrl Pts',(0.32007874015748,0.0787155497770081,0.340249576363329));
#8155=CARTESIAN_POINT('Ctrl Pts',(0.32007874015748,0.079066125378703,0.340906022483727));
#8156=CARTESIAN_POINT('Ctrl Pts',(0.320078740157481,0.0793157253992106,
0.341202871899084));
#8157=CARTESIAN_POINT('Ctrl Pts',(0.320078740157481,0.079838834469028,0.34163260348798));
#8158=CARTESIAN_POINT('Ctrl Pts',(0.320078740157481,0.0801144699525877,
0.341808325089618));
#8159=CARTESIAN_POINT('Ctrl Pts',(0.320078740157481,0.0808901676236388,
0.342132982114107));
#8160=CARTESIAN_POINT('Ctrl Pts',(0.320078740157481,0.0813144849171227,
0.342132982114107));
#8161=CARTESIAN_POINT('Ctrl Pts',(0.320078740157481,0.0891376522853921,
0.342132982114107));
#8162=CARTESIAN_POINT('Ctrl Pts',(0.32007874015748,0.0966828561646762,0.342132982114107));
#8163=CARTESIAN_POINT('Ctrl Pts',(0.32007874015748,0.11436726312642,0.342132982114107));
#8164=CARTESIAN_POINT('Ctrl Pts',(0.32007874015748,0.124506466208879,0.342132982114107));
#8165=CARTESIAN_POINT('Ctrl Pts',(0.32007874015748,0.134645669291339,0.342132982114107));
#8166=CARTESIAN_POINT('Ctrl Pts',(0.32007874015748,-0.101574803149606,0.336227470303083));
#8167=CARTESIAN_POINT('Ctrl Pts',(0.32007874015748,-0.11900251995027,0.336227470303083));
#8168=CARTESIAN_POINT('Ctrl Pts',(0.32007874015748,-0.136430236750934,0.336227470303083));
#8169=CARTESIAN_POINT('Ctrl Pts',(0.32007874015748,-0.154778027586649,0.336227470303083));
#8170=CARTESIAN_POINT('Ctrl Pts',(0.32007874015748,-0.154936517649386,0.336227470303083));
#8171=CARTESIAN_POINT('Ctrl Pts',(0.32007874015748,-0.155527820662243,0.336302447666607));
#8172=CARTESIAN_POINT('Ctrl Pts',(0.32007874015748,-0.155850160085728,0.336425489940902));
#8173=CARTESIAN_POINT('Ctrl Pts',(0.32007874015748,-0.15661697163507,0.336864531723292));
#8174=CARTESIAN_POINT('Ctrl Pts',(0.32007874015748,-0.156899948815523,0.337166506232835));
#8175=CARTESIAN_POINT('Ctrl Pts',(0.32007874015748,-0.157304520734225,0.337688185742167));
#8176=CARTESIAN_POINT('Ctrl Pts',(0.32007874015748,-0.157472032624309,0.338025016558544));
#8177=CARTESIAN_POINT('Ctrl Pts',(0.32007874015748,-0.157684946117274,0.338813060466548));
#8178=CARTESIAN_POINT('Ctrl Pts',(0.32007874015748,-0.157692439538851,0.339221193962808));
#8179=CARTESIAN_POINT('Ctrl Pts',(0.32007874015748,-0.157609404405596,0.339909310196288));
#8180=CARTESIAN_POINT('Ctrl Pts',(0.32007874015748,-0.157504922663935,0.340249576363333));
#8181=CARTESIAN_POINT('Ctrl Pts',(0.32007874015748,-0.157154347062239,0.34090602248373));
#8182=CARTESIAN_POINT('Ctrl Pts',(0.320078740157481,-0.156904747041731,
0.341202871899088));
#8183=CARTESIAN_POINT('Ctrl Pts',(0.320078740157481,-0.156381637971917,
0.34163260348798));
#8184=CARTESIAN_POINT('Ctrl Pts',(0.320078740157481,-0.156106002488358,
0.341808325089618));
#8185=CARTESIAN_POINT('Ctrl Pts',(0.320078740157481,-0.155330304817304,
0.342132982114107));
#8186=CARTESIAN_POINT('Ctrl Pts',(0.320078740157481,-0.154905987523821,
0.342132982114107));
#8187=CARTESIAN_POINT('Ctrl Pts',(0.320078740157481,-0.147082820155461,
0.342132982114107));
#8188=CARTESIAN_POINT('Ctrl Pts',(0.32007874015748,-0.139537616276166,0.342132982114107));
#8189=CARTESIAN_POINT('Ctrl Pts',(0.32007874015748,-0.121853209314449,0.342132982114107));
#8190=CARTESIAN_POINT('Ctrl Pts',(0.32007874015748,-0.111714006232028,0.342132982114107));
#8191=CARTESIAN_POINT('Ctrl Pts',(0.32007874015748,-0.101574803149606,0.342132982114107));
#8192=CARTESIAN_POINT('Origin',(0.32007874015748,0.27244094488189,-0.425));
#8193=CARTESIAN_POINT('',(0.32007874015748,-0.193700787401575,-0.425));
#8194=CARTESIAN_POINT('',(0.32007874015748,-0.193700787401575,-0.425));
#8195=CARTESIAN_POINT('',(0.32007874015748,0.27244094488189,-0.425));
#8196=CARTESIAN_POINT('',(0.32007874015748,0.27244094488189,-0.425));
#8197=CARTESIAN_POINT('',(0.32007874015748,0.27244094488189,-0.425));
#8198=CARTESIAN_POINT('',(0.32007874015748,-0.0804228249845882,-0.36357665684673));
#8199=CARTESIAN_POINT('',(0.32007874015748,-0.119442999180826,-0.36357665684673));
#8200=CARTESIAN_POINT('',(0.32007874015748,-0.0804228249845882,-0.36357665684673));
#8201=CARTESIAN_POINT('',(0.32007874015748,-0.0804228249845882,-0.404118325547644));
#8202=CARTESIAN_POINT('',(0.32007874015748,-0.0804228249845882,-0.36357665684673));
#8203=CARTESIAN_POINT('',(0.32007874015748,-0.119442999180826,-0.404118325547644));
#8204=CARTESIAN_POINT('',(0.32007874015748,-0.0804228249845882,-0.404118325547644));
#8205=CARTESIAN_POINT('',(0.32007874015748,-0.119442999180826,-0.36357665684673));
#8206=CARTESIAN_POINT('Origin',(0.32007874015748,0.27244094488189,-0.425));
#8207=CARTESIAN_POINT('',(0.32007874015748,0.27244094488189,-0.425));
#8208=CARTESIAN_POINT('Origin',(-0.32007874015748,0.27244094488189,-0.425));
#8209=CARTESIAN_POINT('',(-0.32007874015748,0.27244094488189,0.425));
#8210=CARTESIAN_POINT('',(0.32007874015748,0.27244094488189,-0.425));
#8211=CARTESIAN_POINT('',(-0.32007874015748,0.27244094488189,-0.425));
#8212=CARTESIAN_POINT('',(-0.147130009041155,0.27244094488189,-0.00362956191530266));
#8213=CARTESIAN_POINT('',(-0.1518041543403,0.27244094488189,-0.00362956191530262));
#8214=CARTESIAN_POINT('',(-0.147130009041155,0.27244094488189,-0.00362956191530266));
#8215=CARTESIAN_POINT('',(-0.1518041543403,0.27244094488189,-0.055712895248636));
#8216=CARTESIAN_POINT('',(-0.1518041543403,0.27244094488189,-0.00362956191530266));
#8217=CARTESIAN_POINT('',(-0.141381227657608,0.27244094488189,-0.055712895248636));
#8218=CARTESIAN_POINT('',(-0.1518041543403,0.27244094488189,-0.055712895248636));
#8219=CARTESIAN_POINT('',(-0.129581097449274,0.27244094488189,-0.05500342676573));
#8220=CARTESIAN_POINT('Ctrl Pts',(-0.141381227657608,0.27244094488189,-0.055712895248636));
#8221=CARTESIAN_POINT('Ctrl Pts',(-0.140685675149965,0.27244094488189,-0.0557105799809569));
#8222=CARTESIAN_POINT('Ctrl Pts',(-0.139350137286735,0.27244094488189,-0.0557061344105435));
#8223=CARTESIAN_POINT('Ctrl Pts',(-0.13743684457305,0.27244094488189,-0.0556813462720294));
#8224=CARTESIAN_POINT('Ctrl Pts',(-0.135698346105785,0.27244094488189,-0.0556102993120855));
#8225=CARTESIAN_POINT('Ctrl Pts',(-0.134135550877852,0.27244094488189,-0.0555491596770093));
#8226=CARTESIAN_POINT('Ctrl Pts',(-0.132748487559752,0.27244094488189,-0.0554376724549387));
#8227=CARTESIAN_POINT('Ctrl Pts',(-0.131532902876003,0.27244094488189,-0.0553311152061321));
#8228=CARTESIAN_POINT('Ctrl Pts',(-0.130494395472711,0.27244094488189,-0.0551916262064453));
#8229=CARTESIAN_POINT('Ctrl Pts',(-0.129865736971184,0.27244094488189,-0.0550620812218377));
#8230=CARTESIAN_POINT('Ctrl Pts',(-0.129581097449274,0.27244094488189,-0.05500342676573));
#8231=CARTESIAN_POINT('',(-0.119085137246283,0.27244094488189,-0.0417843595915847));
#8232=CARTESIAN_POINT('Ctrl Pts',(-0.129581097449274,0.27244094488189,-0.05500342676573));
#8233=CARTESIAN_POINT('Ctrl Pts',(-0.129200046494857,0.27244094488189,-0.0549092784715995));
#8234=CARTESIAN_POINT('Ctrl Pts',(-0.128446073437242,0.27244094488189,-0.0547229903220175));
#8235=CARTESIAN_POINT('Ctrl Pts',(-0.127360506978315,0.27244094488189,-0.0543292462621419));
#8236=CARTESIAN_POINT('Ctrl Pts',(-0.126326067633795,0.27244094488189,-0.0538735970861791));
#8237=CARTESIAN_POINT('Ctrl Pts',(-0.125347052390912,0.27244094488189,-0.0533384226766838));
#8238=CARTESIAN_POINT('Ctrl Pts',(-0.124428365022007,0.27244094488189,-0.0527197503601284));
#8239=CARTESIAN_POINT('Ctrl Pts',(-0.123560533016134,0.27244094488189,-0.0520282604429387));
#8240=CARTESIAN_POINT('Ctrl Pts',(-0.122739618382504,0.27244094488189,-0.0512677365475448));
#8241=CARTESIAN_POINT('Ctrl Pts',(-0.121998820314344,0.27244094488189,-0.0504190037870885));
#8242=CARTESIAN_POINT('Ctrl Pts',(-0.12130032252127,0.27244094488189,-0.0495285795358981));
#8243=CARTESIAN_POINT('Ctrl Pts',(-0.120711206055488,0.27244094488189,-0.0485657260114758));
#8244=CARTESIAN_POINT('Ctrl Pts',(-0.120203371535808,0.27244094488189,-0.0475588580423684));
#8245=CARTESIAN_POINT('Ctrl Pts',(-0.119799048366163,0.27244094488189,-0.0464977357543404));
#8246=CARTESIAN_POINT('Ctrl Pts',(-0.119473483284717,0.27244094488189,-0.0453926498635276));
#8247=CARTESIAN_POINT('Ctrl Pts',(-0.119243926151221,0.27244094488189,-0.0442335903884204));
#8248=CARTESIAN_POINT('Ctrl Pts',(-0.119106259668619,0.27244094488189,-0.043025837783005));
#8249=CARTESIAN_POINT('Ctrl Pts',(-0.119092243960978,0.27244094488189,-0.0422020593783679));
#8250=CARTESIAN_POINT('Ctrl Pts',(-0.119085137246283,0.27244094488189,-0.0417843595915847));
#8251=CARTESIAN_POINT('',(-0.137552184521924,0.27244094488189,-0.0276680234537642));
#8252=CARTESIAN_POINT('Ctrl Pts',(-0.119085137246283,0.27244094488189,-0.0417843595915847));
#8253=CARTESIAN_POINT('Ctrl Pts',(-0.119106997337183,0.27244094488189,-0.0410903848205885));
#8254=CARTESIAN_POINT('Ctrl Pts',(-0.119149652036434,0.27244094488189,-0.0397362602984448));
#8255=CARTESIAN_POINT('Ctrl Pts',(-0.119547347031672,0.27244094488189,-0.0377710686108142));
#8256=CARTESIAN_POINT('Ctrl Pts',(-0.12019878333716,0.27244094488189,-0.0359378942858076));
#8257=CARTESIAN_POINT('Ctrl Pts',(-0.12109645132837,0.27244094488189,-0.0342390455073036));
#8258=CARTESIAN_POINT('Ctrl Pts',(-0.122239598288392,0.27244094488189,-0.0327076370942065));
#8259=CARTESIAN_POINT('Ctrl Pts',(-0.123613479108382,0.27244094488189,-0.0313625410331368));
#8260=CARTESIAN_POINT('Ctrl Pts',(-0.12521886023174,0.27244094488189,-0.0302369470957735));
#8261=CARTESIAN_POINT('Ctrl Pts',(-0.126713344099883,0.27244094488189,-0.029456399406763));
#8262=CARTESIAN_POINT('Ctrl Pts',(-0.128033495881083,0.27244094488189,-0.0289565049331804));
#8263=CARTESIAN_POINT('Ctrl Pts',(-0.129120301130905,0.27244094488189,-0.0286047734025399));
#8264=CARTESIAN_POINT('Ctrl Pts',(-0.130305821629354,0.27244094488189,-0.0283330179668691));
#8265=CARTESIAN_POINT('Ctrl Pts',(-0.131578698632418,0.27244094488189,-0.0280895636250449));
#8266=CARTESIAN_POINT('Ctrl Pts',(-0.132944229220098,0.27244094488189,-0.0279057586486829));
#8267=CARTESIAN_POINT('Ctrl Pts',(-0.134399140520533,0.27244094488189,-0.0277711367071747));
#8268=CARTESIAN_POINT('Ctrl Pts',(-0.135944470157885,0.27244094488189,-0.0276869990777359));
#8269=CARTESIAN_POINT('Ctrl Pts',(-0.137006063451831,0.27244094488189,-0.0276744692430791));
#8270=CARTESIAN_POINT('Ctrl Pts',(-0.137552184521924,0.27244094488189,-0.0276680234537642));
#8271=CARTESIAN_POINT('',(-0.118417402203548,0.27244094488189,-0.00362956191530266));
#8272=CARTESIAN_POINT('',(-0.137552184521924,0.27244094488189,-0.0276680234537642));
#8273=CARTESIAN_POINT('',(-0.124197483667223,0.27244094488189,-0.00362956191530266));
#8274=CARTESIAN_POINT('',(-0.118417402203548,0.27244094488189,-0.00362956191530266));
#8275=CARTESIAN_POINT('',(-0.143332265985599,0.27244094488189,-0.0276680234537642));
#8276=CARTESIAN_POINT('',(-0.124197483667223,0.27244094488189,-0.00362956191530266));
#8277=CARTESIAN_POINT('',(-0.147130009041155,0.27244094488189,-0.0276680234537642));
#8278=CARTESIAN_POINT('',(-0.143332265985599,0.27244094488189,-0.0276680234537642));
#8279=CARTESIAN_POINT('',(-0.147130009041155,0.27244094488189,-0.0276680234537642));
#8280=CARTESIAN_POINT('',(-0.0683372739984197,0.27244094488189,-0.00362956191530266));
#8281=CARTESIAN_POINT('',(-0.073011419297565,0.27244094488189,-0.00362956191530262));
#8282=CARTESIAN_POINT('',(-0.0683372739984197,0.27244094488189,-0.00362956191530266));
#8283=CARTESIAN_POINT('',(-0.073011419297565,0.27244094488189,-0.055712895248636));
#8284=CARTESIAN_POINT('',(-0.073011419297565,0.27244094488189,-0.00362956191530266));
#8285=CARTESIAN_POINT('',(-0.0627971598157274,0.27244094488189,-0.055712895248636));
#8286=CARTESIAN_POINT('',(-0.073011419297565,0.27244094488189,-0.055712895248636));
#8287=CARTESIAN_POINT('',(-0.0509344294471376,0.27244094488189,-0.0549303932454309));
#8288=CARTESIAN_POINT('Ctrl Pts',(-0.0627971598157274,0.27244094488189,
-0.055712895248636));
#8289=CARTESIAN_POINT('Ctrl Pts',(-0.0620946165694229,0.27244094488189,
-0.0557121229831472));
#8290=CARTESIAN_POINT('Ctrl Pts',(-0.0607485125097399,0.27244094488189,
-0.0557106432881747));
#8291=CARTESIAN_POINT('Ctrl Pts',(-0.0588182289426434,0.27244094488189,
-0.0556657809991026));
#8292=CARTESIAN_POINT('Ctrl Pts',(-0.0570651079362991,0.27244094488189,
-0.0556058599858174));
#8293=CARTESIAN_POINT('Ctrl Pts',(-0.0554929296486991,0.27244094488189,
-0.055522796099015));
#8294=CARTESIAN_POINT('Ctrl Pts',(-0.0540968567605059,0.27244094488189,
-0.0554246325536652));
#8295=CARTESIAN_POINT('Ctrl Pts',(-0.0528832064696345,0.27244094488189,
-0.055286953396263));
#8296=CARTESIAN_POINT('Ctrl Pts',(-0.0518424392622856,0.27244094488189,
-0.055143198998148));
#8297=CARTESIAN_POINT('Ctrl Pts',(-0.0512188313836172,0.27244094488189,
-0.0549970471154189));
#8298=CARTESIAN_POINT('Ctrl Pts',(-0.0509344294471376,0.27244094488189,
-0.0549303932454309));
#8299=CARTESIAN_POINT('',(-0.0409601372462829,0.27244094488189,-0.0417426261514138));
#8300=CARTESIAN_POINT('Ctrl Pts',(-0.0509344294471376,0.27244094488189,
-0.0549303932454309));
#8301=CARTESIAN_POINT('Ctrl Pts',(-0.0505744066229517,0.27244094488189,
-0.0548318523253163));
#8302=CARTESIAN_POINT('Ctrl Pts',(-0.0498628444620568,0.27244094488189,
-0.0546370924785986));
#8303=CARTESIAN_POINT('Ctrl Pts',(-0.0488375313206635,0.27244094488189,
-0.0542470073078301));
#8304=CARTESIAN_POINT('Ctrl Pts',(-0.0478620276676817,0.27244094488189,
-0.0537844750879567));
#8305=CARTESIAN_POINT('Ctrl Pts',(-0.0469329866193904,0.27244094488189,
-0.0532573331258898));
#8306=CARTESIAN_POINT('Ctrl Pts',(-0.0460618246689309,0.27244094488189,
-0.0526429646112002));
#8307=CARTESIAN_POINT('Ctrl Pts',(-0.045235544297413,0.27244094488189,-0.0519662738710322));
#8308=CARTESIAN_POINT('Ctrl Pts',(-0.0444614374477746,0.27244094488189,
-0.0512116374339424));
#8309=CARTESIAN_POINT('Ctrl Pts',(-0.043743857211403,0.27244094488189,-0.0503875192814508));
#8310=CARTESIAN_POINT('Ctrl Pts',(-0.0430848572473561,0.27244094488189,
-0.0495077542534524));
#8311=CARTESIAN_POINT('Ctrl Pts',(-0.0425174512543922,0.27244094488189,
-0.0485592091655433));
#8312=CARTESIAN_POINT('Ctrl Pts',(-0.0420423437092543,0.27244094488189,
-0.0475578504837005));
#8313=CARTESIAN_POINT('Ctrl Pts',(-0.041634854550264,0.27244094488189,-0.0465043747224306));
#8314=CARTESIAN_POINT('Ctrl Pts',(-0.0413415739778056,0.27244094488189,
-0.0453899353847619));
#8315=CARTESIAN_POINT('Ctrl Pts',(-0.0411206379702841,0.27244094488189,
-0.0442222759744317));
#8316=CARTESIAN_POINT('Ctrl Pts',(-0.0409804054164797,0.27244094488189,
-0.0430015216559571));
#8317=CARTESIAN_POINT('Ctrl Pts',(-0.0409669744379806,0.27244094488189,
-0.0421672974368966));
#8318=CARTESIAN_POINT('Ctrl Pts',(-0.0409601372462829,0.27244094488189,
-0.0417426261514138));
#8319=CARTESIAN_POINT('',(-0.051351763848847,0.27244094488189,-0.0285235589772685));
#8320=CARTESIAN_POINT('Ctrl Pts',(-0.0409601372462829,0.27244094488189,
-0.0417426261514138));
#8321=CARTESIAN_POINT('Ctrl Pts',(-0.0409664084476067,0.27244094488189,
-0.0413143854254095));
#8322=CARTESIAN_POINT('Ctrl Pts',(-0.0409786784765558,0.27244094488189,
-0.0404765035214591));
#8323=CARTESIAN_POINT('Ctrl Pts',(-0.0411259446272826,0.27244094488189,
-0.0392507179829369));
#8324=CARTESIAN_POINT('Ctrl Pts',(-0.0413243105739897,0.27244094488189,
-0.0380793133678834));
#8325=CARTESIAN_POINT('Ctrl Pts',(-0.0416293262336206,0.27244094488189,
-0.0369648870216122));
#8326=CARTESIAN_POINT('Ctrl Pts',(-0.0420288154166326,0.27244094488189,
-0.0359140571038925));
#8327=CARTESIAN_POINT('Ctrl Pts',(-0.0424974471554077,0.27244094488189,
-0.0349107649607267));
#8328=CARTESIAN_POINT('Ctrl Pts',(-0.0430626782621008,0.27244094488189,
-0.0339720793669976));
#8329=CARTESIAN_POINT('Ctrl Pts',(-0.0437121548946975,0.27244094488189,
-0.0330945924988182));
#8330=CARTESIAN_POINT('Ctrl Pts',(-0.0444346488588775,0.27244094488189,
-0.0322774807084288));
#8331=CARTESIAN_POINT('Ctrl Pts',(-0.0452271032955927,0.27244094488189,
-0.0315266653141921));
#8332=CARTESIAN_POINT('Ctrl Pts',(-0.046086318957799,0.27244094488189,-0.0308465412305236));
#8333=CARTESIAN_POINT('Ctrl Pts',(-0.0470095652089354,0.27244094488189,
-0.0302355837352797));
#8334=CARTESIAN_POINT('Ctrl Pts',(-0.0480058427213839,0.27244094488189,
-0.0297079605284689));
#8335=CARTESIAN_POINT('Ctrl Pts',(-0.0490600414352373,0.27244094488189,
-0.0292353815861246));
#8336=CARTESIAN_POINT('Ctrl Pts',(-0.0501813244177063,0.27244094488189,
-0.0288384908028137));
#8337=CARTESIAN_POINT('Ctrl Pts',(-0.0509572546851969,0.27244094488189,
-0.0286297101268257));
#8338=CARTESIAN_POINT('Ctrl Pts',(-0.051351763848847,0.27244094488189,-0.0285235589772685));
#8339=CARTESIAN_POINT('',(-0.0646125644631633,0.27244094488189,-0.0276680234537642));
#8340=CARTESIAN_POINT('Ctrl Pts',(-0.051351763848847,0.27244094488189,-0.0285235589772685));
#8341=CARTESIAN_POINT('Ctrl Pts',(-0.0516780634618145,0.27244094488189,
-0.0284541693778951));
#8342=CARTESIAN_POINT('Ctrl Pts',(-0.0523931680356331,0.27244094488189,
-0.0283020980363569));
#8343=CARTESIAN_POINT('Ctrl Pts',(-0.0535708871156591,0.27244094488189,
-0.0281323293333081));
#8344=CARTESIAN_POINT('Ctrl Pts',(-0.0549420982158052,0.27244094488189,
-0.0279874245612032));
#8345=CARTESIAN_POINT('Ctrl Pts',(-0.0565049297621678,0.27244094488189,
-0.0278787766805327));
#8346=CARTESIAN_POINT('Ctrl Pts',(-0.0582579789425484,0.27244094488189,
-0.0277857652450861));
#8347=CARTESIAN_POINT('Ctrl Pts',(-0.0602021940813839,0.27244094488189,
-0.0277118352764748));
#8348=CARTESIAN_POINT('Ctrl Pts',(-0.0623413916584569,0.27244094488189,
-0.0276712124515469));
#8349=CARTESIAN_POINT('Ctrl Pts',(-0.0638335232667599,0.27244094488189,
-0.0276691173206169));
#8350=CARTESIAN_POINT('Ctrl Pts',(-0.0646125644631633,0.27244094488189,
-0.0276680234537642));
#8351=CARTESIAN_POINT('',(-0.0683372739984197,0.27244094488189,-0.0276680234537642));
#8352=CARTESIAN_POINT('',(-0.0646125644631633,0.27244094488189,-0.0276680234537642));
#8353=CARTESIAN_POINT('',(-0.0683372739984197,0.27244094488189,-0.0276680234537642));
#8354=CARTESIAN_POINT('',(0.021139221728076,0.27244094488189,-0.0503710149067556));
#8355=CARTESIAN_POINT('',(0.0131264012152555,0.27244094488189,-0.0503710149067556));
#8356=CARTESIAN_POINT('',(0.021139221728076,0.27244094488189,-0.0503710149067556));
#8357=CARTESIAN_POINT('',(0.0161833757077769,0.27244094488189,-0.055712895248636));
#8358=CARTESIAN_POINT('',(0.0131264012152555,0.27244094488189,-0.0503710149067556));
#8359=CARTESIAN_POINT('',(0.0258133670272213,0.27244094488189,-0.055712895248636));
#8360=CARTESIAN_POINT('',(0.0161833757077769,0.27244094488189,-0.055712895248636));
#8361=CARTESIAN_POINT('',(0.0258133670272213,0.27244094488189,-0.00362956191530266));
#8362=CARTESIAN_POINT('',(0.0258133670272213,0.27244094488189,-0.055712895248636));
#8363=CARTESIAN_POINT('',(0.021139221728076,0.27244094488189,-0.00362956191530266));
#8364=CARTESIAN_POINT('',(0.0258133670272213,0.27244094488189,-0.00362956191530266));
#8365=CARTESIAN_POINT('',(0.021139221728076,0.27244094488189,-0.00362956191530266));
#8366=CARTESIAN_POINT('',(0.119964008052862,0.27244094488189,-0.0209906730264138));
#8367=CARTESIAN_POINT('',(0.0999319567708111,0.27244094488189,-0.0209906730264138));
#8368=CARTESIAN_POINT('',(0.119964008052862,0.27244094488189,-0.0209906730264138));
#8369=CARTESIAN_POINT('',(0.0999319567708111,0.27244094488189,-0.0263325533682941));
#8370=CARTESIAN_POINT('',(0.0999319567708111,0.27244094488189,-0.0209906730264138));
#8371=CARTESIAN_POINT('',(0.119964008052862,0.27244094488189,-0.0263325533682941));
#8372=CARTESIAN_POINT('',(0.0999319567708111,0.27244094488189,-0.0263325533682941));
#8373=CARTESIAN_POINT('',(0.119964008052862,0.27244094488189,-0.0263325533682941));
#8374=CARTESIAN_POINT('',(0.190743922582777,0.27244094488189,-0.00362956191530266));
#8375=CARTESIAN_POINT('',(0.215450119163973,0.27244094488189,-0.055712895248636));
#8376=CARTESIAN_POINT('',(0.190743922582777,0.27244094488189,-0.00362956191530266));
#8377=CARTESIAN_POINT('',(0.216117854206709,0.27244094488189,-0.055712895248636));
#8378=CARTESIAN_POINT('',(0.215450119163973,0.27244094488189,-0.055712895248636));
#8379=CARTESIAN_POINT('',(0.24015631574517,0.27244094488189,-0.00362956191530266));
#8380=CARTESIAN_POINT('',(0.216117854206709,0.27244094488189,-0.055712895248636));
#8381=CARTESIAN_POINT('',(0.235075269404358,0.27244094488189,-0.00362956191530266));
#8382=CARTESIAN_POINT('',(0.24015631574517,0.27244094488189,-0.00362956191530266));
#8383=CARTESIAN_POINT('',(0.22737544969282,0.27244094488189,-0.0203229379836787));
#8384=CARTESIAN_POINT('',(0.235075269404358,0.27244094488189,-0.00362956191530266));
#8385=CARTESIAN_POINT('',(0.20376475591611,0.27244094488189,-0.0203229379836787));
#8386=CARTESIAN_POINT('',(0.22737544969282,0.27244094488189,-0.0203229379836787));
#8387=CARTESIAN_POINT('',(0.195845835643674,0.27244094488189,-0.00362956191530266));
#8388=CARTESIAN_POINT('',(0.20376475591611,0.27244094488189,-0.0203229379836787));
#8389=CARTESIAN_POINT('',(0.195845835643674,0.27244094488189,-0.00362956191530266));
#8390=CARTESIAN_POINT('Ctrl Pts',(-0.15748031496063,0.27244094488189,0.335955277352712));
#8391=CARTESIAN_POINT('Ctrl Pts',(-0.139827201402239,0.27244094488189,0.335955277352712));
#8392=CARTESIAN_POINT('Ctrl Pts',(-0.122174481544635,0.27244094488189,0.335955277352712));
#8393=CARTESIAN_POINT('Ctrl Pts',(-0.104179198506131,0.27244094488189,0.335955277352712));
#8394=CARTESIAN_POINT('Ctrl Pts',(-0.103794056533114,0.27244094488189,0.335955277352712));
#8395=CARTESIAN_POINT('Ctrl Pts',(-0.102983640610479,0.27244094488189,0.336250473020882));
#8396=CARTESIAN_POINT('Ctrl Pts',(-0.10262961664257,0.27244094488189,0.336471153485054));
#8397=CARTESIAN_POINT('Ctrl Pts',(-0.102057381427772,0.27244094488189,0.336986612154659));
#8398=CARTESIAN_POINT('Ctrl Pts',(-0.101823370879549,0.27244094488189,0.337295209245929));
#8399=CARTESIAN_POINT('Ctrl Pts',(-0.101504310330215,0.27244094488189,0.337970735858014));
#8400=CARTESIAN_POINT('Ctrl Pts',(-0.101415738624453,0.27244094488189,0.33832081124525));
#8401=CARTESIAN_POINT('Ctrl Pts',(-0.10136714338662,0.27244094488189,0.338982943183039));
#8402=CARTESIAN_POINT('Ctrl Pts',(-0.101379592790119,0.27244094488189,0.33940270328144));
#8403=CARTESIAN_POINT('Ctrl Pts',(-0.101651173361545,0.27244094488189,0.340216444191509));
#8404=CARTESIAN_POINT('Ctrl Pts',(-0.101839677422313,0.27244094488189,0.340542045164978));
#8405=CARTESIAN_POINT('Ctrl Pts',(-0.102450550994919,0.27244094488189,0.341241318241871));
#8406=CARTESIAN_POINT('Ctrl Pts',(-0.102855388914622,0.27244094488189,0.341473255448976));
#8407=CARTESIAN_POINT('Ctrl Pts',(-0.103351570550696,0.27244094488189,0.341720057195133));
#8408=CARTESIAN_POINT('Ctrl Pts',(-0.103676527879727,0.27244094488189,0.341825563898048));
#8409=CARTESIAN_POINT('Ctrl Pts',(-0.10455634086515,0.27244094488189,0.341883247856891));
#8410=CARTESIAN_POINT('Ctrl Pts',(-0.105012075926234,0.27244094488189,0.341860789163735));
#8411=CARTESIAN_POINT('Ctrl Pts',(-0.122804675762732,0.27244094488189,0.341860789163735));
#8412=CARTESIAN_POINT('Ctrl Pts',(-0.140142495361763,0.27244094488189,0.341860789163735));
#8413=CARTESIAN_POINT('Ctrl Pts',(-0.157480314960794,0.27244094488189,0.341860789163735));
#8414=CARTESIAN_POINT('Ctrl Pts',(0.15748031496063,0.27244094488189,0.335955277352712));
#8415=CARTESIAN_POINT('Ctrl Pts',(0.174882601799511,0.27244094488189,0.335955277352712));
#8416=CARTESIAN_POINT('Ctrl Pts',(0.192284494937604,0.272440944881906,0.335955277352698));
#8417=CARTESIAN_POINT('Ctrl Pts',(0.210675625142899,0.272440944881906,0.335955277352697));
#8418=CARTESIAN_POINT('Ctrl Pts',(0.210811323825929,0.272440944881906,0.335955277352697));
#8419=CARTESIAN_POINT('Ctrl Pts',(0.211401891103382,0.272440944881906,0.336018533381434));
#8420=CARTESIAN_POINT('Ctrl Pts',(0.211725311180833,0.272440944881906,0.336143536574948));
#8421=CARTESIAN_POINT('Ctrl Pts',(0.212289199821551,0.272440944881906,0.336452401327462));
#8422=CARTESIAN_POINT('Ctrl Pts',(0.212641092496206,0.272440944881906,0.336697747071984));
#8423=CARTESIAN_POINT('Ctrl Pts',(0.213182302969184,0.272440944881906,0.337369630064231));
#8424=CARTESIAN_POINT('Ctrl Pts',(0.213356430022517,0.272440944881906,0.337703231036791));
#8425=CARTESIAN_POINT('Ctrl Pts',(0.213597214140508,0.272440944881906,0.338533491815447));
#8426=CARTESIAN_POINT('Ctrl Pts',(0.213588337753173,0.272440944881906,0.338939811470147));
#8427=CARTESIAN_POINT('Ctrl Pts',(0.213537191234392,0.272440944881906,0.339552641690736));
#8428=CARTESIAN_POINT('Ctrl Pts',(0.213434893054462,0.272440944881906,0.339920801672167));
#8429=CARTESIAN_POINT('Ctrl Pts',(0.21308133664837,0.272440944881906,0.340603547095089));
#8430=CARTESIAN_POINT('Ctrl Pts',(0.212836454055693,0.272440944881906,0.340902591666815));
#8431=CARTESIAN_POINT('Ctrl Pts',(0.212300170414741,0.272440944881906,0.341354476689968));
#8432=CARTESIAN_POINT('Ctrl Pts',(0.211963337396014,0.272440944881906,0.341581205215176));
#8433=CARTESIAN_POINT('Ctrl Pts',(0.21114152293037,0.272440944881906,0.341860789163721));
#8434=CARTESIAN_POINT('Ctrl Pts',(0.210772310018404,0.272440944881906,0.341860789163721));
#8435=CARTESIAN_POINT('Ctrl Pts',(0.192767267769524,0.272440944881906,0.341860789163721));
#8436=CARTESIAN_POINT('Ctrl Pts',(0.175123791365077,0.27244094488189,0.341860789163735));
#8437=CARTESIAN_POINT('Ctrl Pts',(0.157480314960629,0.27244094488189,0.341860789163735));
#8438=CARTESIAN_POINT('',(0.135655781557136,0.27244094488189,-0.0411896580691488));
#8439=CARTESIAN_POINT('',(0.130679068816751,0.27244094488189,-0.00362956191530262));
#8440=CARTESIAN_POINT('',(0.135655781557136,0.27244094488189,-0.0411896580691488));
#8441=CARTESIAN_POINT('',(0.125973623437478,0.27244094488189,-0.00362956191530266));
#8442=CARTESIAN_POINT('',(0.130679068816751,0.27244094488189,-0.00362956191530266));
#8443=CARTESIAN_POINT('',(0.13284920770564,0.27244094488189,-0.055712895248636));
#8444=CARTESIAN_POINT('',(0.125973623437478,0.27244094488189,-0.00362956191530266));
#8445=CARTESIAN_POINT('',(0.133516942748375,0.27244094488189,-0.055712895248636));
#8446=CARTESIAN_POINT('',(0.13284920770564,0.27244094488189,-0.055712895248636));
#8447=CARTESIAN_POINT('',(0.155020097796452,0.27244094488189,-0.0129778525135933));
#8448=CARTESIAN_POINT('',(0.133516942748375,0.27244094488189,-0.055712895248636));
#8449=CARTESIAN_POINT('',(0.176471086044315,0.27244094488189,-0.055712895248636));
#8450=CARTESIAN_POINT('',(0.155020097796452,0.27244094488189,-0.0129778525135933));
#8451=CARTESIAN_POINT('',(0.177149254447093,0.27244094488189,-0.055712895248636));
#8452=CARTESIAN_POINT('',(0.176471086044315,0.27244094488189,-0.055712895248636));
#8453=CARTESIAN_POINT('',(0.184066572155426,0.27244094488189,-0.00362956191530266));
#8454=CARTESIAN_POINT('',(0.177149254447093,0.27244094488189,-0.055712895248636));
#8455=CARTESIAN_POINT('',(0.179371560136196,0.27244094488189,-0.00362956191530266));
#8456=CARTESIAN_POINT('',(0.184066572155426,0.27244094488189,-0.00362956191530266));
#8457=CARTESIAN_POINT('',(0.174384414035768,0.27244094488189,-0.0411061911888069));
#8458=CARTESIAN_POINT('',(0.179371560136196,0.27244094488189,-0.00362956191530266));
#8459=CARTESIAN_POINT('',(0.15558349923876,0.27244094488189,-0.00362956191530266));
#8460=CARTESIAN_POINT('',(0.174384414035768,0.27244094488189,-0.0411061911888069));
#8461=CARTESIAN_POINT('',(0.154529729874444,0.27244094488189,-0.00362956191530266));
#8462=CARTESIAN_POINT('',(0.15558349923876,0.27244094488189,-0.00362956191530266));
#8463=CARTESIAN_POINT('',(0.154529729874444,0.27244094488189,-0.00362956191530266));
#8464=CARTESIAN_POINT('',(0.0458454183092726,0.27244094488189,-0.00362956191530266));
#8465=CARTESIAN_POINT('',(0.0705516148904693,0.27244094488189,-0.055712895248636));
#8466=CARTESIAN_POINT('',(0.0458454183092726,0.27244094488189,-0.00362956191530266));
#8467=CARTESIAN_POINT('',(0.0712193499332042,0.27244094488189,-0.055712895248636));
#8468=CARTESIAN_POINT('',(0.0705516148904692,0.27244094488189,-0.055712895248636));
#8469=CARTESIAN_POINT('',(0.0952578114716658,0.27244094488189,-0.00362956191530266));
#8470=CARTESIAN_POINT('',(0.0712193499332042,0.27244094488189,-0.055712895248636));
#8471=CARTESIAN_POINT('',(0.0901767651308538,0.27244094488189,-0.00362956191530266));
#8472=CARTESIAN_POINT('',(0.0952578114716658,0.27244094488189,-0.00362956191530266));
#8473=CARTESIAN_POINT('',(0.0824769454193154,0.27244094488189,-0.0203229379836787));
#8474=CARTESIAN_POINT('',(0.0901767651308538,0.27244094488189,-0.00362956191530266));
#8475=CARTESIAN_POINT('',(0.058866251642606,0.27244094488189,-0.0203229379836787));
#8476=CARTESIAN_POINT('',(0.0824769454193154,0.27244094488189,-0.0203229379836787));
#8477=CARTESIAN_POINT('',(0.0509473313701701,0.27244094488189,-0.00362956191530266));
#8478=CARTESIAN_POINT('',(0.058866251642606,0.27244094488189,-0.0203229379836787));
#8479=CARTESIAN_POINT('',(0.0509473313701701,0.27244094488189,-0.00362956191530266));
#8480=CARTESIAN_POINT('',(-0.0189248808360265,0.27244094488189,-0.0503710149067556));
#8481=CARTESIAN_POINT('',(-0.026937701348847,0.27244094488189,-0.0503710149067556));
#8482=CARTESIAN_POINT('',(-0.0189248808360265,0.27244094488189,-0.0503710149067556));
#8483=CARTESIAN_POINT('',(-0.0238807268563257,0.27244094488189,-0.055712895248636));
#8484=CARTESIAN_POINT('',(-0.026937701348847,0.27244094488189,-0.0503710149067556));
#8485=CARTESIAN_POINT('',(-0.0142507355368812,0.27244094488189,-0.055712895248636));
#8486=CARTESIAN_POINT('',(-0.0238807268563257,0.27244094488189,-0.055712895248636));
#8487=CARTESIAN_POINT('',(-0.0142507355368812,0.27244094488189,-0.00362956191530266));
#8488=CARTESIAN_POINT('',(-0.0142507355368812,0.27244094488189,-0.055712895248636));
#8489=CARTESIAN_POINT('',(-0.0189248808360265,0.27244094488189,-0.00362956191530266));
#8490=CARTESIAN_POINT('',(-0.0142507355368812,0.27244094488189,-0.00362956191530266));
#8491=CARTESIAN_POINT('',(-0.0189248808360265,0.27244094488189,-0.00362956191530266));
#8492=CARTESIAN_POINT('',(-0.0982497172409411,0.27244094488189,-0.00763597217171291));
#8493=CARTESIAN_POINT('',(-0.0910402654514111,0.27244094488189,-0.0210637065467129));
#8494=CARTESIAN_POINT('Ctrl Pts',(-0.0982497172409411,0.27244094488189,
-0.00763597217171291));
#8495=CARTESIAN_POINT('Ctrl Pts',(-0.097889854317914,0.27244094488189,-0.00765119144156379));
#8496=CARTESIAN_POINT('Ctrl Pts',(-0.0971785380042414,0.27244094488189,
-0.00768127432655802));
#8497=CARTESIAN_POINT('Ctrl Pts',(-0.0961448476172153,0.27244094488189,
-0.0079468885419047));
#8498=CARTESIAN_POINT('Ctrl Pts',(-0.0951558888194507,0.27244094488189,
-0.00835231120580007));
#8499=CARTESIAN_POINT('Ctrl Pts',(-0.0942471141515786,0.27244094488189,
-0.00894593164875378));
#8500=CARTESIAN_POINT('Ctrl Pts',(-0.0934095339866694,0.27244094488189,
-0.00965175636154494));
#8501=CARTESIAN_POINT('Ctrl Pts',(-0.0927184205106677,0.27244094488189,
-0.0105052683952704));
#8502=CARTESIAN_POINT('Ctrl Pts',(-0.0921422710391652,0.27244094488189,
-0.0114511907763184));
#8503=CARTESIAN_POINT('Ctrl Pts',(-0.0917955494119252,0.27244094488189,
-0.0123465993156349));
#8504=CARTESIAN_POINT('Ctrl Pts',(-0.091574645066523,0.27244094488189,-0.0131632158375564));
#8505=CARTESIAN_POINT('Ctrl Pts',(-0.091434442285911,0.27244094488189,-0.0139137089309663));
#8506=CARTESIAN_POINT('Ctrl Pts',(-0.0913118431729454,0.27244094488189,
-0.0147911118848495));
#8507=CARTESIAN_POINT('Ctrl Pts',(-0.0912049748410784,0.27244094488189,
-0.0157964720085114));
#8508=CARTESIAN_POINT('Ctrl Pts',(-0.0911424083148975,0.27244094488189,
-0.0169318020997591));
#8509=CARTESIAN_POINT('Ctrl Pts',(-0.0910722108026225,0.27244094488189,
-0.0181937685123999));
#8510=CARTESIAN_POINT('Ctrl Pts',(-0.0910468348965262,0.27244094488189,
-0.0195855529200798));
#8511=CARTESIAN_POINT('Ctrl Pts',(-0.091042522085966,0.27244094488189,-0.0205559539903142));
#8512=CARTESIAN_POINT('Ctrl Pts',(-0.0910402654514111,0.27244094488189,
-0.0210637065467129));
#8513=CARTESIAN_POINT('',(-0.0910402654514111,0.27244094488189,-0.055712895248636));
#8514=CARTESIAN_POINT('',(-0.0910402654514111,0.27244094488189,-0.0210637065467129));
#8515=CARTESIAN_POINT('',(-0.0863661201522658,0.27244094488189,-0.055712895248636));
#8516=CARTESIAN_POINT('',(-0.0910402654514111,0.27244094488189,-0.055712895248636));
#8517=CARTESIAN_POINT('',(-0.0863661201522658,0.27244094488189,-0.0205420385445762));
#8518=CARTESIAN_POINT('',(-0.0863661201522658,0.27244094488189,-0.055712895248636));
#8519=CARTESIAN_POINT('',(-0.0985105512420094,0.27244094488189,-0.00229409182983257));
#8520=CARTESIAN_POINT('Ctrl Pts',(-0.0863661201522658,0.27244094488189,
-0.0205420385445762));
#8521=CARTESIAN_POINT('Ctrl Pts',(-0.0863707915604776,0.27244094488189,
-0.0198916639776748));
#8522=CARTESIAN_POINT('Ctrl Pts',(-0.0863797612342677,0.27244094488189,
-0.0186428654479603));
#8523=CARTESIAN_POINT('Ctrl Pts',(-0.0864290828196165,0.27244094488189,
-0.0168441467590966));
#8524=CARTESIAN_POINT('Ctrl Pts',(-0.0865203548122727,0.27244094488189,
-0.0152017258334498));
#8525=CARTESIAN_POINT('Ctrl Pts',(-0.0866533163076518,0.27244094488189,
-0.0137118679912959));
#8526=CARTESIAN_POINT('Ctrl Pts',(-0.0868307007246698,0.27244094488189,
-0.012379240680466));
#8527=CARTESIAN_POINT('Ctrl Pts',(-0.0870336922145509,0.27244094488189,
-0.0111935469629833));
#8528=CARTESIAN_POINT('Ctrl Pts',(-0.0872794183868107,0.27244094488189,
-0.0101646826426285));
#8529=CARTESIAN_POINT('Ctrl Pts',(-0.0876494550881662,0.27244094488189,
-0.00900939461081457));
#8530=CARTESIAN_POINT('Ctrl Pts',(-0.0882562102748644,0.27244094488189,
-0.00774237370704419));
#8531=CARTESIAN_POINT('Ctrl Pts',(-0.0891694102472596,0.27244094488189,
-0.00637399348969549));
#8532=CARTESIAN_POINT('Ctrl Pts',(-0.0903038268608706,0.27244094488189,
-0.00517706773597069));
#8533=CARTESIAN_POINT('Ctrl Pts',(-0.091617830330723,0.27244094488189,-0.00413759266282061));
#8534=CARTESIAN_POINT('Ctrl Pts',(-0.0931229050938152,0.27244094488189,
-0.00330936005603007));
#8535=CARTESIAN_POINT('Ctrl Pts',(-0.0947880571641151,0.27244094488189,
-0.00271478894874145));
#8536=CARTESIAN_POINT('Ctrl Pts',(-0.0966030361439962,0.27244094488189,
-0.00235212739183258));
#8537=CARTESIAN_POINT('Ctrl Pts',(-0.0978619529944781,0.27244094488189,
-0.0023138252326491));
#8538=CARTESIAN_POINT('Ctrl Pts',(-0.0985105512420094,0.27244094488189,
-0.00229409182983257));
#8539=CARTESIAN_POINT('',(-0.111072316733462,0.27244094488189,-0.00830370721444795));
#8540=CARTESIAN_POINT('Ctrl Pts',(-0.0985105512420094,0.27244094488189,
-0.00229409182983257));
#8541=CARTESIAN_POINT('Ctrl Pts',(-0.099015883954264,0.27244094488189,-0.00231017232282497));
#8542=CARTESIAN_POINT('Ctrl Pts',(-0.10003264684094,0.27244094488189,-0.00234252733978236));
#8543=CARTESIAN_POINT('Ctrl Pts',(-0.101545901435615,0.27244094488189,-0.00260624330778384));
#8544=CARTESIAN_POINT('Ctrl Pts',(-0.103054859409676,0.27244094488189,-0.00301273204805722));
#8545=CARTESIAN_POINT('Ctrl Pts',(-0.104567529779323,0.27244094488189,-0.00360800876529992));
#8546=CARTESIAN_POINT('Ctrl Pts',(-0.106113798251763,0.27244094488189,-0.00441761588560638));
#8547=CARTESIAN_POINT('Ctrl Pts',(-0.107714606982323,0.27244094488189,-0.00547691375136583));
#8548=CARTESIAN_POINT('Ctrl Pts',(-0.109390547323973,0.27244094488189,-0.00678393051323058));
#8549=CARTESIAN_POINT('Ctrl Pts',(-0.11049446527199,0.27244094488189,-0.00778151601335056));
#8550=CARTESIAN_POINT('Ctrl Pts',(-0.111072316733462,0.27244094488189,-0.00830370721444795));
#8551=CARTESIAN_POINT('',(-0.10831790968218,0.27244094488189,-0.0123101174708582));
#8552=CARTESIAN_POINT('',(-0.111072316733462,0.27244094488189,-0.00830370721444795));
#8553=CARTESIAN_POINT('',(-0.101661425974915,0.27244094488189,-0.00838717409478983));
#8554=CARTESIAN_POINT('Ctrl Pts',(-0.10831790968218,0.27244094488189,-0.0123101174708582));
#8555=CARTESIAN_POINT('Ctrl Pts',(-0.107682453149107,0.27244094488189,-0.0118719121704005));
#8556=CARTESIAN_POINT('Ctrl Pts',(-0.106482628356247,0.27244094488189,-0.0110445234246916));
#8557=CARTESIAN_POINT('Ctrl Pts',(-0.104719169414489,0.27244094488189,-0.00998013948955697));
#8558=CARTESIAN_POINT('Ctrl Pts',(-0.103156711780472,0.27244094488189,-0.0090675626211434));
#8559=CARTESIAN_POINT('Ctrl Pts',(-0.102134644111925,0.27244094488189,-0.00860249894418463));
#8560=CARTESIAN_POINT('Ctrl Pts',(-0.101661425974915,0.27244094488189,-0.00838717409478983));
#8561=CARTESIAN_POINT('Ctrl Pts',(-0.101661425974915,0.27244094488189,-0.00838717409478983));
#8562=CARTESIAN_POINT('Ctrl Pts',(-0.101374457052905,0.27244094488189,-0.00827468217009077));
#8563=CARTESIAN_POINT('Ctrl Pts',(-0.100811647093999,0.27244094488189,-0.00805406045581773));
#8564=CARTESIAN_POINT('Ctrl Pts',(-0.0999511548370418,0.27244094488189,
-0.00780784173095083));
#8565=CARTESIAN_POINT('Ctrl Pts',(-0.0990955739298804,0.27244094488189,
-0.00767328205952015));
#8566=CARTESIAN_POINT('Ctrl Pts',(-0.0985283463425779,0.27244094488189,
-0.00764826222114781));
#8567=CARTESIAN_POINT('Ctrl Pts',(-0.0982497172409411,0.27244094488189,
-0.00763597217171291));
#8568=CARTESIAN_POINT('',(-0.210564838100984,0.27244094488189,-0.00362956191530266));
#8569=CARTESIAN_POINT('',(-0.185858641519787,0.27244094488189,-0.055712895248636));
#8570=CARTESIAN_POINT('',(-0.210564838100984,0.27244094488189,-0.00362956191530266));
#8571=CARTESIAN_POINT('',(-0.185190906477052,0.27244094488189,-0.055712895248636));
#8572=CARTESIAN_POINT('',(-0.185858641519787,0.27244094488189,-0.055712895248636));
#8573=CARTESIAN_POINT('',(-0.161152444938591,0.27244094488189,-0.00362956191530266));
#8574=CARTESIAN_POINT('',(-0.185190906477052,0.27244094488189,-0.055712895248636));
#8575=CARTESIAN_POINT('',(-0.166233491279403,0.27244094488189,-0.00362956191530266));
#8576=CARTESIAN_POINT('',(-0.161152444938591,0.27244094488189,-0.00362956191530266));
#8577=CARTESIAN_POINT('',(-0.173933310990941,0.27244094488189,-0.0203229379836787));
#8578=CARTESIAN_POINT('',(-0.166233491279403,0.27244094488189,-0.00362956191530266));
#8579=CARTESIAN_POINT('',(-0.19754400476765,0.27244094488189,-0.0203229379836787));
#8580=CARTESIAN_POINT('',(-0.173933310990941,0.27244094488189,-0.0203229379836787));
#8581=CARTESIAN_POINT('',(-0.205462925040086,0.27244094488189,-0.00362956191530266));
#8582=CARTESIAN_POINT('',(-0.19754400476765,0.27244094488189,-0.0203229379836787));
#8583=CARTESIAN_POINT('',(-0.205462925040086,0.27244094488189,-0.00362956191530266));
#8584=CARTESIAN_POINT('Origin',(-0.32007874015748,0.27244094488189,-0.425));
#8585=CARTESIAN_POINT('',(-0.32007874015748,0.27244094488189,-0.425));
#8586=CARTESIAN_POINT('Origin',(0.32007874015748,0.27244094488189,-0.425));
#8587=CARTESIAN_POINT('Origin',(0.,0.,-0.425));
#8588=CARTESIAN_POINT('Origin',(0.,0.,0.425));
#8589=CARTESIAN_POINT('',(0.0984251968503938,-0.252755905511811,0.425));
#8590=CARTESIAN_POINT('',(0.0984251968503938,-0.252755905511811,0.425));
#8591=CARTESIAN_POINT('',(-0.0984251968503937,-0.252755905511811,0.425));
#8592=CARTESIAN_POINT('',(-0.0984251968503937,-0.252755905511811,0.425));
#8593=CARTESIAN_POINT('',(-0.0984251968503937,-0.252755905511811,0.425));
#8594=CARTESIAN_POINT('',(-0.196850393700787,-0.00708661417322833,0.425));
#8595=CARTESIAN_POINT('',(-0.236220472440945,-0.00708661417322833,0.425));
#8596=CARTESIAN_POINT('',(-0.196850393700787,0.0716535433070866,0.425));
#8597=CARTESIAN_POINT('',(-0.196850393700787,-0.00708661417322833,0.425));
#8598=CARTESIAN_POINT('',(-0.236220472440945,0.0716535433070866,0.425));
#8599=CARTESIAN_POINT('',(-0.196850393700787,0.0716535433070866,0.425));
#8600=CARTESIAN_POINT('',(-0.236220472440945,0.189763779527559,0.425));
#8601=CARTESIAN_POINT('',(-0.236220472440945,0.0716535433070866,0.425));
#8602=CARTESIAN_POINT('',(0.236220472440945,0.189763779527559,0.425));
#8603=CARTESIAN_POINT('',(-0.236220472440945,0.189763779527559,0.425));
#8604=CARTESIAN_POINT('',(0.236220472440945,0.0716535433070867,0.425));
#8605=CARTESIAN_POINT('',(0.236220472440945,0.0716535433070867,0.425));
#8606=CARTESIAN_POINT('',(0.196850393700787,0.0716535433070867,0.425));
#8607=CARTESIAN_POINT('',(0.196850393700787,0.0716535433070867,0.425));
#8608=CARTESIAN_POINT('',(0.196850393700787,-0.00708661417322828,0.425));
#8609=CARTESIAN_POINT('',(0.196850393700787,-0.00708661417322828,0.425));
#8610=CARTESIAN_POINT('',(0.236220472440945,-0.00708661417322827,0.425));
#8611=CARTESIAN_POINT('Origin',(0.0984251968503938,-0.252755905511811,0.405314960629921));
#8612=CARTESIAN_POINT('',(0.0984251968503938,-0.252755905511811,0.405314960629921));
#8613=CARTESIAN_POINT('Origin',(-0.0984251968503937,-0.252755905511811,
0.405314960629921));
#8614=CARTESIAN_POINT('',(-0.0984251968503937,-0.252755905511811,0.405314960629921));
#8615=CARTESIAN_POINT('Origin',(-0.0984251968503937,-0.252755905511811,
0.405314960629921));
#8616=CARTESIAN_POINT('Origin',(-0.236220472440945,-0.00708661417322833,
0.405314960629921));
#8617=CARTESIAN_POINT('',(-0.196850393700787,-0.00708661417322833,0.405314960629921));
#8618=CARTESIAN_POINT('Origin',(-0.196850393700787,-0.00708661417322833,
0.405314960629921));
#8619=CARTESIAN_POINT('',(-0.196850393700787,0.0716535433070866,0.405314960629921));
#8620=CARTESIAN_POINT('Origin',(-0.196850393700787,0.0716535433070866,0.405314960629921));
#8621=CARTESIAN_POINT('',(-0.236220472440945,0.0716535433070866,0.405314960629921));
#8622=CARTESIAN_POINT('Origin',(-0.236220472440945,0.0716535433070866,0.405314960629921));
#8623=CARTESIAN_POINT('',(-0.236220472440945,0.189763779527559,0.405314960629921));
#8624=CARTESIAN_POINT('Origin',(-0.236220472440945,0.189763779527559,0.405314960629921));
#8625=CARTESIAN_POINT('',(0.236220472440945,0.189763779527559,0.405314960629921));
#8626=CARTESIAN_POINT('Origin',(0.236220472440945,0.0716535433070867,0.405314960629921));
#8627=CARTESIAN_POINT('',(0.236220472440945,0.0716535433070867,0.405314960629921));
#8628=CARTESIAN_POINT('Origin',(0.196850393700787,0.0716535433070867,0.405314960629921));
#8629=CARTESIAN_POINT('',(0.196850393700787,0.0716535433070867,0.405314960629921));
#8630=CARTESIAN_POINT('Origin',(0.196850393700787,-0.00708661417322828,
0.405314960629921));
#8631=CARTESIAN_POINT('',(0.196850393700787,-0.00708661417322828,0.405314960629921));
#8632=CARTESIAN_POINT('Origin',(0.236220472440945,-0.00708661417322827,
0.405314960629921));
#8633=CARTESIAN_POINT('Origin',(0.306299212598425,-0.27244094488189,-0.149803149606299));
#8634=CARTESIAN_POINT('',(0.306299212598425,-0.388582677165354,-0.149803149606299));
#8635=CARTESIAN_POINT('',(0.306299212598425,-0.388582677165354,-0.149803149606299));
#8636=CARTESIAN_POINT('',(0.306299212598425,-0.27244094488189,-0.149803149606299));
#8637=CARTESIAN_POINT('Origin',(0.306299212598425,-0.402362204724409,-0.149803149606299));
#8638=CARTESIAN_POINT('',(0.306299212598425,-0.402362204724409,-0.103637385117841));
#8639=CARTESIAN_POINT('',(0.306299212598425,-0.402362204724409,-0.103637385117841));
#8640=CARTESIAN_POINT('',(0.306299212598425,-0.402362204724409,-0.144787811732552));
#8641=CARTESIAN_POINT('',(0.306299212598425,-0.402362204724409,-0.149803149606299));
#8642=CARTESIAN_POINT('',(0.306299212598425,-0.402362204724409,-0.144787811732552));
#8643=CARTESIAN_POINT('Origin',(0.306299212598425,-0.27244094488189,-0.0986220472440944));
#8644=CARTESIAN_POINT('',(0.306299212598425,-0.388582677165354,-0.0986220472440944));
#8645=CARTESIAN_POINT('',(0.306299212598425,-0.27244094488189,-0.0986220472440944));
#8646=CARTESIAN_POINT('',(0.306299212598425,-0.388582677165354,-0.0986220472440944));
#8647=CARTESIAN_POINT('Origin',(0.306299212598425,5.72542992684127E-18,
0.));
#8648=CARTESIAN_POINT('',(0.306299212598425,-0.388582677165354,-0.0986220472440944));
#8649=CARTESIAN_POINT('',(0.306299212598425,-0.402362204724409,-0.144787811732552));
#8650=CARTESIAN_POINT('Origin',(0.306299212598425,-0.388582677165354,-0.0986220472440944));
#8651=CARTESIAN_POINT('Origin',(0.306299212598425,-0.402362204724409,-0.144787811732552));
#8652=CARTESIAN_POINT('Origin',(-0.306299212598425,-0.27244094488189,-0.0986220472440944));
#8653=CARTESIAN_POINT('',(-0.306299212598425,-0.388582677165354,-0.0986220472440944));
#8654=CARTESIAN_POINT('',(-0.306299212598425,-0.388582677165354,-0.0986220472440944));
#8655=CARTESIAN_POINT('',(-0.306299212598425,-0.27244094488189,-0.0986220472440944));
#8656=CARTESIAN_POINT('Origin',(-0.306299212598425,-0.402362204724409,-0.149803149606299));
#8657=CARTESIAN_POINT('',(-0.306299212598425,-0.402362204724409,-0.103637385117841));
#8658=CARTESIAN_POINT('',(-0.306299212598425,-0.402362204724409,-0.144787811732552));
#8659=CARTESIAN_POINT('',(-0.306299212598425,-0.402362204724409,-0.149803149606299));
#8660=CARTESIAN_POINT('',(-0.306299212598425,-0.402362204724409,-0.103637385117841));
#8661=CARTESIAN_POINT('',(-0.306299212598425,-0.402362204724409,-0.144787811732552));
#8662=CARTESIAN_POINT('Origin',(-0.306299212598425,-0.27244094488189,-0.149803149606299));
#8663=CARTESIAN_POINT('',(-0.306299212598425,-0.388582677165354,-0.149803149606299));
#8664=CARTESIAN_POINT('',(-0.306299212598425,-0.27244094488189,-0.149803149606299));
#8665=CARTESIAN_POINT('',(-0.306299212598425,-0.388582677165354,-0.149803149606299));
#8666=CARTESIAN_POINT('Origin',(-0.306299212598425,5.72542992684127E-18,
0.));
#8667=CARTESIAN_POINT('',(-0.306299212598425,-0.402362204724409,-0.103637385117841));
#8668=CARTESIAN_POINT('',(-0.306299212598425,-0.388582677165354,-0.149803149606299));
#8669=CARTESIAN_POINT('Origin',(-0.306299212598425,-0.402362204724409,-0.103637385117841));
#8670=CARTESIAN_POINT('Origin',(-0.306299212598425,-0.388582677165354,-0.149803149606299));
#8671=CARTESIAN_POINT('Origin',(0.181889763779528,-0.27244094488189,-0.362992125984252));
#8672=CARTESIAN_POINT('',(0.181889763779528,-0.40236220472441,-0.345275590551181));
#8673=CARTESIAN_POINT('',(0.181889763779528,-0.27244094488189,-0.345275590551181));
#8674=CARTESIAN_POINT('',(0.181889763779528,-0.40236220472441,-0.362992125984252));
#8675=CARTESIAN_POINT('',(0.181889763779528,-0.40236220472441,-0.362992125984252));
#8676=CARTESIAN_POINT('',(0.181889763779528,-0.27244094488189,-0.362992125984252));
#8677=CARTESIAN_POINT('Origin',(0.181889763779528,-0.40236220472441,-0.362992125984252));
#8678=CARTESIAN_POINT('',(0.168110236220472,-0.40236220472441,-0.345275590551181));
#8679=CARTESIAN_POINT('',(0.181889763779528,-0.40236220472441,-0.345275590551181));
#8680=CARTESIAN_POINT('',(0.168110236220472,-0.40236220472441,-0.362992125984252));
#8681=CARTESIAN_POINT('',(0.168110236220472,-0.40236220472441,-0.362992125984252));
#8682=CARTESIAN_POINT('',(0.181889763779528,-0.40236220472441,-0.362992125984252));
#8683=CARTESIAN_POINT('Origin',(0.168110236220472,-0.27244094488189,-0.362992125984252));
#8684=CARTESIAN_POINT('',(0.168110236220472,-0.27244094488189,-0.345275590551181));
#8685=CARTESIAN_POINT('',(0.168110236220472,-0.27244094488189,-0.362992125984252));
#8686=CARTESIAN_POINT('Origin',(0.,0.,-0.362992125984252));
#8687=CARTESIAN_POINT('Origin',(0.,0.,-0.345275590551181));
#8688=CARTESIAN_POINT('Origin',(0.0818897637795276,-0.27244094488189,-0.362992125984252));
#8689=CARTESIAN_POINT('',(0.0818897637795275,-0.40236220472441,-0.345275590551181));
#8690=CARTESIAN_POINT('',(0.0818897637795276,-0.27244094488189,-0.345275590551181));
#8691=CARTESIAN_POINT('',(0.0818897637795275,-0.40236220472441,-0.362992125984252));
#8692=CARTESIAN_POINT('',(0.0818897637795275,-0.40236220472441,-0.362992125984252));
#8693=CARTESIAN_POINT('',(0.0818897637795276,-0.27244094488189,-0.362992125984252));
#8694=CARTESIAN_POINT('Origin',(0.0818897637795275,-0.40236220472441,-0.362992125984252));
#8695=CARTESIAN_POINT('',(0.0681102362204724,-0.40236220472441,-0.345275590551181));
#8696=CARTESIAN_POINT('',(0.0818897637795275,-0.40236220472441,-0.345275590551181));
#8697=CARTESIAN_POINT('',(0.0681102362204724,-0.40236220472441,-0.362992125984252));
#8698=CARTESIAN_POINT('',(0.0681102362204724,-0.40236220472441,-0.362992125984252));
#8699=CARTESIAN_POINT('',(0.0818897637795275,-0.40236220472441,-0.362992125984252));
#8700=CARTESIAN_POINT('Origin',(0.0681102362204724,-0.27244094488189,-0.362992125984252));
#8701=CARTESIAN_POINT('',(0.0681102362204724,-0.27244094488189,-0.345275590551181));
#8702=CARTESIAN_POINT('',(0.0681102362204724,-0.27244094488189,-0.362992125984252));
#8703=CARTESIAN_POINT('Origin',(-0.1,0.,-0.362992125984252));
#8704=CARTESIAN_POINT('Origin',(-0.1,0.,-0.345275590551181));
#8705=CARTESIAN_POINT('Origin',(-0.0181102362204724,-0.27244094488189,-0.362992125984252));
#8706=CARTESIAN_POINT('',(-0.0181102362204725,-0.40236220472441,-0.345275590551181));
#8707=CARTESIAN_POINT('',(-0.0181102362204724,-0.27244094488189,-0.345275590551181));
#8708=CARTESIAN_POINT('',(-0.0181102362204725,-0.40236220472441,-0.362992125984252));
#8709=CARTESIAN_POINT('',(-0.0181102362204725,-0.40236220472441,-0.362992125984252));
#8710=CARTESIAN_POINT('',(-0.0181102362204724,-0.27244094488189,-0.362992125984252));
#8711=CARTESIAN_POINT('Origin',(-0.0181102362204725,-0.40236220472441,-0.362992125984252));
#8712=CARTESIAN_POINT('',(-0.0318897637795276,-0.40236220472441,-0.345275590551181));
#8713=CARTESIAN_POINT('',(-0.0181102362204725,-0.40236220472441,-0.345275590551181));
#8714=CARTESIAN_POINT('',(-0.0318897637795276,-0.40236220472441,-0.362992125984252));
#8715=CARTESIAN_POINT('',(-0.0318897637795276,-0.40236220472441,-0.362992125984252));
#8716=CARTESIAN_POINT('',(-0.0181102362204725,-0.40236220472441,-0.362992125984252));
#8717=CARTESIAN_POINT('Origin',(-0.0318897637795276,-0.27244094488189,-0.362992125984252));
#8718=CARTESIAN_POINT('',(-0.0318897637795276,-0.27244094488189,-0.345275590551181));
#8719=CARTESIAN_POINT('',(-0.0318897637795276,-0.27244094488189,-0.362992125984252));
#8720=CARTESIAN_POINT('Origin',(-0.2,0.,-0.362992125984252));
#8721=CARTESIAN_POINT('Origin',(-0.2,0.,-0.345275590551181));
#8722=CARTESIAN_POINT('Origin',(-0.118110236220472,-0.27244094488189,-0.362992125984252));
#8723=CARTESIAN_POINT('',(-0.118110236220472,-0.40236220472441,-0.345275590551181));
#8724=CARTESIAN_POINT('',(-0.118110236220472,-0.27244094488189,-0.345275590551181));
#8725=CARTESIAN_POINT('',(-0.118110236220472,-0.40236220472441,-0.362992125984252));
#8726=CARTESIAN_POINT('',(-0.118110236220472,-0.40236220472441,-0.362992125984252));
#8727=CARTESIAN_POINT('',(-0.118110236220472,-0.27244094488189,-0.362992125984252));
#8728=CARTESIAN_POINT('Origin',(-0.118110236220472,-0.40236220472441,-0.362992125984252));
#8729=CARTESIAN_POINT('',(-0.131889763779528,-0.40236220472441,-0.345275590551181));
#8730=CARTESIAN_POINT('',(-0.118110236220472,-0.40236220472441,-0.345275590551181));
#8731=CARTESIAN_POINT('',(-0.131889763779528,-0.40236220472441,-0.362992125984252));
#8732=CARTESIAN_POINT('',(-0.131889763779528,-0.40236220472441,-0.362992125984252));
#8733=CARTESIAN_POINT('',(-0.118110236220472,-0.40236220472441,-0.362992125984252));
#8734=CARTESIAN_POINT('Origin',(-0.131889763779528,-0.27244094488189,-0.362992125984252));
#8735=CARTESIAN_POINT('',(-0.131889763779528,-0.27244094488189,-0.345275590551181));
#8736=CARTESIAN_POINT('',(-0.131889763779528,-0.27244094488189,-0.362992125984252));
#8737=CARTESIAN_POINT('Origin',(-0.3,0.,-0.362992125984252));
#8738=CARTESIAN_POINT('Origin',(-0.3,0.,-0.345275590551181));
#8739=CARTESIAN_POINT('Origin',(-0.218110236220472,-0.27244094488189,-0.362992125984252));
#8740=CARTESIAN_POINT('',(-0.218110236220472,-0.40236220472441,-0.345275590551181));
#8741=CARTESIAN_POINT('',(-0.218110236220472,-0.27244094488189,-0.345275590551181));
#8742=CARTESIAN_POINT('',(-0.218110236220472,-0.40236220472441,-0.362992125984252));
#8743=CARTESIAN_POINT('',(-0.218110236220472,-0.40236220472441,-0.362992125984252));
#8744=CARTESIAN_POINT('',(-0.218110236220472,-0.27244094488189,-0.362992125984252));
#8745=CARTESIAN_POINT('Origin',(-0.218110236220472,-0.40236220472441,-0.362992125984252));
#8746=CARTESIAN_POINT('',(-0.231889763779528,-0.40236220472441,-0.345275590551181));
#8747=CARTESIAN_POINT('',(-0.218110236220472,-0.40236220472441,-0.345275590551181));
#8748=CARTESIAN_POINT('',(-0.231889763779528,-0.40236220472441,-0.362992125984252));
#8749=CARTESIAN_POINT('',(-0.231889763779528,-0.40236220472441,-0.362992125984252));
#8750=CARTESIAN_POINT('',(-0.218110236220472,-0.40236220472441,-0.362992125984252));
#8751=CARTESIAN_POINT('Origin',(-0.231889763779528,-0.27244094488189,-0.362992125984252));
#8752=CARTESIAN_POINT('',(-0.231889763779528,-0.27244094488189,-0.345275590551181));
#8753=CARTESIAN_POINT('',(-0.231889763779528,-0.27244094488189,-0.362992125984252));
#8754=CARTESIAN_POINT('Origin',(-0.4,0.,-0.362992125984252));
#8755=CARTESIAN_POINT('Origin',(-0.4,0.,-0.345275590551181));
#8756=CARTESIAN_POINT('Origin',(-0.185858641519787,0.27240157480315,-0.055712895248636));
#8757=CARTESIAN_POINT('',(-0.185858641519787,0.27240157480315,-0.055712895248636));
#8758=CARTESIAN_POINT('',(-0.185858641519787,0.27240157480315,-0.055712895248636));
#8759=CARTESIAN_POINT('',(-0.185190906477052,0.27240157480315,-0.055712895248636));
#8760=CARTESIAN_POINT('',(-0.185858641519787,0.27240157480315,-0.055712895248636));
#8761=CARTESIAN_POINT('',(-0.185190906477052,0.27240157480315,-0.055712895248636));
#8762=CARTESIAN_POINT('Origin',(-0.185190906477052,0.27240157480315,-0.055712895248636));
#8763=CARTESIAN_POINT('',(-0.161152444938591,0.27240157480315,-0.00362956191530266));
#8764=CARTESIAN_POINT('',(-0.185190906477052,0.27240157480315,-0.055712895248636));
#8765=CARTESIAN_POINT('',(-0.161152444938591,0.27240157480315,-0.00362956191530266));
#8766=CARTESIAN_POINT('Origin',(-0.161152444938591,0.27240157480315,-0.00362956191530266));
#8767=CARTESIAN_POINT('',(-0.166233491279403,0.27240157480315,-0.00362956191530266));
#8768=CARTESIAN_POINT('',(-0.161152444938591,0.27240157480315,-0.00362956191530266));
#8769=CARTESIAN_POINT('',(-0.166233491279403,0.27240157480315,-0.00362956191530266));
#8770=CARTESIAN_POINT('Origin',(-0.166233491279403,0.27240157480315,-0.00362956191530266));
#8771=CARTESIAN_POINT('',(-0.173933310990941,0.27240157480315,-0.0203229379836787));
#8772=CARTESIAN_POINT('',(-0.166233491279403,0.27240157480315,-0.00362956191530266));
#8773=CARTESIAN_POINT('',(-0.173933310990941,0.27240157480315,-0.0203229379836787));
#8774=CARTESIAN_POINT('Origin',(-0.173933310990941,0.27240157480315,-0.0203229379836787));
#8775=CARTESIAN_POINT('',(-0.19754400476765,0.27240157480315,-0.0203229379836787));
#8776=CARTESIAN_POINT('',(-0.173933310990941,0.27240157480315,-0.0203229379836787));
#8777=CARTESIAN_POINT('',(-0.19754400476765,0.27240157480315,-0.0203229379836787));
#8778=CARTESIAN_POINT('Origin',(-0.19754400476765,0.27240157480315,-0.0203229379836787));
#8779=CARTESIAN_POINT('',(-0.205462925040086,0.27240157480315,-0.00362956191530266));
#8780=CARTESIAN_POINT('',(-0.19754400476765,0.27240157480315,-0.0203229379836787));
#8781=CARTESIAN_POINT('',(-0.205462925040086,0.27240157480315,-0.00362956191530266));
#8782=CARTESIAN_POINT('Origin',(-0.205462925040086,0.27240157480315,-0.00362956191530266));
#8783=CARTESIAN_POINT('',(-0.210564838100984,0.27240157480315,-0.00362956191530266));
#8784=CARTESIAN_POINT('',(-0.205462925040086,0.27240157480315,-0.00362956191530266));
#8785=CARTESIAN_POINT('',(-0.210564838100984,0.27240157480315,-0.00362956191530266));
#8786=CARTESIAN_POINT('Origin',(-0.210564838100984,0.27240157480315,-0.00362956191530266));
#8787=CARTESIAN_POINT('',(-0.210564838100984,0.27240157480315,-0.00362956191530266));
#8788=CARTESIAN_POINT('Origin',(0.,0.27240157480315,0.));
#8789=CARTESIAN_POINT('',(-0.195008698277266,0.27240157480315,-0.0256648183255591));
#8790=CARTESIAN_POINT('',(-0.176395583961027,0.27240157480315,-0.0256648183255591));
#8791=CARTESIAN_POINT('',(-0.195008698277266,0.27240157480315,-0.0256648183255591));
#8792=CARTESIAN_POINT('',(-0.185576940798633,0.27240157480315,-0.0455612359270548));
#8793=CARTESIAN_POINT('',(-0.185576940798633,0.27240157480315,-0.0455612359270548));
#8794=CARTESIAN_POINT('',(-0.176395583961027,0.27240157480315,-0.0256648183255591));
#8795=CARTESIAN_POINT('Origin',(-0.176395583961027,0.27240157480315,-0.0256648183255591));
#8796=CARTESIAN_POINT('',(-0.176395583961027,0.27244094488189,-0.0256648183255591));
#8797=CARTESIAN_POINT('',(-0.185576940798633,0.27244094488189,-0.0455612359270548));
#8798=CARTESIAN_POINT('',(-0.176395583961027,0.27244094488189,-0.0256648183255591));
#8799=CARTESIAN_POINT('',(-0.176395583961027,0.27240157480315,-0.0256648183255591));
#8800=CARTESIAN_POINT('',(-0.185576940798633,0.27240157480315,-0.0455612359270548));
#8801=CARTESIAN_POINT('Origin',(-0.195008698277266,0.27240157480315,-0.0256648183255591));
#8802=CARTESIAN_POINT('',(-0.195008698277266,0.27244094488189,-0.0256648183255591));
#8803=CARTESIAN_POINT('',(-0.195008698277266,0.27244094488189,-0.0256648183255591));
#8804=CARTESIAN_POINT('',(-0.195008698277266,0.27240157480315,-0.0256648183255591));
#8805=CARTESIAN_POINT('Origin',(-0.185576940798633,0.27240157480315,-0.0455612359270548));
#8806=CARTESIAN_POINT('',(-0.185576940798633,0.27244094488189,-0.0455612359270548));
#8807=CARTESIAN_POINT('Origin',(-0.32007874015748,0.27244094488189,-0.425));
#8808=CARTESIAN_POINT('Origin',(-0.1518041543403,0.27240157480315,-0.00362956191530266));
#8809=CARTESIAN_POINT('',(-0.1518041543403,0.27240157480315,-0.00362956191530266));
#8810=CARTESIAN_POINT('',(-0.1518041543403,0.27240157480315,-0.00362956191530266));
#8811=CARTESIAN_POINT('',(-0.1518041543403,0.27240157480315,-0.055712895248636));
#8812=CARTESIAN_POINT('',(-0.1518041543403,0.27240157480315,-0.00362956191530266));
#8813=CARTESIAN_POINT('',(-0.1518041543403,0.27240157480315,-0.055712895248636));
#8814=CARTESIAN_POINT('Origin',(-0.1518041543403,0.27240157480315,-0.055712895248636));
#8815=CARTESIAN_POINT('',(-0.141381227657608,0.27240157480315,-0.055712895248636));
#8816=CARTESIAN_POINT('',(-0.1518041543403,0.27240157480315,-0.055712895248636));
#8817=CARTESIAN_POINT('',(-0.141381227657608,0.27240157480315,-0.055712895248636));
#8818=CARTESIAN_POINT('Ctrl Pts',(-0.141381227657608,0.27240157480315,-0.055712895248636));
#8819=CARTESIAN_POINT('Ctrl Pts',(-0.141381227657608,0.272448818897638,
-0.055712895248636));
#8820=CARTESIAN_POINT('Ctrl Pts',(-0.140685675149965,0.27240157480315,-0.0557105799809569));
#8821=CARTESIAN_POINT('Ctrl Pts',(-0.140685675149965,0.272448818897638,
-0.0557105799809569));
#8822=CARTESIAN_POINT('Ctrl Pts',(-0.139350137286735,0.27240157480315,-0.0557061344105435));
#8823=CARTESIAN_POINT('Ctrl Pts',(-0.139350137286735,0.272448818897638,
-0.0557061344105435));
#8824=CARTESIAN_POINT('Ctrl Pts',(-0.13743684457305,0.27240157480315,-0.0556813462720294));
#8825=CARTESIAN_POINT('Ctrl Pts',(-0.13743684457305,0.272448818897638,-0.0556813462720294));
#8826=CARTESIAN_POINT('Ctrl Pts',(-0.135698346105785,0.27240157480315,-0.0556102993120855));
#8827=CARTESIAN_POINT('Ctrl Pts',(-0.135698346105785,0.272448818897638,
-0.0556102993120855));
#8828=CARTESIAN_POINT('Ctrl Pts',(-0.134135550877852,0.27240157480315,-0.0555491596770093));
#8829=CARTESIAN_POINT('Ctrl Pts',(-0.134135550877852,0.272448818897638,
-0.0555491596770093));
#8830=CARTESIAN_POINT('Ctrl Pts',(-0.132748487559752,0.27240157480315,-0.0554376724549387));
#8831=CARTESIAN_POINT('Ctrl Pts',(-0.132748487559752,0.272448818897638,
-0.0554376724549387));
#8832=CARTESIAN_POINT('Ctrl Pts',(-0.131532902876003,0.27240157480315,-0.0553311152061321));
#8833=CARTESIAN_POINT('Ctrl Pts',(-0.131532902876003,0.272448818897638,
-0.0553311152061321));
#8834=CARTESIAN_POINT('Ctrl Pts',(-0.130494395472711,0.27240157480315,-0.0551916262064453));
#8835=CARTESIAN_POINT('Ctrl Pts',(-0.130494395472711,0.272448818897638,
-0.0551916262064453));
#8836=CARTESIAN_POINT('Ctrl Pts',(-0.129865736971184,0.27240157480315,-0.0550620812218377));
#8837=CARTESIAN_POINT('Ctrl Pts',(-0.129865736971184,0.272448818897638,
-0.0550620812218377));
#8838=CARTESIAN_POINT('Ctrl Pts',(-0.129581097449274,0.27240157480315,-0.05500342676573));
#8839=CARTESIAN_POINT('Ctrl Pts',(-0.129581097449274,0.272448818897638,
-0.05500342676573));
#8840=CARTESIAN_POINT('',(-0.129581097449274,0.27240157480315,-0.05500342676573));
#8841=CARTESIAN_POINT('Ctrl Pts',(-0.141381227657608,0.27240157480315,-0.055712895248636));
#8842=CARTESIAN_POINT('Ctrl Pts',(-0.140685675149965,0.27240157480315,-0.0557105799809569));
#8843=CARTESIAN_POINT('Ctrl Pts',(-0.139350137286735,0.27240157480315,-0.0557061344105435));
#8844=CARTESIAN_POINT('Ctrl Pts',(-0.13743684457305,0.27240157480315,-0.0556813462720294));
#8845=CARTESIAN_POINT('Ctrl Pts',(-0.135698346105785,0.27240157480315,-0.0556102993120855));
#8846=CARTESIAN_POINT('Ctrl Pts',(-0.134135550877852,0.27240157480315,-0.0555491596770093));
#8847=CARTESIAN_POINT('Ctrl Pts',(-0.132748487559752,0.27240157480315,-0.0554376724549387));
#8848=CARTESIAN_POINT('Ctrl Pts',(-0.131532902876003,0.27240157480315,-0.0553311152061321));
#8849=CARTESIAN_POINT('Ctrl Pts',(-0.130494395472711,0.27240157480315,-0.0551916262064453));
#8850=CARTESIAN_POINT('Ctrl Pts',(-0.129865736971184,0.27240157480315,-0.0550620812218377));
#8851=CARTESIAN_POINT('Ctrl Pts',(-0.129581097449274,0.27240157480315,-0.05500342676573));
#8852=CARTESIAN_POINT('',(-0.129581097449274,0.27240157480315,-0.05500342676573));
#8853=CARTESIAN_POINT('Ctrl Pts',(-0.129581097449274,0.27240157480315,-0.05500342676573));
#8854=CARTESIAN_POINT('Ctrl Pts',(-0.129581097449274,0.272448818897638,
-0.05500342676573));
#8855=CARTESIAN_POINT('Ctrl Pts',(-0.129200046494857,0.27240157480315,-0.0549092784715995));
#8856=CARTESIAN_POINT('Ctrl Pts',(-0.129200046494857,0.272448818897638,
-0.0549092784715995));
#8857=CARTESIAN_POINT('Ctrl Pts',(-0.128446073437242,0.27240157480315,-0.0547229903220175));
#8858=CARTESIAN_POINT('Ctrl Pts',(-0.128446073437242,0.272448818897638,
-0.0547229903220175));
#8859=CARTESIAN_POINT('Ctrl Pts',(-0.127360506978315,0.27240157480315,-0.0543292462621419));
#8860=CARTESIAN_POINT('Ctrl Pts',(-0.127360506978315,0.272448818897638,
-0.0543292462621419));
#8861=CARTESIAN_POINT('Ctrl Pts',(-0.126326067633795,0.27240157480315,-0.0538735970861791));
#8862=CARTESIAN_POINT('Ctrl Pts',(-0.126326067633795,0.272448818897638,
-0.0538735970861791));
#8863=CARTESIAN_POINT('Ctrl Pts',(-0.125347052390912,0.27240157480315,-0.0533384226766838));
#8864=CARTESIAN_POINT('Ctrl Pts',(-0.125347052390912,0.272448818897638,
-0.0533384226766838));
#8865=CARTESIAN_POINT('Ctrl Pts',(-0.124428365022007,0.27240157480315,-0.0527197503601284));
#8866=CARTESIAN_POINT('Ctrl Pts',(-0.124428365022007,0.272448818897638,
-0.0527197503601284));
#8867=CARTESIAN_POINT('Ctrl Pts',(-0.123560533016134,0.27240157480315,-0.0520282604429387));
#8868=CARTESIAN_POINT('Ctrl Pts',(-0.123560533016134,0.272448818897638,
-0.0520282604429387));
#8869=CARTESIAN_POINT('Ctrl Pts',(-0.122739618382504,0.27240157480315,-0.0512677365475448));
#8870=CARTESIAN_POINT('Ctrl Pts',(-0.122739618382504,0.272448818897638,
-0.0512677365475448));
#8871=CARTESIAN_POINT('Ctrl Pts',(-0.121998820314344,0.27240157480315,-0.0504190037870885));
#8872=CARTESIAN_POINT('Ctrl Pts',(-0.121998820314344,0.272448818897638,
-0.0504190037870885));
#8873=CARTESIAN_POINT('Ctrl Pts',(-0.12130032252127,0.27240157480315,-0.0495285795358981));
#8874=CARTESIAN_POINT('Ctrl Pts',(-0.12130032252127,0.272448818897638,-0.0495285795358981));
#8875=CARTESIAN_POINT('Ctrl Pts',(-0.120711206055488,0.27240157480315,-0.0485657260114758));
#8876=CARTESIAN_POINT('Ctrl Pts',(-0.120711206055488,0.272448818897638,
-0.0485657260114758));
#8877=CARTESIAN_POINT('Ctrl Pts',(-0.120203371535808,0.27240157480315,-0.0475588580423684));
#8878=CARTESIAN_POINT('Ctrl Pts',(-0.120203371535808,0.272448818897638,
-0.0475588580423684));
#8879=CARTESIAN_POINT('Ctrl Pts',(-0.119799048366163,0.27240157480315,-0.0464977357543404));
#8880=CARTESIAN_POINT('Ctrl Pts',(-0.119799048366163,0.272448818897638,
-0.0464977357543404));
#8881=CARTESIAN_POINT('Ctrl Pts',(-0.119473483284717,0.27240157480315,-0.0453926498635276));
#8882=CARTESIAN_POINT('Ctrl Pts',(-0.119473483284717,0.272448818897638,
-0.0453926498635276));
#8883=CARTESIAN_POINT('Ctrl Pts',(-0.119243926151221,0.27240157480315,-0.0442335903884204));
#8884=CARTESIAN_POINT('Ctrl Pts',(-0.119243926151221,0.272448818897638,
-0.0442335903884204));
#8885=CARTESIAN_POINT('Ctrl Pts',(-0.119106259668619,0.27240157480315,-0.043025837783005));
#8886=CARTESIAN_POINT('Ctrl Pts',(-0.119106259668619,0.272448818897638,
-0.043025837783005));
#8887=CARTESIAN_POINT('Ctrl Pts',(-0.119092243960978,0.27240157480315,-0.0422020593783679));
#8888=CARTESIAN_POINT('Ctrl Pts',(-0.119092243960978,0.272448818897638,
-0.0422020593783679));
#8889=CARTESIAN_POINT('Ctrl Pts',(-0.119085137246283,0.27240157480315,-0.0417843595915847));
#8890=CARTESIAN_POINT('Ctrl Pts',(-0.119085137246283,0.272448818897638,
-0.0417843595915847));
#8891=CARTESIAN_POINT('',(-0.119085137246283,0.27240157480315,-0.0417843595915847));
#8892=CARTESIAN_POINT('Ctrl Pts',(-0.129581097449274,0.27240157480315,-0.05500342676573));
#8893=CARTESIAN_POINT('Ctrl Pts',(-0.129200046494857,0.27240157480315,-0.0549092784715995));
#8894=CARTESIAN_POINT('Ctrl Pts',(-0.128446073437242,0.27240157480315,-0.0547229903220175));
#8895=CARTESIAN_POINT('Ctrl Pts',(-0.127360506978315,0.27240157480315,-0.0543292462621419));
#8896=CARTESIAN_POINT('Ctrl Pts',(-0.126326067633795,0.27240157480315,-0.0538735970861791));
#8897=CARTESIAN_POINT('Ctrl Pts',(-0.125347052390912,0.27240157480315,-0.0533384226766838));
#8898=CARTESIAN_POINT('Ctrl Pts',(-0.124428365022007,0.27240157480315,-0.0527197503601284));
#8899=CARTESIAN_POINT('Ctrl Pts',(-0.123560533016134,0.27240157480315,-0.0520282604429387));
#8900=CARTESIAN_POINT('Ctrl Pts',(-0.122739618382504,0.27240157480315,-0.0512677365475448));
#8901=CARTESIAN_POINT('Ctrl Pts',(-0.121998820314344,0.27240157480315,-0.0504190037870885));
#8902=CARTESIAN_POINT('Ctrl Pts',(-0.12130032252127,0.27240157480315,-0.0495285795358981));
#8903=CARTESIAN_POINT('Ctrl Pts',(-0.120711206055488,0.27240157480315,-0.0485657260114758));
#8904=CARTESIAN_POINT('Ctrl Pts',(-0.120203371535808,0.27240157480315,-0.0475588580423684));
#8905=CARTESIAN_POINT('Ctrl Pts',(-0.119799048366163,0.27240157480315,-0.0464977357543404));
#8906=CARTESIAN_POINT('Ctrl Pts',(-0.119473483284717,0.27240157480315,-0.0453926498635276));
#8907=CARTESIAN_POINT('Ctrl Pts',(-0.119243926151221,0.27240157480315,-0.0442335903884204));
#8908=CARTESIAN_POINT('Ctrl Pts',(-0.119106259668619,0.27240157480315,-0.043025837783005));
#8909=CARTESIAN_POINT('Ctrl Pts',(-0.119092243960978,0.27240157480315,-0.0422020593783679));
#8910=CARTESIAN_POINT('Ctrl Pts',(-0.119085137246283,0.27240157480315,-0.0417843595915847));
#8911=CARTESIAN_POINT('',(-0.119085137246283,0.27240157480315,-0.0417843595915847));
#8912=CARTESIAN_POINT('Ctrl Pts',(-0.119085137246283,0.27240157480315,-0.0417843595915847));
#8913=CARTESIAN_POINT('Ctrl Pts',(-0.119085137246283,0.272448818897638,
-0.0417843595915847));
#8914=CARTESIAN_POINT('Ctrl Pts',(-0.119106997337183,0.27240157480315,-0.0410903848205885));
#8915=CARTESIAN_POINT('Ctrl Pts',(-0.119106997337183,0.272448818897638,
-0.0410903848205885));
#8916=CARTESIAN_POINT('Ctrl Pts',(-0.119149652036434,0.27240157480315,-0.0397362602984448));
#8917=CARTESIAN_POINT('Ctrl Pts',(-0.119149652036434,0.272448818897638,
-0.0397362602984448));
#8918=CARTESIAN_POINT('Ctrl Pts',(-0.119547347031672,0.27240157480315,-0.0377710686108142));
#8919=CARTESIAN_POINT('Ctrl Pts',(-0.119547347031672,0.272448818897638,
-0.0377710686108142));
#8920=CARTESIAN_POINT('Ctrl Pts',(-0.12019878333716,0.27240157480315,-0.0359378942858076));
#8921=CARTESIAN_POINT('Ctrl Pts',(-0.12019878333716,0.272448818897638,-0.0359378942858076));
#8922=CARTESIAN_POINT('Ctrl Pts',(-0.12109645132837,0.27240157480315,-0.0342390455073036));
#8923=CARTESIAN_POINT('Ctrl Pts',(-0.12109645132837,0.272448818897638,-0.0342390455073036));
#8924=CARTESIAN_POINT('Ctrl Pts',(-0.122239598288392,0.27240157480315,-0.0327076370942065));
#8925=CARTESIAN_POINT('Ctrl Pts',(-0.122239598288392,0.272448818897638,
-0.0327076370942065));
#8926=CARTESIAN_POINT('Ctrl Pts',(-0.123613479108382,0.27240157480315,-0.0313625410331368));
#8927=CARTESIAN_POINT('Ctrl Pts',(-0.123613479108382,0.272448818897638,
-0.0313625410331368));
#8928=CARTESIAN_POINT('Ctrl Pts',(-0.12521886023174,0.27240157480315,-0.0302369470957735));
#8929=CARTESIAN_POINT('Ctrl Pts',(-0.12521886023174,0.272448818897638,-0.0302369470957735));
#8930=CARTESIAN_POINT('Ctrl Pts',(-0.126713344099883,0.27240157480315,-0.029456399406763));
#8931=CARTESIAN_POINT('Ctrl Pts',(-0.126713344099883,0.272448818897638,
-0.029456399406763));
#8932=CARTESIAN_POINT('Ctrl Pts',(-0.128033495881083,0.27240157480315,-0.0289565049331804));
#8933=CARTESIAN_POINT('Ctrl Pts',(-0.128033495881083,0.272448818897638,
-0.0289565049331804));
#8934=CARTESIAN_POINT('Ctrl Pts',(-0.129120301130905,0.27240157480315,-0.0286047734025399));
#8935=CARTESIAN_POINT('Ctrl Pts',(-0.129120301130905,0.272448818897638,
-0.0286047734025399));
#8936=CARTESIAN_POINT('Ctrl Pts',(-0.130305821629354,0.27240157480315,-0.0283330179668691));
#8937=CARTESIAN_POINT('Ctrl Pts',(-0.130305821629354,0.272448818897638,
-0.0283330179668691));
#8938=CARTESIAN_POINT('Ctrl Pts',(-0.131578698632418,0.27240157480315,-0.0280895636250449));
#8939=CARTESIAN_POINT('Ctrl Pts',(-0.131578698632418,0.272448818897638,
-0.0280895636250449));
#8940=CARTESIAN_POINT('Ctrl Pts',(-0.132944229220098,0.27240157480315,-0.0279057586486829));
#8941=CARTESIAN_POINT('Ctrl Pts',(-0.132944229220098,0.272448818897638,
-0.0279057586486829));
#8942=CARTESIAN_POINT('Ctrl Pts',(-0.134399140520533,0.27240157480315,-0.0277711367071747));
#8943=CARTESIAN_POINT('Ctrl Pts',(-0.134399140520533,0.272448818897638,
-0.0277711367071747));
#8944=CARTESIAN_POINT('Ctrl Pts',(-0.135944470157885,0.27240157480315,-0.0276869990777359));
#8945=CARTESIAN_POINT('Ctrl Pts',(-0.135944470157885,0.272448818897638,
-0.0276869990777359));
#8946=CARTESIAN_POINT('Ctrl Pts',(-0.137006063451831,0.27240157480315,-0.0276744692430791));
#8947=CARTESIAN_POINT('Ctrl Pts',(-0.137006063451831,0.272448818897638,
-0.0276744692430791));
#8948=CARTESIAN_POINT('Ctrl Pts',(-0.137552184521924,0.27240157480315,-0.0276680234537642));
#8949=CARTESIAN_POINT('Ctrl Pts',(-0.137552184521924,0.272448818897638,
-0.0276680234537642));
#8950=CARTESIAN_POINT('',(-0.137552184521924,0.27240157480315,-0.0276680234537642));
#8951=CARTESIAN_POINT('Ctrl Pts',(-0.119085137246283,0.27240157480315,-0.0417843595915847));
#8952=CARTESIAN_POINT('Ctrl Pts',(-0.119106997337183,0.27240157480315,-0.0410903848205885));
#8953=CARTESIAN_POINT('Ctrl Pts',(-0.119149652036434,0.27240157480315,-0.0397362602984448));
#8954=CARTESIAN_POINT('Ctrl Pts',(-0.119547347031672,0.27240157480315,-0.0377710686108142));
#8955=CARTESIAN_POINT('Ctrl Pts',(-0.12019878333716,0.27240157480315,-0.0359378942858076));
#8956=CARTESIAN_POINT('Ctrl Pts',(-0.12109645132837,0.27240157480315,-0.0342390455073036));
#8957=CARTESIAN_POINT('Ctrl Pts',(-0.122239598288392,0.27240157480315,-0.0327076370942065));
#8958=CARTESIAN_POINT('Ctrl Pts',(-0.123613479108382,0.27240157480315,-0.0313625410331368));
#8959=CARTESIAN_POINT('Ctrl Pts',(-0.12521886023174,0.27240157480315,-0.0302369470957735));
#8960=CARTESIAN_POINT('Ctrl Pts',(-0.126713344099883,0.27240157480315,-0.029456399406763));
#8961=CARTESIAN_POINT('Ctrl Pts',(-0.128033495881083,0.27240157480315,-0.0289565049331804));
#8962=CARTESIAN_POINT('Ctrl Pts',(-0.129120301130905,0.27240157480315,-0.0286047734025399));
#8963=CARTESIAN_POINT('Ctrl Pts',(-0.130305821629354,0.27240157480315,-0.0283330179668691));
#8964=CARTESIAN_POINT('Ctrl Pts',(-0.131578698632418,0.27240157480315,-0.0280895636250449));
#8965=CARTESIAN_POINT('Ctrl Pts',(-0.132944229220098,0.27240157480315,-0.0279057586486829));
#8966=CARTESIAN_POINT('Ctrl Pts',(-0.134399140520533,0.27240157480315,-0.0277711367071747));
#8967=CARTESIAN_POINT('Ctrl Pts',(-0.135944470157885,0.27240157480315,-0.0276869990777359));
#8968=CARTESIAN_POINT('Ctrl Pts',(-0.137006063451831,0.27240157480315,-0.0276744692430791));
#8969=CARTESIAN_POINT('Ctrl Pts',(-0.137552184521924,0.27240157480315,-0.0276680234537642));
#8970=CARTESIAN_POINT('',(-0.137552184521924,0.27240157480315,-0.0276680234537642));
#8971=CARTESIAN_POINT('Origin',(-0.137552184521924,0.27240157480315,-0.0276680234537642));
#8972=CARTESIAN_POINT('',(-0.118417402203548,0.27240157480315,-0.00362956191530266));
#8973=CARTESIAN_POINT('',(-0.137552184521924,0.27240157480315,-0.0276680234537642));
#8974=CARTESIAN_POINT('',(-0.118417402203548,0.27240157480315,-0.00362956191530266));
#8975=CARTESIAN_POINT('Origin',(-0.118417402203548,0.27240157480315,-0.00362956191530266));
#8976=CARTESIAN_POINT('',(-0.124197483667223,0.27240157480315,-0.00362956191530266));
#8977=CARTESIAN_POINT('',(-0.118417402203548,0.27240157480315,-0.00362956191530266));
#8978=CARTESIAN_POINT('',(-0.124197483667223,0.27240157480315,-0.00362956191530266));
#8979=CARTESIAN_POINT('Origin',(-0.124197483667223,0.27240157480315,-0.00362956191530266));
#8980=CARTESIAN_POINT('',(-0.143332265985599,0.27240157480315,-0.0276680234537642));
#8981=CARTESIAN_POINT('',(-0.124197483667223,0.27240157480315,-0.00362956191530266));
#8982=CARTESIAN_POINT('',(-0.143332265985599,0.27240157480315,-0.0276680234537642));
#8983=CARTESIAN_POINT('Origin',(-0.143332265985599,0.27240157480315,-0.0276680234537642));
#8984=CARTESIAN_POINT('',(-0.147130009041155,0.27240157480315,-0.0276680234537642));
#8985=CARTESIAN_POINT('',(-0.143332265985599,0.27240157480315,-0.0276680234537642));
#8986=CARTESIAN_POINT('',(-0.147130009041155,0.27240157480315,-0.0276680234537642));
#8987=CARTESIAN_POINT('Origin',(-0.147130009041155,0.27240157480315,-0.0276680234537642));
#8988=CARTESIAN_POINT('',(-0.147130009041155,0.27240157480315,-0.00362956191530266));
#8989=CARTESIAN_POINT('',(-0.147130009041155,0.27240157480315,-0.0276680234537642));
#8990=CARTESIAN_POINT('',(-0.147130009041155,0.27240157480315,-0.00362956191530266));
#8991=CARTESIAN_POINT('Origin',(-0.147130009041155,0.27240157480315,-0.00362956191530266));
#8992=CARTESIAN_POINT('',(-0.147130009041155,0.27240157480315,-0.00362956191530266));
#8993=CARTESIAN_POINT('Origin',(-0.135463317690264,0.27240157480315,-0.0556013873327879));
#8994=CARTESIAN_POINT('',(-0.123759282545428,0.27240157480315,-0.0417947929516274));
#8995=CARTESIAN_POINT('',(-0.137364384041155,0.27240157480315,-0.0503710149067556));
#8996=CARTESIAN_POINT('Ctrl Pts',(-0.123759282545428,0.27240157480315,-0.0417947929516274));
#8997=CARTESIAN_POINT('Ctrl Pts',(-0.123777171252102,0.27240157480315,-0.0422136407749859));
#8998=CARTESIAN_POINT('Ctrl Pts',(-0.123812620141288,0.27240157480315,-0.0430436443267504));
#8999=CARTESIAN_POINT('Ctrl Pts',(-0.124102036339602,0.27240157480315,-0.0442587620393637));
#9000=CARTESIAN_POINT('Ctrl Pts',(-0.124591461657406,0.27240157480315,-0.045405591654405));
#9001=CARTESIAN_POINT('Ctrl Pts',(-0.125251018769382,0.27240157480315,-0.0464794679191624));
#9002=CARTESIAN_POINT('Ctrl Pts',(-0.126054577622991,0.27240157480315,-0.0474542556550909));
#9003=CARTESIAN_POINT('Ctrl Pts',(-0.126996806978566,0.27240157480315,-0.0482882906708277));
#9004=CARTESIAN_POINT('Ctrl Pts',(-0.128051943811156,0.27240157480315,-0.0489765267523471));
#9005=CARTESIAN_POINT('Ctrl Pts',(-0.129038122358059,0.27240157480315,-0.0494163240813926));
#9006=CARTESIAN_POINT('Ctrl Pts',(-0.129919583853482,0.27240157480315,-0.0496859647546952));
#9007=CARTESIAN_POINT('Ctrl Pts',(-0.130684906175519,0.27240157480315,-0.0498757142161691));
#9008=CARTESIAN_POINT('Ctrl Pts',(-0.131549660308248,0.27240157480315,-0.0500281616704836));
#9009=CARTESIAN_POINT('Ctrl Pts',(-0.132518045109021,0.27240157480315,-0.0501503054335077));
#9010=CARTESIAN_POINT('Ctrl Pts',(-0.13358592651951,0.27240157480315,-0.0502552897229242));
#9011=CARTESIAN_POINT('Ctrl Pts',(-0.134758704065515,0.27240157480315,-0.0503260007148606));
#9012=CARTESIAN_POINT('Ctrl Pts',(-0.136028596628927,0.27240157480315,-0.0503678736926286));
#9013=CARTESIAN_POINT('Ctrl Pts',(-0.136908759295466,0.27240157480315,-0.0503699434676369));
#9014=CARTESIAN_POINT('Ctrl Pts',(-0.137364384041155,0.27240157480315,-0.0503710149067556));
#9015=CARTESIAN_POINT('',(-0.137593917962095,0.27240157480315,-0.0329368702753454));
#9016=CARTESIAN_POINT('Ctrl Pts',(-0.137593917962095,0.27240157480315,-0.0329368702753454));
#9017=CARTESIAN_POINT('Ctrl Pts',(-0.137148679287663,0.27240157480315,-0.0329366733013252));
#9018=CARTESIAN_POINT('Ctrl Pts',(-0.136285679925767,0.27240157480315,-0.0329362915095727));
#9019=CARTESIAN_POINT('Ctrl Pts',(-0.135037158127978,0.27240157480315,-0.0329957227036733));
#9020=CARTESIAN_POINT('Ctrl Pts',(-0.133874656465901,0.27240157480315,-0.0330633316060985));
#9021=CARTESIAN_POINT('Ctrl Pts',(-0.132802621463484,0.27240157480315,-0.0331667444861096));
#9022=CARTESIAN_POINT('Ctrl Pts',(-0.131820574211609,0.27240157480315,-0.033300019362981));
#9023=CARTESIAN_POINT('Ctrl Pts',(-0.130929005562479,0.27240157480315,-0.0334667304379606));
#9024=CARTESIAN_POINT('Ctrl Pts',(-0.130126460147348,0.27240157480315,-0.0336609575606821));
#9025=CARTESIAN_POINT('Ctrl Pts',(-0.129190469992249,0.27240157480315,-0.0339615769923782));
#9026=CARTESIAN_POINT('Ctrl Pts',(-0.128145283513723,0.27240157480315,-0.0344378570260874));
#9027=CARTESIAN_POINT('Ctrl Pts',(-0.127009398694124,0.27240157480315,-0.0351307959947561));
#9028=CARTESIAN_POINT('Ctrl Pts',(-0.126042102001408,0.27240157480315,-0.0360023602680818));
#9029=CARTESIAN_POINT('Ctrl Pts',(-0.125224871907584,0.27240157480315,-0.0369989890781177));
#9030=CARTESIAN_POINT('Ctrl Pts',(-0.124568183939201,0.27240157480315,-0.038094766590583));
#9031=CARTESIAN_POINT('Ctrl Pts',(-0.124105206940175,0.27240157480315,-0.0392765577991573));
#9032=CARTESIAN_POINT('Ctrl Pts',(-0.123811420596543,0.27240157480315,-0.0405145280076038));
#9033=CARTESIAN_POINT('Ctrl Pts',(-0.123776769622593,0.27240157480315,-0.0413653927076743));
#9034=CARTESIAN_POINT('Ctrl Pts',(-0.123759282545428,0.27240157480315,-0.0417947929516274));
#9035=CARTESIAN_POINT('',(-0.147130009041155,0.272401574802869,-0.0330099037956445));
#9036=CARTESIAN_POINT('',(-0.147130009041155,0.27240157480315,-0.0330099037956445));
#9037=CARTESIAN_POINT('',(-0.147130009041155,0.27240157480315,-0.0503710149067556));
#9038=CARTESIAN_POINT('',(-0.147130009041155,0.27240157480315,-0.0503710149067556));
#9039=CARTESIAN_POINT('',(-0.137364384041155,0.27240157480315,-0.0503710149067556));
#9040=CARTESIAN_POINT('Origin',(-0.137364384041155,0.27240157480315,-0.0503710149067556));
#9041=CARTESIAN_POINT('',(-0.137364384041155,0.27244094488189,-0.0503710149067556));
#9042=CARTESIAN_POINT('',(-0.147130009041155,0.272440944881824,-0.0503710149067556));
#9043=CARTESIAN_POINT('',(-0.137364384041155,0.27244094488189,-0.0503710149067556));
#9044=CARTESIAN_POINT('',(-0.137364384041155,0.27240157480315,-0.0503710149067556));
#9045=CARTESIAN_POINT('',(-0.147130009041155,0.27240157480315,-0.0503710149067556));
#9046=CARTESIAN_POINT('Ctrl Pts',(-0.123759282545428,0.27240157480315,-0.0417947929516274));
#9047=CARTESIAN_POINT('Ctrl Pts',(-0.123759282545428,0.272448818897638,
-0.0417947929516274));
#9048=CARTESIAN_POINT('Ctrl Pts',(-0.123777171252102,0.27240157480315,-0.0422136407749859));
#9049=CARTESIAN_POINT('Ctrl Pts',(-0.123777171252102,0.272448818897638,
-0.0422136407749859));
#9050=CARTESIAN_POINT('Ctrl Pts',(-0.123812620141288,0.27240157480315,-0.0430436443267504));
#9051=CARTESIAN_POINT('Ctrl Pts',(-0.123812620141288,0.272448818897638,
-0.0430436443267504));
#9052=CARTESIAN_POINT('Ctrl Pts',(-0.124102036339602,0.27240157480315,-0.0442587620393637));
#9053=CARTESIAN_POINT('Ctrl Pts',(-0.124102036339602,0.272448818897638,
-0.0442587620393637));
#9054=CARTESIAN_POINT('Ctrl Pts',(-0.124591461657406,0.27240157480315,-0.045405591654405));
#9055=CARTESIAN_POINT('Ctrl Pts',(-0.124591461657406,0.272448818897638,
-0.045405591654405));
#9056=CARTESIAN_POINT('Ctrl Pts',(-0.125251018769382,0.27240157480315,-0.0464794679191624));
#9057=CARTESIAN_POINT('Ctrl Pts',(-0.125251018769382,0.272448818897638,
-0.0464794679191624));
#9058=CARTESIAN_POINT('Ctrl Pts',(-0.126054577622991,0.27240157480315,-0.0474542556550909));
#9059=CARTESIAN_POINT('Ctrl Pts',(-0.126054577622991,0.272448818897638,
-0.0474542556550909));
#9060=CARTESIAN_POINT('Ctrl Pts',(-0.126996806978566,0.27240157480315,-0.0482882906708277));
#9061=CARTESIAN_POINT('Ctrl Pts',(-0.126996806978566,0.272448818897638,
-0.0482882906708277));
#9062=CARTESIAN_POINT('Ctrl Pts',(-0.128051943811156,0.27240157480315,-0.0489765267523471));
#9063=CARTESIAN_POINT('Ctrl Pts',(-0.128051943811156,0.272448818897638,
-0.0489765267523471));
#9064=CARTESIAN_POINT('Ctrl Pts',(-0.129038122358059,0.27240157480315,-0.0494163240813926));
#9065=CARTESIAN_POINT('Ctrl Pts',(-0.129038122358059,0.272448818897638,
-0.0494163240813926));
#9066=CARTESIAN_POINT('Ctrl Pts',(-0.129919583853482,0.27240157480315,-0.0496859647546952));
#9067=CARTESIAN_POINT('Ctrl Pts',(-0.129919583853482,0.272448818897638,
-0.0496859647546952));
#9068=CARTESIAN_POINT('Ctrl Pts',(-0.130684906175519,0.27240157480315,-0.0498757142161691));
#9069=CARTESIAN_POINT('Ctrl Pts',(-0.130684906175519,0.272448818897638,
-0.0498757142161691));
#9070=CARTESIAN_POINT('Ctrl Pts',(-0.131549660308248,0.27240157480315,-0.0500281616704836));
#9071=CARTESIAN_POINT('Ctrl Pts',(-0.131549660308248,0.272448818897638,
-0.0500281616704836));
#9072=CARTESIAN_POINT('Ctrl Pts',(-0.132518045109021,0.27240157480315,-0.0501503054335077));
#9073=CARTESIAN_POINT('Ctrl Pts',(-0.132518045109021,0.272448818897638,
-0.0501503054335077));
#9074=CARTESIAN_POINT('Ctrl Pts',(-0.13358592651951,0.27240157480315,-0.0502552897229242));
#9075=CARTESIAN_POINT('Ctrl Pts',(-0.13358592651951,0.272448818897638,-0.0502552897229242));
#9076=CARTESIAN_POINT('Ctrl Pts',(-0.134758704065515,0.27240157480315,-0.0503260007148606));
#9077=CARTESIAN_POINT('Ctrl Pts',(-0.134758704065515,0.272448818897638,
-0.0503260007148606));
#9078=CARTESIAN_POINT('Ctrl Pts',(-0.136028596628927,0.27240157480315,-0.0503678736926286));
#9079=CARTESIAN_POINT('Ctrl Pts',(-0.136028596628927,0.272448818897638,
-0.0503678736926286));
#9080=CARTESIAN_POINT('Ctrl Pts',(-0.136908759295466,0.27240157480315,-0.0503699434676369));
#9081=CARTESIAN_POINT('Ctrl Pts',(-0.136908759295466,0.272448818897638,
-0.0503699434676369));
#9082=CARTESIAN_POINT('Ctrl Pts',(-0.137364384041155,0.27240157480315,-0.0503710149067556));
#9083=CARTESIAN_POINT('Ctrl Pts',(-0.137364384041155,0.272448818897638,
-0.0503710149067556));
#9084=CARTESIAN_POINT('',(-0.123759282545428,0.27244094488189,-0.0417947929516274));
#9085=CARTESIAN_POINT('Ctrl Pts',(-0.123759282545428,0.27244094488189,-0.0417947929516274));
#9086=CARTESIAN_POINT('Ctrl Pts',(-0.123777171252102,0.27244094488189,-0.0422136407749859));
#9087=CARTESIAN_POINT('Ctrl Pts',(-0.123812620141288,0.27244094488189,-0.0430436443267504));
#9088=CARTESIAN_POINT('Ctrl Pts',(-0.124102036339602,0.27244094488189,-0.0442587620393637));
#9089=CARTESIAN_POINT('Ctrl Pts',(-0.124591461657406,0.27244094488189,-0.045405591654405));
#9090=CARTESIAN_POINT('Ctrl Pts',(-0.125251018769382,0.27244094488189,-0.0464794679191624));
#9091=CARTESIAN_POINT('Ctrl Pts',(-0.126054577622991,0.27244094488189,-0.0474542556550909));
#9092=CARTESIAN_POINT('Ctrl Pts',(-0.126996806978566,0.27244094488189,-0.0482882906708277));
#9093=CARTESIAN_POINT('Ctrl Pts',(-0.128051943811156,0.27244094488189,-0.0489765267523471));
#9094=CARTESIAN_POINT('Ctrl Pts',(-0.129038122358059,0.27244094488189,-0.0494163240813926));
#9095=CARTESIAN_POINT('Ctrl Pts',(-0.129919583853482,0.27244094488189,-0.0496859647546952));
#9096=CARTESIAN_POINT('Ctrl Pts',(-0.130684906175519,0.27244094488189,-0.0498757142161691));
#9097=CARTESIAN_POINT('Ctrl Pts',(-0.131549660308248,0.27244094488189,-0.0500281616704836));
#9098=CARTESIAN_POINT('Ctrl Pts',(-0.132518045109021,0.27244094488189,-0.0501503054335077));
#9099=CARTESIAN_POINT('Ctrl Pts',(-0.13358592651951,0.27244094488189,-0.0502552897229242));
#9100=CARTESIAN_POINT('Ctrl Pts',(-0.134758704065515,0.27244094488189,-0.0503260007148606));
#9101=CARTESIAN_POINT('Ctrl Pts',(-0.136028596628927,0.27244094488189,-0.0503678736926286));
#9102=CARTESIAN_POINT('Ctrl Pts',(-0.136908759295466,0.27244094488189,-0.0503699434676369));
#9103=CARTESIAN_POINT('Ctrl Pts',(-0.137364384041155,0.27244094488189,-0.0503710149067556));
#9104=CARTESIAN_POINT('',(-0.123759282545428,0.27240157480315,-0.0417947929516274));
#9105=CARTESIAN_POINT('Ctrl Pts',(-0.137593917962095,0.27240157480315,-0.0329368702753454));
#9106=CARTESIAN_POINT('Ctrl Pts',(-0.137593917962095,0.272448818897638,
-0.0329368702753454));
#9107=CARTESIAN_POINT('Ctrl Pts',(-0.137148679287663,0.27240157480315,-0.0329366733013252));
#9108=CARTESIAN_POINT('Ctrl Pts',(-0.137148679287663,0.272448818897638,
-0.0329366733013252));
#9109=CARTESIAN_POINT('Ctrl Pts',(-0.136285679925767,0.27240157480315,-0.0329362915095727));
#9110=CARTESIAN_POINT('Ctrl Pts',(-0.136285679925767,0.272448818897638,
-0.0329362915095727));
#9111=CARTESIAN_POINT('Ctrl Pts',(-0.135037158127978,0.27240157480315,-0.0329957227036733));
#9112=CARTESIAN_POINT('Ctrl Pts',(-0.135037158127978,0.272448818897638,
-0.0329957227036733));
#9113=CARTESIAN_POINT('Ctrl Pts',(-0.133874656465901,0.27240157480315,-0.0330633316060985));
#9114=CARTESIAN_POINT('Ctrl Pts',(-0.133874656465901,0.272448818897638,
-0.0330633316060985));
#9115=CARTESIAN_POINT('Ctrl Pts',(-0.132802621463484,0.27240157480315,-0.0331667444861096));
#9116=CARTESIAN_POINT('Ctrl Pts',(-0.132802621463484,0.272448818897638,
-0.0331667444861096));
#9117=CARTESIAN_POINT('Ctrl Pts',(-0.131820574211609,0.27240157480315,-0.033300019362981));
#9118=CARTESIAN_POINT('Ctrl Pts',(-0.131820574211609,0.272448818897638,
-0.033300019362981));
#9119=CARTESIAN_POINT('Ctrl Pts',(-0.130929005562479,0.27240157480315,-0.0334667304379606));
#9120=CARTESIAN_POINT('Ctrl Pts',(-0.130929005562479,0.272448818897638,
-0.0334667304379606));
#9121=CARTESIAN_POINT('Ctrl Pts',(-0.130126460147348,0.27240157480315,-0.0336609575606821));
#9122=CARTESIAN_POINT('Ctrl Pts',(-0.130126460147348,0.272448818897638,
-0.0336609575606821));
#9123=CARTESIAN_POINT('Ctrl Pts',(-0.129190469992249,0.27240157480315,-0.0339615769923782));
#9124=CARTESIAN_POINT('Ctrl Pts',(-0.129190469992249,0.272448818897638,
-0.0339615769923782));
#9125=CARTESIAN_POINT('Ctrl Pts',(-0.128145283513723,0.27240157480315,-0.0344378570260874));
#9126=CARTESIAN_POINT('Ctrl Pts',(-0.128145283513723,0.272448818897638,
-0.0344378570260874));
#9127=CARTESIAN_POINT('Ctrl Pts',(-0.127009398694124,0.27240157480315,-0.0351307959947561));
#9128=CARTESIAN_POINT('Ctrl Pts',(-0.127009398694124,0.272448818897638,
-0.0351307959947561));
#9129=CARTESIAN_POINT('Ctrl Pts',(-0.126042102001408,0.27240157480315,-0.0360023602680818));
#9130=CARTESIAN_POINT('Ctrl Pts',(-0.126042102001408,0.272448818897638,
-0.0360023602680818));
#9131=CARTESIAN_POINT('Ctrl Pts',(-0.125224871907584,0.27240157480315,-0.0369989890781177));
#9132=CARTESIAN_POINT('Ctrl Pts',(-0.125224871907584,0.272448818897638,
-0.0369989890781177));
#9133=CARTESIAN_POINT('Ctrl Pts',(-0.124568183939201,0.27240157480315,-0.038094766590583));
#9134=CARTESIAN_POINT('Ctrl Pts',(-0.124568183939201,0.272448818897638,
-0.038094766590583));
#9135=CARTESIAN_POINT('Ctrl Pts',(-0.124105206940175,0.27240157480315,-0.0392765577991573));
#9136=CARTESIAN_POINT('Ctrl Pts',(-0.124105206940175,0.272448818897638,
-0.0392765577991573));
#9137=CARTESIAN_POINT('Ctrl Pts',(-0.123811420596543,0.27240157480315,-0.0405145280076038));
#9138=CARTESIAN_POINT('Ctrl Pts',(-0.123811420596543,0.272448818897638,
-0.0405145280076038));
#9139=CARTESIAN_POINT('Ctrl Pts',(-0.123776769622593,0.27240157480315,-0.0413653927076743));
#9140=CARTESIAN_POINT('Ctrl Pts',(-0.123776769622593,0.272448818897638,
-0.0413653927076743));
#9141=CARTESIAN_POINT('Ctrl Pts',(-0.123759282545428,0.27240157480315,-0.0417947929516274));
#9142=CARTESIAN_POINT('Ctrl Pts',(-0.123759282545428,0.272448818897638,
-0.0417947929516274));
#9143=CARTESIAN_POINT('',(-0.137593917962095,0.27244094488189,-0.0329368702753454));
#9144=CARTESIAN_POINT('Ctrl Pts',(-0.137593917962095,0.27244094488189,-0.0329368702753454));
#9145=CARTESIAN_POINT('Ctrl Pts',(-0.137148679287663,0.27244094488189,-0.0329366733013252));
#9146=CARTESIAN_POINT('Ctrl Pts',(-0.136285679925767,0.27244094488189,-0.0329362915095727));
#9147=CARTESIAN_POINT('Ctrl Pts',(-0.135037158127978,0.27244094488189,-0.0329957227036733));
#9148=CARTESIAN_POINT('Ctrl Pts',(-0.133874656465901,0.27244094488189,-0.0330633316060985));
#9149=CARTESIAN_POINT('Ctrl Pts',(-0.132802621463484,0.27244094488189,-0.0331667444861096));
#9150=CARTESIAN_POINT('Ctrl Pts',(-0.131820574211609,0.27244094488189,-0.033300019362981));
#9151=CARTESIAN_POINT('Ctrl Pts',(-0.130929005562479,0.27244094488189,-0.0334667304379606));
#9152=CARTESIAN_POINT('Ctrl Pts',(-0.130126460147348,0.27244094488189,-0.0336609575606821));
#9153=CARTESIAN_POINT('Ctrl Pts',(-0.129190469992249,0.27244094488189,-0.0339615769923782));
#9154=CARTESIAN_POINT('Ctrl Pts',(-0.128145283513723,0.27244094488189,-0.0344378570260874));
#9155=CARTESIAN_POINT('Ctrl Pts',(-0.127009398694124,0.27244094488189,-0.0351307959947561));
#9156=CARTESIAN_POINT('Ctrl Pts',(-0.126042102001408,0.27244094488189,-0.0360023602680818));
#9157=CARTESIAN_POINT('Ctrl Pts',(-0.125224871907584,0.27244094488189,-0.0369989890781177));
#9158=CARTESIAN_POINT('Ctrl Pts',(-0.124568183939201,0.27244094488189,-0.038094766590583));
#9159=CARTESIAN_POINT('Ctrl Pts',(-0.124105206940175,0.27244094488189,-0.0392765577991573));
#9160=CARTESIAN_POINT('Ctrl Pts',(-0.123811420596543,0.27244094488189,-0.0405145280076038));
#9161=CARTESIAN_POINT('Ctrl Pts',(-0.123776769622593,0.27244094488189,-0.0413653927076743));
#9162=CARTESIAN_POINT('Ctrl Pts',(-0.123759282545428,0.27244094488189,-0.0417947929516274));
#9163=CARTESIAN_POINT('',(-0.137593917962095,0.27240157480315,-0.0329368702753454));
#9164=CARTESIAN_POINT('Origin',(-0.147130009041155,0.27240157480315,-0.0330099037956445));
#9165=CARTESIAN_POINT('',(-0.147130009041155,0.27244094488189,-0.0330099037956445));
#9166=CARTESIAN_POINT('',(-0.147130009041155,0.27244094488189,-0.0330099037956445));
#9167=CARTESIAN_POINT('',(-0.147130009041155,0.27240157480315,-0.0330099037956445));
#9168=CARTESIAN_POINT('Origin',(-0.147130009041155,0.27240157480315,-0.0503710149067556));
#9169=CARTESIAN_POINT('',(-0.147130009041155,0.27244094488189,-0.0503710149067556));
#9170=CARTESIAN_POINT('Origin',(-0.32007874015748,0.27244094488189,-0.425));
#9171=CARTESIAN_POINT('Origin',(-0.0910402654514111,0.27240157480315,-0.0210637065467129));
#9172=CARTESIAN_POINT('',(-0.0910402654514111,0.27240157480315,-0.0210637065467129));
#9173=CARTESIAN_POINT('',(-0.0910402654514111,0.27240157480315,-0.0210637065467129));
#9174=CARTESIAN_POINT('',(-0.0910402654514111,0.27240157480315,-0.055712895248636));
#9175=CARTESIAN_POINT('',(-0.0910402654514111,0.27240157480315,-0.0210637065467129));
#9176=CARTESIAN_POINT('',(-0.0910402654514111,0.27240157480315,-0.055712895248636));
#9177=CARTESIAN_POINT('Origin',(-0.0910402654514111,0.27240157480315,-0.055712895248636));
#9178=CARTESIAN_POINT('',(-0.0863661201522658,0.27240157480315,-0.055712895248636));
#9179=CARTESIAN_POINT('',(-0.0910402654514111,0.27240157480315,-0.055712895248636));
#9180=CARTESIAN_POINT('',(-0.0863661201522658,0.27240157480315,-0.055712895248636));
#9181=CARTESIAN_POINT('Origin',(-0.0863661201522658,0.27240157480315,-0.055712895248636));
#9182=CARTESIAN_POINT('',(-0.0863661201522658,0.27240157480315,-0.0205420385445762));
#9183=CARTESIAN_POINT('',(-0.0863661201522658,0.27240157480315,-0.055712895248636));
#9184=CARTESIAN_POINT('',(-0.0863661201522658,0.27240157480315,-0.0205420385445762));
#9185=CARTESIAN_POINT('Ctrl Pts',(-0.0863661201522658,0.27240157480315,
-0.0205420385445762));
#9186=CARTESIAN_POINT('Ctrl Pts',(-0.0863661201522658,0.272448818897638,
-0.0205420385445762));
#9187=CARTESIAN_POINT('Ctrl Pts',(-0.0863707915604776,0.27240157480315,
-0.0198916639776748));
#9188=CARTESIAN_POINT('Ctrl Pts',(-0.0863707915604776,0.272448818897638,
-0.0198916639776748));
#9189=CARTESIAN_POINT('Ctrl Pts',(-0.0863797612342677,0.27240157480315,
-0.0186428654479603));
#9190=CARTESIAN_POINT('Ctrl Pts',(-0.0863797612342677,0.272448818897638,
-0.0186428654479603));
#9191=CARTESIAN_POINT('Ctrl Pts',(-0.0864290828196165,0.27240157480315,
-0.0168441467590966));
#9192=CARTESIAN_POINT('Ctrl Pts',(-0.0864290828196165,0.272448818897638,
-0.0168441467590966));
#9193=CARTESIAN_POINT('Ctrl Pts',(-0.0865203548122727,0.27240157480315,
-0.0152017258334498));
#9194=CARTESIAN_POINT('Ctrl Pts',(-0.0865203548122727,0.272448818897638,
-0.0152017258334498));
#9195=CARTESIAN_POINT('Ctrl Pts',(-0.0866533163076518,0.27240157480315,
-0.0137118679912959));
#9196=CARTESIAN_POINT('Ctrl Pts',(-0.0866533163076518,0.272448818897638,
-0.0137118679912959));
#9197=CARTESIAN_POINT('Ctrl Pts',(-0.0868307007246698,0.27240157480315,
-0.012379240680466));
#9198=CARTESIAN_POINT('Ctrl Pts',(-0.0868307007246698,0.272448818897638,
-0.012379240680466));
#9199=CARTESIAN_POINT('Ctrl Pts',(-0.0870336922145509,0.27240157480315,
-0.0111935469629833));
#9200=CARTESIAN_POINT('Ctrl Pts',(-0.0870336922145509,0.272448818897638,
-0.0111935469629833));
#9201=CARTESIAN_POINT('Ctrl Pts',(-0.0872794183868107,0.27240157480315,
-0.0101646826426285));
#9202=CARTESIAN_POINT('Ctrl Pts',(-0.0872794183868107,0.272448818897638,
-0.0101646826426285));
#9203=CARTESIAN_POINT('Ctrl Pts',(-0.0876494550881662,0.27240157480315,
-0.00900939461081457));
#9204=CARTESIAN_POINT('Ctrl Pts',(-0.0876494550881662,0.272448818897638,
-0.00900939461081457));
#9205=CARTESIAN_POINT('Ctrl Pts',(-0.0882562102748644,0.27240157480315,
-0.00774237370704419));
#9206=CARTESIAN_POINT('Ctrl Pts',(-0.0882562102748644,0.272448818897638,
-0.00774237370704419));
#9207=CARTESIAN_POINT('Ctrl Pts',(-0.0891694102472596,0.27240157480315,
-0.00637399348969549));
#9208=CARTESIAN_POINT('Ctrl Pts',(-0.0891694102472596,0.272448818897638,
-0.00637399348969549));
#9209=CARTESIAN_POINT('Ctrl Pts',(-0.0903038268608706,0.27240157480315,
-0.00517706773597069));
#9210=CARTESIAN_POINT('Ctrl Pts',(-0.0903038268608706,0.272448818897638,
-0.00517706773597069));
#9211=CARTESIAN_POINT('Ctrl Pts',(-0.091617830330723,0.27240157480315,-0.00413759266282061));
#9212=CARTESIAN_POINT('Ctrl Pts',(-0.091617830330723,0.272448818897638,
-0.00413759266282061));
#9213=CARTESIAN_POINT('Ctrl Pts',(-0.0931229050938152,0.27240157480315,
-0.00330936005603007));
#9214=CARTESIAN_POINT('Ctrl Pts',(-0.0931229050938152,0.272448818897638,
-0.00330936005603007));
#9215=CARTESIAN_POINT('Ctrl Pts',(-0.0947880571641151,0.27240157480315,
-0.00271478894874145));
#9216=CARTESIAN_POINT('Ctrl Pts',(-0.0947880571641151,0.272448818897638,
-0.00271478894874145));
#9217=CARTESIAN_POINT('Ctrl Pts',(-0.0966030361439962,0.27240157480315,
-0.00235212739183258));
#9218=CARTESIAN_POINT('Ctrl Pts',(-0.0966030361439962,0.272448818897638,
-0.00235212739183258));
#9219=CARTESIAN_POINT('Ctrl Pts',(-0.0978619529944781,0.27240157480315,
-0.0023138252326491));
#9220=CARTESIAN_POINT('Ctrl Pts',(-0.0978619529944781,0.272448818897638,
-0.0023138252326491));
#9221=CARTESIAN_POINT('Ctrl Pts',(-0.0985105512420094,0.27240157480315,
-0.00229409182983257));
#9222=CARTESIAN_POINT('Ctrl Pts',(-0.0985105512420094,0.272448818897638,
-0.00229409182983257));
#9223=CARTESIAN_POINT('',(-0.0985105512420094,0.27240157480315,-0.00229409182983257));
#9224=CARTESIAN_POINT('Ctrl Pts',(-0.0863661201522658,0.27240157480315,
-0.0205420385445762));
#9225=CARTESIAN_POINT('Ctrl Pts',(-0.0863707915604776,0.27240157480315,
-0.0198916639776748));
#9226=CARTESIAN_POINT('Ctrl Pts',(-0.0863797612342677,0.27240157480315,
-0.0186428654479603));
#9227=CARTESIAN_POINT('Ctrl Pts',(-0.0864290828196165,0.27240157480315,
-0.0168441467590966));
#9228=CARTESIAN_POINT('Ctrl Pts',(-0.0865203548122727,0.27240157480315,
-0.0152017258334498));
#9229=CARTESIAN_POINT('Ctrl Pts',(-0.0866533163076518,0.27240157480315,
-0.0137118679912959));
#9230=CARTESIAN_POINT('Ctrl Pts',(-0.0868307007246698,0.27240157480315,
-0.012379240680466));
#9231=CARTESIAN_POINT('Ctrl Pts',(-0.0870336922145509,0.27240157480315,
-0.0111935469629833));
#9232=CARTESIAN_POINT('Ctrl Pts',(-0.0872794183868107,0.27240157480315,
-0.0101646826426285));
#9233=CARTESIAN_POINT('Ctrl Pts',(-0.0876494550881662,0.27240157480315,
-0.00900939461081457));
#9234=CARTESIAN_POINT('Ctrl Pts',(-0.0882562102748644,0.27240157480315,
-0.00774237370704419));
#9235=CARTESIAN_POINT('Ctrl Pts',(-0.0891694102472596,0.27240157480315,
-0.00637399348969549));
#9236=CARTESIAN_POINT('Ctrl Pts',(-0.0903038268608706,0.27240157480315,
-0.00517706773597069));
#9237=CARTESIAN_POINT('Ctrl Pts',(-0.091617830330723,0.27240157480315,-0.00413759266282061));
#9238=CARTESIAN_POINT('Ctrl Pts',(-0.0931229050938152,0.27240157480315,
-0.00330936005603007));
#9239=CARTESIAN_POINT('Ctrl Pts',(-0.0947880571641151,0.27240157480315,
-0.00271478894874145));
#9240=CARTESIAN_POINT('Ctrl Pts',(-0.0966030361439962,0.27240157480315,
-0.00235212739183258));
#9241=CARTESIAN_POINT('Ctrl Pts',(-0.0978619529944781,0.27240157480315,
-0.0023138252326491));
#9242=CARTESIAN_POINT('Ctrl Pts',(-0.0985105512420094,0.27240157480315,
-0.00229409182983257));
#9243=CARTESIAN_POINT('',(-0.0985105512420094,0.27240157480315,-0.00229409182983257));
#9244=CARTESIAN_POINT('Ctrl Pts',(-0.0985105512420094,0.27240157480315,
-0.00229409182983257));
#9245=CARTESIAN_POINT('Ctrl Pts',(-0.0985105512420094,0.272448818897638,
-0.00229409182983257));
#9246=CARTESIAN_POINT('Ctrl Pts',(-0.099015883954264,0.27240157480315,-0.00231017232282497));
#9247=CARTESIAN_POINT('Ctrl Pts',(-0.099015883954264,0.272448818897638,
-0.00231017232282497));
#9248=CARTESIAN_POINT('Ctrl Pts',(-0.10003264684094,0.27240157480315,-0.00234252733978236));
#9249=CARTESIAN_POINT('Ctrl Pts',(-0.10003264684094,0.272448818897638,-0.00234252733978236));
#9250=CARTESIAN_POINT('Ctrl Pts',(-0.101545901435615,0.27240157480315,-0.00260624330778384));
#9251=CARTESIAN_POINT('Ctrl Pts',(-0.101545901435615,0.272448818897638,
-0.00260624330778384));
#9252=CARTESIAN_POINT('Ctrl Pts',(-0.103054859409676,0.27240157480315,-0.00301273204805722));
#9253=CARTESIAN_POINT('Ctrl Pts',(-0.103054859409676,0.272448818897638,
-0.00301273204805722));
#9254=CARTESIAN_POINT('Ctrl Pts',(-0.104567529779323,0.27240157480315,-0.00360800876529992));
#9255=CARTESIAN_POINT('Ctrl Pts',(-0.104567529779323,0.272448818897638,
-0.00360800876529992));
#9256=CARTESIAN_POINT('Ctrl Pts',(-0.106113798251763,0.27240157480315,-0.00441761588560638));
#9257=CARTESIAN_POINT('Ctrl Pts',(-0.106113798251763,0.272448818897638,
-0.00441761588560638));
#9258=CARTESIAN_POINT('Ctrl Pts',(-0.107714606982323,0.27240157480315,-0.00547691375136583));
#9259=CARTESIAN_POINT('Ctrl Pts',(-0.107714606982323,0.272448818897638,
-0.00547691375136583));
#9260=CARTESIAN_POINT('Ctrl Pts',(-0.109390547323973,0.27240157480315,-0.00678393051323058));
#9261=CARTESIAN_POINT('Ctrl Pts',(-0.109390547323973,0.272448818897638,
-0.00678393051323058));
#9262=CARTESIAN_POINT('Ctrl Pts',(-0.11049446527199,0.27240157480315,-0.00778151601335056));
#9263=CARTESIAN_POINT('Ctrl Pts',(-0.11049446527199,0.272448818897638,-0.00778151601335056));
#9264=CARTESIAN_POINT('Ctrl Pts',(-0.111072316733462,0.27240157480315,-0.00830370721444795));
#9265=CARTESIAN_POINT('Ctrl Pts',(-0.111072316733462,0.272448818897638,
-0.00830370721444795));
#9266=CARTESIAN_POINT('',(-0.111072316733462,0.27240157480315,-0.00830370721444795));
#9267=CARTESIAN_POINT('Ctrl Pts',(-0.0985105512420094,0.27240157480315,
-0.00229409182983257));
#9268=CARTESIAN_POINT('Ctrl Pts',(-0.099015883954264,0.27240157480315,-0.00231017232282497));
#9269=CARTESIAN_POINT('Ctrl Pts',(-0.10003264684094,0.27240157480315,-0.00234252733978236));
#9270=CARTESIAN_POINT('Ctrl Pts',(-0.101545901435615,0.27240157480315,-0.00260624330778384));
#9271=CARTESIAN_POINT('Ctrl Pts',(-0.103054859409676,0.27240157480315,-0.00301273204805722));
#9272=CARTESIAN_POINT('Ctrl Pts',(-0.104567529779323,0.27240157480315,-0.00360800876529992));
#9273=CARTESIAN_POINT('Ctrl Pts',(-0.106113798251763,0.27240157480315,-0.00441761588560638));
#9274=CARTESIAN_POINT('Ctrl Pts',(-0.107714606982323,0.27240157480315,-0.00547691375136583));
#9275=CARTESIAN_POINT('Ctrl Pts',(-0.109390547323973,0.27240157480315,-0.00678393051323058));
#9276=CARTESIAN_POINT('Ctrl Pts',(-0.11049446527199,0.27240157480315,-0.00778151601335056));
#9277=CARTESIAN_POINT('Ctrl Pts',(-0.111072316733462,0.27240157480315,-0.00830370721444795));
#9278=CARTESIAN_POINT('',(-0.111072316733462,0.27240157480315,-0.00830370721444795));
#9279=CARTESIAN_POINT('Origin',(-0.111072316733462,0.27240157480315,-0.00830370721444795));
#9280=CARTESIAN_POINT('',(-0.10831790968218,0.27240157480315,-0.0123101174708582));
#9281=CARTESIAN_POINT('',(-0.111072316733462,0.27240157480315,-0.00830370721444795));
#9282=CARTESIAN_POINT('',(-0.10831790968218,0.27240157480315,-0.0123101174708582));
#9283=CARTESIAN_POINT('Ctrl Pts',(-0.10831790968218,0.27240157480315,-0.0123101174708582));
#9284=CARTESIAN_POINT('Ctrl Pts',(-0.10831790968218,0.272448818897638,-0.0123101174708582));
#9285=CARTESIAN_POINT('Ctrl Pts',(-0.107682453149107,0.27240157480315,-0.0118719121704005));
#9286=CARTESIAN_POINT('Ctrl Pts',(-0.107682453149107,0.272448818897638,
-0.0118719121704005));
#9287=CARTESIAN_POINT('Ctrl Pts',(-0.106482628356247,0.27240157480315,-0.0110445234246916));
#9288=CARTESIAN_POINT('Ctrl Pts',(-0.106482628356247,0.272448818897638,
-0.0110445234246916));
#9289=CARTESIAN_POINT('Ctrl Pts',(-0.104719169414489,0.27240157480315,-0.00998013948955697));
#9290=CARTESIAN_POINT('Ctrl Pts',(-0.104719169414489,0.272448818897638,
-0.00998013948955697));
#9291=CARTESIAN_POINT('Ctrl Pts',(-0.103156711780472,0.27240157480315,-0.0090675626211434));
#9292=CARTESIAN_POINT('Ctrl Pts',(-0.103156711780472,0.272448818897638,
-0.0090675626211434));
#9293=CARTESIAN_POINT('Ctrl Pts',(-0.102134644111925,0.27240157480315,-0.00860249894418463));
#9294=CARTESIAN_POINT('Ctrl Pts',(-0.102134644111925,0.272448818897638,
-0.00860249894418463));
#9295=CARTESIAN_POINT('Ctrl Pts',(-0.101661425974915,0.27240157480315,-0.00838717409478983));
#9296=CARTESIAN_POINT('Ctrl Pts',(-0.101661425974915,0.272448818897638,
-0.00838717409478983));
#9297=CARTESIAN_POINT('',(-0.101661425974915,0.27240157480315,-0.00838717409478983));
#9298=CARTESIAN_POINT('Ctrl Pts',(-0.10831790968218,0.27240157480315,-0.0123101174708582));
#9299=CARTESIAN_POINT('Ctrl Pts',(-0.107682453149107,0.27240157480315,-0.0118719121704005));
#9300=CARTESIAN_POINT('Ctrl Pts',(-0.106482628356247,0.27240157480315,-0.0110445234246916));
#9301=CARTESIAN_POINT('Ctrl Pts',(-0.104719169414489,0.27240157480315,-0.00998013948955697));
#9302=CARTESIAN_POINT('Ctrl Pts',(-0.103156711780472,0.27240157480315,-0.0090675626211434));
#9303=CARTESIAN_POINT('Ctrl Pts',(-0.102134644111925,0.27240157480315,-0.00860249894418463));
#9304=CARTESIAN_POINT('Ctrl Pts',(-0.101661425974915,0.27240157480315,-0.00838717409478983));
#9305=CARTESIAN_POINT('',(-0.101661425974915,0.27240157480315,-0.00838717409478983));
#9306=CARTESIAN_POINT('Ctrl Pts',(-0.101661425974915,0.27240157480315,-0.00838717409478983));
#9307=CARTESIAN_POINT('Ctrl Pts',(-0.101661425974915,0.272448818897638,
-0.00838717409478983));
#9308=CARTESIAN_POINT('Ctrl Pts',(-0.101374457052905,0.27240157480315,-0.00827468217009077));
#9309=CARTESIAN_POINT('Ctrl Pts',(-0.101374457052905,0.272448818897638,
-0.00827468217009077));
#9310=CARTESIAN_POINT('Ctrl Pts',(-0.100811647093999,0.27240157480315,-0.00805406045581773));
#9311=CARTESIAN_POINT('Ctrl Pts',(-0.100811647093999,0.272448818897638,
-0.00805406045581773));
#9312=CARTESIAN_POINT('Ctrl Pts',(-0.0999511548370418,0.27240157480315,
-0.00780784173095083));
#9313=CARTESIAN_POINT('Ctrl Pts',(-0.0999511548370418,0.272448818897638,
-0.00780784173095083));
#9314=CARTESIAN_POINT('Ctrl Pts',(-0.0990955739298804,0.27240157480315,
-0.00767328205952015));
#9315=CARTESIAN_POINT('Ctrl Pts',(-0.0990955739298804,0.272448818897638,
-0.00767328205952015));
#9316=CARTESIAN_POINT('Ctrl Pts',(-0.0985283463425779,0.27240157480315,
-0.00764826222114781));
#9317=CARTESIAN_POINT('Ctrl Pts',(-0.0985283463425779,0.272448818897638,
-0.00764826222114781));
#9318=CARTESIAN_POINT('Ctrl Pts',(-0.0982497172409411,0.27240157480315,
-0.00763597217171291));
#9319=CARTESIAN_POINT('Ctrl Pts',(-0.0982497172409411,0.272448818897638,
-0.00763597217171291));
#9320=CARTESIAN_POINT('',(-0.0982497172409411,0.27240157480315,-0.00763597217171291));
#9321=CARTESIAN_POINT('Ctrl Pts',(-0.101661425974915,0.27240157480315,-0.00838717409478983));
#9322=CARTESIAN_POINT('Ctrl Pts',(-0.101374457052905,0.27240157480315,-0.00827468217009077));
#9323=CARTESIAN_POINT('Ctrl Pts',(-0.100811647093999,0.27240157480315,-0.00805406045581773));
#9324=CARTESIAN_POINT('Ctrl Pts',(-0.0999511548370418,0.27240157480315,
-0.00780784173095083));
#9325=CARTESIAN_POINT('Ctrl Pts',(-0.0990955739298804,0.27240157480315,
-0.00767328205952015));
#9326=CARTESIAN_POINT('Ctrl Pts',(-0.0985283463425779,0.27240157480315,
-0.00764826222114781));
#9327=CARTESIAN_POINT('Ctrl Pts',(-0.0982497172409411,0.27240157480315,
-0.00763597217171291));
#9328=CARTESIAN_POINT('',(-0.0982497172409411,0.27240157480315,-0.00763597217171291));
#9329=CARTESIAN_POINT('Ctrl Pts',(-0.0982497172409411,0.27240157480315,
-0.00763597217171291));
#9330=CARTESIAN_POINT('Ctrl Pts',(-0.0982497172409411,0.272448818897638,
-0.00763597217171291));
#9331=CARTESIAN_POINT('Ctrl Pts',(-0.097889854317914,0.27240157480315,-0.00765119144156379));
#9332=CARTESIAN_POINT('Ctrl Pts',(-0.097889854317914,0.272448818897638,
-0.00765119144156379));
#9333=CARTESIAN_POINT('Ctrl Pts',(-0.0971785380042414,0.27240157480315,
-0.00768127432655802));
#9334=CARTESIAN_POINT('Ctrl Pts',(-0.0971785380042414,0.272448818897638,
-0.00768127432655802));
#9335=CARTESIAN_POINT('Ctrl Pts',(-0.0961448476172153,0.27240157480315,
-0.0079468885419047));
#9336=CARTESIAN_POINT('Ctrl Pts',(-0.0961448476172153,0.272448818897638,
-0.0079468885419047));
#9337=CARTESIAN_POINT('Ctrl Pts',(-0.0951558888194507,0.27240157480315,
-0.00835231120580007));
#9338=CARTESIAN_POINT('Ctrl Pts',(-0.0951558888194507,0.272448818897638,
-0.00835231120580007));
#9339=CARTESIAN_POINT('Ctrl Pts',(-0.0942471141515786,0.27240157480315,
-0.00894593164875378));
#9340=CARTESIAN_POINT('Ctrl Pts',(-0.0942471141515786,0.272448818897638,
-0.00894593164875378));
#9341=CARTESIAN_POINT('Ctrl Pts',(-0.0934095339866694,0.27240157480315,
-0.00965175636154494));
#9342=CARTESIAN_POINT('Ctrl Pts',(-0.0934095339866694,0.272448818897638,
-0.00965175636154494));
#9343=CARTESIAN_POINT('Ctrl Pts',(-0.0927184205106677,0.27240157480315,
-0.0105052683952704));
#9344=CARTESIAN_POINT('Ctrl Pts',(-0.0927184205106677,0.272448818897638,
-0.0105052683952704));
#9345=CARTESIAN_POINT('Ctrl Pts',(-0.0921422710391652,0.27240157480315,
-0.0114511907763184));
#9346=CARTESIAN_POINT('Ctrl Pts',(-0.0921422710391652,0.272448818897638,
-0.0114511907763184));
#9347=CARTESIAN_POINT('Ctrl Pts',(-0.0917955494119252,0.27240157480315,
-0.0123465993156349));
#9348=CARTESIAN_POINT('Ctrl Pts',(-0.0917955494119252,0.272448818897638,
-0.0123465993156349));
#9349=CARTESIAN_POINT('Ctrl Pts',(-0.091574645066523,0.27240157480315,-0.0131632158375564));
#9350=CARTESIAN_POINT('Ctrl Pts',(-0.091574645066523,0.272448818897638,
-0.0131632158375564));
#9351=CARTESIAN_POINT('Ctrl Pts',(-0.091434442285911,0.27240157480315,-0.0139137089309663));
#9352=CARTESIAN_POINT('Ctrl Pts',(-0.091434442285911,0.272448818897638,
-0.0139137089309663));
#9353=CARTESIAN_POINT('Ctrl Pts',(-0.0913118431729454,0.27240157480315,
-0.0147911118848495));
#9354=CARTESIAN_POINT('Ctrl Pts',(-0.0913118431729454,0.272448818897638,
-0.0147911118848495));
#9355=CARTESIAN_POINT('Ctrl Pts',(-0.0912049748410784,0.27240157480315,
-0.0157964720085114));
#9356=CARTESIAN_POINT('Ctrl Pts',(-0.0912049748410784,0.272448818897638,
-0.0157964720085114));
#9357=CARTESIAN_POINT('Ctrl Pts',(-0.0911424083148975,0.27240157480315,
-0.0169318020997591));
#9358=CARTESIAN_POINT('Ctrl Pts',(-0.0911424083148975,0.272448818897638,
-0.0169318020997591));
#9359=CARTESIAN_POINT('Ctrl Pts',(-0.0910722108026225,0.27240157480315,
-0.0181937685123999));
#9360=CARTESIAN_POINT('Ctrl Pts',(-0.0910722108026225,0.272448818897638,
-0.0181937685123999));
#9361=CARTESIAN_POINT('Ctrl Pts',(-0.0910468348965262,0.27240157480315,
-0.0195855529200798));
#9362=CARTESIAN_POINT('Ctrl Pts',(-0.0910468348965262,0.272448818897638,
-0.0195855529200798));
#9363=CARTESIAN_POINT('Ctrl Pts',(-0.091042522085966,0.27240157480315,-0.0205559539903142));
#9364=CARTESIAN_POINT('Ctrl Pts',(-0.091042522085966,0.272448818897638,
-0.0205559539903142));
#9365=CARTESIAN_POINT('Ctrl Pts',(-0.0910402654514111,0.27240157480315,
-0.0210637065467129));
#9366=CARTESIAN_POINT('Ctrl Pts',(-0.0910402654514111,0.272448818897638,
-0.0210637065467129));
#9367=CARTESIAN_POINT('Ctrl Pts',(-0.0982497172409411,0.27240157480315,
-0.00763597217171291));
#9368=CARTESIAN_POINT('Ctrl Pts',(-0.097889854317914,0.27240157480315,-0.00765119144156379));
#9369=CARTESIAN_POINT('Ctrl Pts',(-0.0971785380042414,0.27240157480315,
-0.00768127432655802));
#9370=CARTESIAN_POINT('Ctrl Pts',(-0.0961448476172153,0.27240157480315,
-0.0079468885419047));
#9371=CARTESIAN_POINT('Ctrl Pts',(-0.0951558888194507,0.27240157480315,
-0.00835231120580007));
#9372=CARTESIAN_POINT('Ctrl Pts',(-0.0942471141515786,0.27240157480315,
-0.00894593164875378));
#9373=CARTESIAN_POINT('Ctrl Pts',(-0.0934095339866694,0.27240157480315,
-0.00965175636154494));
#9374=CARTESIAN_POINT('Ctrl Pts',(-0.0927184205106677,0.27240157480315,
-0.0105052683952704));
#9375=CARTESIAN_POINT('Ctrl Pts',(-0.0921422710391652,0.27240157480315,
-0.0114511907763184));
#9376=CARTESIAN_POINT('Ctrl Pts',(-0.0917955494119252,0.27240157480315,
-0.0123465993156349));
#9377=CARTESIAN_POINT('Ctrl Pts',(-0.091574645066523,0.27240157480315,-0.0131632158375564));
#9378=CARTESIAN_POINT('Ctrl Pts',(-0.091434442285911,0.27240157480315,-0.0139137089309663));
#9379=CARTESIAN_POINT('Ctrl Pts',(-0.0913118431729454,0.27240157480315,
-0.0147911118848495));
#9380=CARTESIAN_POINT('Ctrl Pts',(-0.0912049748410784,0.27240157480315,
-0.0157964720085114));
#9381=CARTESIAN_POINT('Ctrl Pts',(-0.0911424083148975,0.27240157480315,
-0.0169318020997591));
#9382=CARTESIAN_POINT('Ctrl Pts',(-0.0910722108026225,0.27240157480315,
-0.0181937685123999));
#9383=CARTESIAN_POINT('Ctrl Pts',(-0.0910468348965262,0.27240157480315,
-0.0195855529200798));
#9384=CARTESIAN_POINT('Ctrl Pts',(-0.091042522085966,0.27240157480315,-0.0205559539903142));
#9385=CARTESIAN_POINT('Ctrl Pts',(-0.0910402654514111,0.27240157480315,
-0.0210637065467129));
#9386=CARTESIAN_POINT('Origin',(-0.0880789428943314,0.27240157480315,-0.00815018262791355));
#9387=CARTESIAN_POINT('Origin',(-0.073011419297565,0.27240157480315,-0.00362956191530266));
#9388=CARTESIAN_POINT('',(-0.073011419297565,0.27240157480315,-0.00362956191530266));
#9389=CARTESIAN_POINT('',(-0.073011419297565,0.27240157480315,-0.00362956191530266));
#9390=CARTESIAN_POINT('',(-0.073011419297565,0.27240157480315,-0.055712895248636));
#9391=CARTESIAN_POINT('',(-0.073011419297565,0.27240157480315,-0.00362956191530266));
#9392=CARTESIAN_POINT('',(-0.073011419297565,0.27240157480315,-0.055712895248636));
#9393=CARTESIAN_POINT('Origin',(-0.073011419297565,0.27240157480315,-0.055712895248636));
#9394=CARTESIAN_POINT('',(-0.0627971598157274,0.27240157480315,-0.055712895248636));
#9395=CARTESIAN_POINT('',(-0.073011419297565,0.27240157480315,-0.055712895248636));
#9396=CARTESIAN_POINT('',(-0.0627971598157274,0.27240157480315,-0.055712895248636));
#9397=CARTESIAN_POINT('Ctrl Pts',(-0.0627971598157274,0.27240157480315,
-0.055712895248636));
#9398=CARTESIAN_POINT('Ctrl Pts',(-0.0627971598157274,0.272448818897638,
-0.055712895248636));
#9399=CARTESIAN_POINT('Ctrl Pts',(-0.0620946165694229,0.27240157480315,
-0.0557121229831472));
#9400=CARTESIAN_POINT('Ctrl Pts',(-0.0620946165694229,0.272448818897638,
-0.0557121229831472));
#9401=CARTESIAN_POINT('Ctrl Pts',(-0.0607485125097399,0.27240157480315,
-0.0557106432881747));
#9402=CARTESIAN_POINT('Ctrl Pts',(-0.0607485125097399,0.272448818897638,
-0.0557106432881747));
#9403=CARTESIAN_POINT('Ctrl Pts',(-0.0588182289426434,0.27240157480315,
-0.0556657809991026));
#9404=CARTESIAN_POINT('Ctrl Pts',(-0.0588182289426434,0.272448818897638,
-0.0556657809991026));
#9405=CARTESIAN_POINT('Ctrl Pts',(-0.0570651079362991,0.272401574803149,
-0.0556058599858174));
#9406=CARTESIAN_POINT('Ctrl Pts',(-0.0570651079362991,0.272448818897638,
-0.0556058599858174));
#9407=CARTESIAN_POINT('Ctrl Pts',(-0.0554929296486991,0.27240157480315,
-0.055522796099015));
#9408=CARTESIAN_POINT('Ctrl Pts',(-0.0554929296486991,0.272448818897638,
-0.055522796099015));
#9409=CARTESIAN_POINT('Ctrl Pts',(-0.0540968567605059,0.27240157480315,
-0.0554246325536652));
#9410=CARTESIAN_POINT('Ctrl Pts',(-0.0540968567605059,0.272448818897638,
-0.0554246325536652));
#9411=CARTESIAN_POINT('Ctrl Pts',(-0.0528832064696345,0.27240157480315,
-0.055286953396263));
#9412=CARTESIAN_POINT('Ctrl Pts',(-0.0528832064696345,0.272448818897638,
-0.055286953396263));
#9413=CARTESIAN_POINT('Ctrl Pts',(-0.0518424392622856,0.27240157480315,
-0.055143198998148));
#9414=CARTESIAN_POINT('Ctrl Pts',(-0.0518424392622856,0.272448818897638,
-0.055143198998148));
#9415=CARTESIAN_POINT('Ctrl Pts',(-0.0512188313836172,0.27240157480315,
-0.0549970471154189));
#9416=CARTESIAN_POINT('Ctrl Pts',(-0.0512188313836172,0.272448818897638,
-0.0549970471154189));
#9417=CARTESIAN_POINT('Ctrl Pts',(-0.0509344294471376,0.27240157480315,
-0.0549303932454309));
#9418=CARTESIAN_POINT('Ctrl Pts',(-0.0509344294471376,0.272448818897638,
-0.0549303932454309));
#9419=CARTESIAN_POINT('',(-0.0509344294471376,0.27240157480315,-0.0549303932454309));
#9420=CARTESIAN_POINT('Ctrl Pts',(-0.0627971598157274,0.27240157480315,
-0.055712895248636));
#9421=CARTESIAN_POINT('Ctrl Pts',(-0.0620946165694229,0.27240157480315,
-0.0557121229831472));
#9422=CARTESIAN_POINT('Ctrl Pts',(-0.0607485125097399,0.27240157480315,
-0.0557106432881747));
#9423=CARTESIAN_POINT('Ctrl Pts',(-0.0588182289426434,0.27240157480315,
-0.0556657809991026));
#9424=CARTESIAN_POINT('Ctrl Pts',(-0.0570651079362991,0.272401574803149,
-0.0556058599858174));
#9425=CARTESIAN_POINT('Ctrl Pts',(-0.0554929296486991,0.27240157480315,
-0.055522796099015));
#9426=CARTESIAN_POINT('Ctrl Pts',(-0.0540968567605059,0.27240157480315,
-0.0554246325536652));
#9427=CARTESIAN_POINT('Ctrl Pts',(-0.0528832064696345,0.27240157480315,
-0.055286953396263));
#9428=CARTESIAN_POINT('Ctrl Pts',(-0.0518424392622856,0.27240157480315,
-0.055143198998148));
#9429=CARTESIAN_POINT('Ctrl Pts',(-0.0512188313836172,0.27240157480315,
-0.0549970471154189));
#9430=CARTESIAN_POINT('Ctrl Pts',(-0.0509344294471376,0.27240157480315,
-0.0549303932454309));
#9431=CARTESIAN_POINT('',(-0.0509344294471376,0.27240157480315,-0.0549303932454309));
#9432=CARTESIAN_POINT('Ctrl Pts',(-0.0509344294471376,0.27240157480315,
-0.0549303932454309));
#9433=CARTESIAN_POINT('Ctrl Pts',(-0.0509344294471376,0.272448818897638,
-0.0549303932454309));
#9434=CARTESIAN_POINT('Ctrl Pts',(-0.0505744066229517,0.27240157480315,
-0.0548318523253163));
#9435=CARTESIAN_POINT('Ctrl Pts',(-0.0505744066229517,0.272448818897638,
-0.0548318523253163));
#9436=CARTESIAN_POINT('Ctrl Pts',(-0.0498628444620568,0.27240157480315,
-0.0546370924785986));
#9437=CARTESIAN_POINT('Ctrl Pts',(-0.0498628444620568,0.272448818897638,
-0.0546370924785986));
#9438=CARTESIAN_POINT('Ctrl Pts',(-0.0488375313206635,0.27240157480315,
-0.0542470073078301));
#9439=CARTESIAN_POINT('Ctrl Pts',(-0.0488375313206635,0.272448818897638,
-0.0542470073078301));
#9440=CARTESIAN_POINT('Ctrl Pts',(-0.0478620276676817,0.272401574803149,
-0.0537844750879567));
#9441=CARTESIAN_POINT('Ctrl Pts',(-0.0478620276676817,0.272448818897638,
-0.0537844750879567));
#9442=CARTESIAN_POINT('Ctrl Pts',(-0.0469329866193904,0.27240157480315,
-0.0532573331258898));
#9443=CARTESIAN_POINT('Ctrl Pts',(-0.0469329866193904,0.272448818897638,
-0.0532573331258898));
#9444=CARTESIAN_POINT('Ctrl Pts',(-0.0460618246689309,0.27240157480315,
-0.0526429646112002));
#9445=CARTESIAN_POINT('Ctrl Pts',(-0.0460618246689309,0.272448818897638,
-0.0526429646112002));
#9446=CARTESIAN_POINT('Ctrl Pts',(-0.045235544297413,0.27240157480315,-0.0519662738710322));
#9447=CARTESIAN_POINT('Ctrl Pts',(-0.045235544297413,0.272448818897638,
-0.0519662738710322));
#9448=CARTESIAN_POINT('Ctrl Pts',(-0.0444614374477746,0.27240157480315,
-0.0512116374339424));
#9449=CARTESIAN_POINT('Ctrl Pts',(-0.0444614374477746,0.272448818897638,
-0.0512116374339424));
#9450=CARTESIAN_POINT('Ctrl Pts',(-0.043743857211403,0.27240157480315,-0.0503875192814508));
#9451=CARTESIAN_POINT('Ctrl Pts',(-0.043743857211403,0.272448818897638,
-0.0503875192814508));
#9452=CARTESIAN_POINT('Ctrl Pts',(-0.0430848572473561,0.27240157480315,
-0.0495077542534524));
#9453=CARTESIAN_POINT('Ctrl Pts',(-0.0430848572473561,0.272448818897638,
-0.0495077542534524));
#9454=CARTESIAN_POINT('Ctrl Pts',(-0.0425174512543922,0.27240157480315,
-0.0485592091655433));
#9455=CARTESIAN_POINT('Ctrl Pts',(-0.0425174512543922,0.272448818897638,
-0.0485592091655433));
#9456=CARTESIAN_POINT('Ctrl Pts',(-0.0420423437092543,0.27240157480315,
-0.0475578504837005));
#9457=CARTESIAN_POINT('Ctrl Pts',(-0.0420423437092543,0.272448818897638,
-0.0475578504837005));
#9458=CARTESIAN_POINT('Ctrl Pts',(-0.041634854550264,0.27240157480315,-0.0465043747224306));
#9459=CARTESIAN_POINT('Ctrl Pts',(-0.041634854550264,0.272448818897638,
-0.0465043747224306));
#9460=CARTESIAN_POINT('Ctrl Pts',(-0.0413415739778056,0.272401574803149,
-0.0453899353847619));
#9461=CARTESIAN_POINT('Ctrl Pts',(-0.0413415739778056,0.272448818897638,
-0.0453899353847619));
#9462=CARTESIAN_POINT('Ctrl Pts',(-0.0411206379702841,0.27240157480315,
-0.0442222759744317));
#9463=CARTESIAN_POINT('Ctrl Pts',(-0.0411206379702841,0.272448818897638,
-0.0442222759744317));
#9464=CARTESIAN_POINT('Ctrl Pts',(-0.0409804054164797,0.27240157480315,
-0.0430015216559571));
#9465=CARTESIAN_POINT('Ctrl Pts',(-0.0409804054164797,0.272448818897638,
-0.0430015216559571));
#9466=CARTESIAN_POINT('Ctrl Pts',(-0.0409669744379806,0.27240157480315,
-0.0421672974368966));
#9467=CARTESIAN_POINT('Ctrl Pts',(-0.0409669744379806,0.272448818897638,
-0.0421672974368966));
#9468=CARTESIAN_POINT('Ctrl Pts',(-0.0409601372462829,0.27240157480315,
-0.0417426261514138));
#9469=CARTESIAN_POINT('Ctrl Pts',(-0.0409601372462829,0.272448818897638,
-0.0417426261514138));
#9470=CARTESIAN_POINT('',(-0.0409601372462829,0.27240157480315,-0.0417426261514138));
#9471=CARTESIAN_POINT('Ctrl Pts',(-0.0509344294471376,0.27240157480315,
-0.0549303932454309));
#9472=CARTESIAN_POINT('Ctrl Pts',(-0.0505744066229517,0.27240157480315,
-0.0548318523253163));
#9473=CARTESIAN_POINT('Ctrl Pts',(-0.0498628444620568,0.27240157480315,
-0.0546370924785986));
#9474=CARTESIAN_POINT('Ctrl Pts',(-0.0488375313206635,0.27240157480315,
-0.0542470073078301));
#9475=CARTESIAN_POINT('Ctrl Pts',(-0.0478620276676817,0.27240157480315,
-0.0537844750879567));
#9476=CARTESIAN_POINT('Ctrl Pts',(-0.0469329866193904,0.27240157480315,
-0.0532573331258898));
#9477=CARTESIAN_POINT('Ctrl Pts',(-0.0460618246689309,0.27240157480315,
-0.0526429646112002));
#9478=CARTESIAN_POINT('Ctrl Pts',(-0.045235544297413,0.27240157480315,-0.0519662738710322));
#9479=CARTESIAN_POINT('Ctrl Pts',(-0.0444614374477746,0.27240157480315,
-0.0512116374339424));
#9480=CARTESIAN_POINT('Ctrl Pts',(-0.043743857211403,0.27240157480315,-0.0503875192814508));
#9481=CARTESIAN_POINT('Ctrl Pts',(-0.0430848572473561,0.27240157480315,
-0.0495077542534524));
#9482=CARTESIAN_POINT('Ctrl Pts',(-0.0425174512543922,0.27240157480315,
-0.0485592091655433));
#9483=CARTESIAN_POINT('Ctrl Pts',(-0.0420423437092543,0.27240157480315,
-0.0475578504837005));
#9484=CARTESIAN_POINT('Ctrl Pts',(-0.041634854550264,0.27240157480315,-0.0465043747224306));
#9485=CARTESIAN_POINT('Ctrl Pts',(-0.0413415739778056,0.27240157480315,
-0.0453899353847619));
#9486=CARTESIAN_POINT('Ctrl Pts',(-0.0411206379702841,0.27240157480315,
-0.0442222759744317));
#9487=CARTESIAN_POINT('Ctrl Pts',(-0.0409804054164797,0.27240157480315,
-0.0430015216559571));
#9488=CARTESIAN_POINT('Ctrl Pts',(-0.0409669744379806,0.27240157480315,
-0.0421672974368966));
#9489=CARTESIAN_POINT('Ctrl Pts',(-0.0409601372462829,0.27240157480315,
-0.0417426261514138));
#9490=CARTESIAN_POINT('',(-0.0409601372462829,0.27240157480315,-0.0417426261514138));
#9491=CARTESIAN_POINT('Ctrl Pts',(-0.0409601372462829,0.27240157480315,
-0.0417426261514138));
#9492=CARTESIAN_POINT('Ctrl Pts',(-0.0409601372462829,0.272448818897638,
-0.0417426261514138));
#9493=CARTESIAN_POINT('Ctrl Pts',(-0.0409664084476067,0.27240157480315,
-0.0413143854254095));
#9494=CARTESIAN_POINT('Ctrl Pts',(-0.0409664084476067,0.272448818897638,
-0.0413143854254095));
#9495=CARTESIAN_POINT('Ctrl Pts',(-0.0409786784765558,0.27240157480315,
-0.0404765035214591));
#9496=CARTESIAN_POINT('Ctrl Pts',(-0.0409786784765558,0.272448818897638,
-0.0404765035214591));
#9497=CARTESIAN_POINT('Ctrl Pts',(-0.0411259446272826,0.272401574803149,
-0.0392507179829369));
#9498=CARTESIAN_POINT('Ctrl Pts',(-0.0411259446272826,0.272448818897638,
-0.0392507179829369));
#9499=CARTESIAN_POINT('Ctrl Pts',(-0.0413243105739897,0.27240157480315,
-0.0380793133678834));
#9500=CARTESIAN_POINT('Ctrl Pts',(-0.0413243105739897,0.272448818897638,
-0.0380793133678834));
#9501=CARTESIAN_POINT('Ctrl Pts',(-0.0416293262336206,0.27240157480315,
-0.0369648870216122));
#9502=CARTESIAN_POINT('Ctrl Pts',(-0.0416293262336206,0.272448818897638,
-0.0369648870216122));
#9503=CARTESIAN_POINT('Ctrl Pts',(-0.0420288154166326,0.27240157480315,
-0.0359140571038925));
#9504=CARTESIAN_POINT('Ctrl Pts',(-0.0420288154166326,0.272448818897638,
-0.0359140571038925));
#9505=CARTESIAN_POINT('Ctrl Pts',(-0.0424974471554077,0.27240157480315,
-0.0349107649607267));
#9506=CARTESIAN_POINT('Ctrl Pts',(-0.0424974471554077,0.272448818897638,
-0.0349107649607267));
#9507=CARTESIAN_POINT('Ctrl Pts',(-0.0430626782621008,0.27240157480315,
-0.0339720793669976));
#9508=CARTESIAN_POINT('Ctrl Pts',(-0.0430626782621008,0.272448818897638,
-0.0339720793669976));
#9509=CARTESIAN_POINT('Ctrl Pts',(-0.0437121548946975,0.27240157480315,
-0.0330945924988182));
#9510=CARTESIAN_POINT('Ctrl Pts',(-0.0437121548946975,0.272448818897638,
-0.0330945924988182));
#9511=CARTESIAN_POINT('Ctrl Pts',(-0.0444346488588775,0.27240157480315,
-0.0322774807084288));
#9512=CARTESIAN_POINT('Ctrl Pts',(-0.0444346488588775,0.272448818897638,
-0.0322774807084288));
#9513=CARTESIAN_POINT('Ctrl Pts',(-0.0452271032955927,0.27240157480315,
-0.0315266653141921));
#9514=CARTESIAN_POINT('Ctrl Pts',(-0.0452271032955927,0.272448818897638,
-0.0315266653141921));
#9515=CARTESIAN_POINT('Ctrl Pts',(-0.046086318957799,0.27240157480315,-0.0308465412305236));
#9516=CARTESIAN_POINT('Ctrl Pts',(-0.046086318957799,0.272448818897638,
-0.0308465412305236));
#9517=CARTESIAN_POINT('Ctrl Pts',(-0.0470095652089354,0.27240157480315,
-0.0302355837352797));
#9518=CARTESIAN_POINT('Ctrl Pts',(-0.0470095652089354,0.272448818897638,
-0.0302355837352797));
#9519=CARTESIAN_POINT('Ctrl Pts',(-0.0480058427213839,0.27240157480315,
-0.0297079605284689));
#9520=CARTESIAN_POINT('Ctrl Pts',(-0.0480058427213839,0.272448818897638,
-0.0297079605284689));
#9521=CARTESIAN_POINT('Ctrl Pts',(-0.0490600414352373,0.27240157480315,
-0.0292353815861246));
#9522=CARTESIAN_POINT('Ctrl Pts',(-0.0490600414352373,0.272448818897638,
-0.0292353815861246));
#9523=CARTESIAN_POINT('Ctrl Pts',(-0.0501813244177063,0.27240157480315,
-0.0288384908028137));
#9524=CARTESIAN_POINT('Ctrl Pts',(-0.0501813244177063,0.272448818897638,
-0.0288384908028137));
#9525=CARTESIAN_POINT('Ctrl Pts',(-0.0509572546851969,0.27240157480315,
-0.0286297101268257));
#9526=CARTESIAN_POINT('Ctrl Pts',(-0.0509572546851969,0.272448818897638,
-0.0286297101268257));
#9527=CARTESIAN_POINT('Ctrl Pts',(-0.051351763848847,0.27240157480315,-0.0285235589772685));
#9528=CARTESIAN_POINT('Ctrl Pts',(-0.051351763848847,0.272448818897638,
-0.0285235589772685));
#9529=CARTESIAN_POINT('',(-0.051351763848847,0.27240157480315,-0.0285235589772685));
#9530=CARTESIAN_POINT('Ctrl Pts',(-0.0409601372462829,0.27240157480315,
-0.0417426261514138));
#9531=CARTESIAN_POINT('Ctrl Pts',(-0.0409664084476067,0.27240157480315,
-0.0413143854254095));
#9532=CARTESIAN_POINT('Ctrl Pts',(-0.0409786784765558,0.27240157480315,
-0.0404765035214591));
#9533=CARTESIAN_POINT('Ctrl Pts',(-0.0411259446272826,0.272401574803149,
-0.0392507179829369));
#9534=CARTESIAN_POINT('Ctrl Pts',(-0.0413243105739897,0.27240157480315,
-0.0380793133678834));
#9535=CARTESIAN_POINT('Ctrl Pts',(-0.0416293262336206,0.27240157480315,
-0.0369648870216122));
#9536=CARTESIAN_POINT('Ctrl Pts',(-0.0420288154166326,0.27240157480315,
-0.0359140571038925));
#9537=CARTESIAN_POINT('Ctrl Pts',(-0.0424974471554077,0.27240157480315,
-0.0349107649607267));
#9538=CARTESIAN_POINT('Ctrl Pts',(-0.0430626782621008,0.27240157480315,
-0.0339720793669976));
#9539=CARTESIAN_POINT('Ctrl Pts',(-0.0437121548946975,0.27240157480315,
-0.0330945924988182));
#9540=CARTESIAN_POINT('Ctrl Pts',(-0.0444346488588775,0.27240157480315,
-0.0322774807084288));
#9541=CARTESIAN_POINT('Ctrl Pts',(-0.0452271032955927,0.27240157480315,
-0.0315266653141921));
#9542=CARTESIAN_POINT('Ctrl Pts',(-0.046086318957799,0.27240157480315,-0.0308465412305236));
#9543=CARTESIAN_POINT('Ctrl Pts',(-0.0470095652089354,0.27240157480315,
-0.0302355837352797));
#9544=CARTESIAN_POINT('Ctrl Pts',(-0.0480058427213839,0.27240157480315,
-0.0297079605284689));
#9545=CARTESIAN_POINT('Ctrl Pts',(-0.0490600414352373,0.27240157480315,
-0.0292353815861246));
#9546=CARTESIAN_POINT('Ctrl Pts',(-0.0501813244177063,0.27240157480315,
-0.0288384908028137));
#9547=CARTESIAN_POINT('Ctrl Pts',(-0.0509572546851969,0.27240157480315,
-0.0286297101268257));
#9548=CARTESIAN_POINT('Ctrl Pts',(-0.051351763848847,0.27240157480315,-0.0285235589772685));
#9549=CARTESIAN_POINT('',(-0.051351763848847,0.27240157480315,-0.0285235589772685));
#9550=CARTESIAN_POINT('Ctrl Pts',(-0.051351763848847,0.27240157480315,-0.0285235589772685));
#9551=CARTESIAN_POINT('Ctrl Pts',(-0.051351763848847,0.272448818897638,
-0.0285235589772685));
#9552=CARTESIAN_POINT('Ctrl Pts',(-0.0516780634618145,0.27240157480315,
-0.0284541693778951));
#9553=CARTESIAN_POINT('Ctrl Pts',(-0.0516780634618145,0.272448818897638,
-0.0284541693778951));
#9554=CARTESIAN_POINT('Ctrl Pts',(-0.0523931680356331,0.27240157480315,
-0.0283020980363569));
#9555=CARTESIAN_POINT('Ctrl Pts',(-0.0523931680356331,0.272448818897638,
-0.0283020980363569));
#9556=CARTESIAN_POINT('Ctrl Pts',(-0.0535708871156591,0.27240157480315,
-0.0281323293333081));
#9557=CARTESIAN_POINT('Ctrl Pts',(-0.0535708871156591,0.272448818897638,
-0.0281323293333081));
#9558=CARTESIAN_POINT('Ctrl Pts',(-0.0549420982158052,0.27240157480315,
-0.0279874245612032));
#9559=CARTESIAN_POINT('Ctrl Pts',(-0.0549420982158052,0.272448818897638,
-0.0279874245612032));
#9560=CARTESIAN_POINT('Ctrl Pts',(-0.0565049297621678,0.27240157480315,
-0.0278787766805327));
#9561=CARTESIAN_POINT('Ctrl Pts',(-0.0565049297621678,0.272448818897638,
-0.0278787766805327));
#9562=CARTESIAN_POINT('Ctrl Pts',(-0.0582579789425484,0.27240157480315,
-0.0277857652450861));
#9563=CARTESIAN_POINT('Ctrl Pts',(-0.0582579789425484,0.272448818897638,
-0.0277857652450861));
#9564=CARTESIAN_POINT('Ctrl Pts',(-0.0602021940813839,0.27240157480315,
-0.0277118352764748));
#9565=CARTESIAN_POINT('Ctrl Pts',(-0.0602021940813839,0.272448818897638,
-0.0277118352764748));
#9566=CARTESIAN_POINT('Ctrl Pts',(-0.0623413916584569,0.27240157480315,
-0.0276712124515469));
#9567=CARTESIAN_POINT('Ctrl Pts',(-0.0623413916584569,0.272448818897638,
-0.0276712124515469));
#9568=CARTESIAN_POINT('Ctrl Pts',(-0.0638335232667599,0.27240157480315,
-0.0276691173206169));
#9569=CARTESIAN_POINT('Ctrl Pts',(-0.0638335232667599,0.272448818897638,
-0.0276691173206169));
#9570=CARTESIAN_POINT('Ctrl Pts',(-0.0646125644631633,0.27240157480315,
-0.0276680234537642));
#9571=CARTESIAN_POINT('Ctrl Pts',(-0.0646125644631633,0.272448818897638,
-0.0276680234537642));
#9572=CARTESIAN_POINT('',(-0.0646125644631633,0.27240157480315,-0.0276680234537642));
#9573=CARTESIAN_POINT('Ctrl Pts',(-0.051351763848847,0.27240157480315,-0.0285235589772685));
#9574=CARTESIAN_POINT('Ctrl Pts',(-0.0516780634618145,0.27240157480315,
-0.0284541693778951));
#9575=CARTESIAN_POINT('Ctrl Pts',(-0.0523931680356331,0.27240157480315,
-0.0283020980363569));
#9576=CARTESIAN_POINT('Ctrl Pts',(-0.0535708871156591,0.27240157480315,
-0.0281323293333081));
#9577=CARTESIAN_POINT('Ctrl Pts',(-0.0549420982158052,0.27240157480315,
-0.0279874245612032));
#9578=CARTESIAN_POINT('Ctrl Pts',(-0.0565049297621678,0.27240157480315,
-0.0278787766805327));
#9579=CARTESIAN_POINT('Ctrl Pts',(-0.0582579789425484,0.27240157480315,
-0.0277857652450861));
#9580=CARTESIAN_POINT('Ctrl Pts',(-0.0602021940813839,0.27240157480315,
-0.0277118352764748));
#9581=CARTESIAN_POINT('Ctrl Pts',(-0.0623413916584569,0.27240157480315,
-0.0276712124515469));
#9582=CARTESIAN_POINT('Ctrl Pts',(-0.0638335232667599,0.27240157480315,
-0.0276691173206169));
#9583=CARTESIAN_POINT('Ctrl Pts',(-0.0646125644631633,0.27240157480315,
-0.0276680234537642));
#9584=CARTESIAN_POINT('',(-0.0646125644631633,0.27240157480315,-0.0276680234537642));
#9585=CARTESIAN_POINT('Origin',(-0.0646125644631633,0.27240157480315,-0.0276680234537642));
#9586=CARTESIAN_POINT('',(-0.0683372739984197,0.27240157480315,-0.0276680234537642));
#9587=CARTESIAN_POINT('',(-0.0646125644631633,0.27240157480315,-0.0276680234537642));
#9588=CARTESIAN_POINT('',(-0.0683372739984197,0.27240157480315,-0.0276680234537642));
#9589=CARTESIAN_POINT('Origin',(-0.0683372739984197,0.27240157480315,-0.0276680234537642));
#9590=CARTESIAN_POINT('',(-0.0683372739984197,0.27240157480315,-0.00362956191530266));
#9591=CARTESIAN_POINT('',(-0.0683372739984197,0.27240157480315,-0.0276680234537642));
#9592=CARTESIAN_POINT('',(-0.0683372739984197,0.27240157480315,-0.00362956191530266));
#9593=CARTESIAN_POINT('Origin',(-0.0683372739984197,0.27240157480315,-0.00362956191530266));
#9594=CARTESIAN_POINT('',(-0.0683372739984197,0.27240157480315,-0.00362956191530266));
#9595=CARTESIAN_POINT('Origin',(-0.0568438613582364,0.27240157480315,-0.0555908176479475));
#9596=CARTESIAN_POINT('',(-0.0456342825454282,0.27240157480315,-0.0417217594313283));
#9597=CARTESIAN_POINT('',(-0.0588116162794026,0.27240157480315,-0.0503710149067556));
#9598=CARTESIAN_POINT('Ctrl Pts',(-0.0456342825454282,0.27240157480315,
-0.0417217594313283));
#9599=CARTESIAN_POINT('Ctrl Pts',(-0.0456530719278023,0.27240157480315,
-0.0421404873100316));
#9600=CARTESIAN_POINT('Ctrl Pts',(-0.0456904228944823,0.27240157480315,
-0.0429728665087792));
#9601=CARTESIAN_POINT('Ctrl Pts',(-0.0459680399058019,0.27240157480315,
-0.0441927885416619));
#9602=CARTESIAN_POINT('Ctrl Pts',(-0.0464345475525808,0.27240157480315,
-0.0453570103331319));
#9603=CARTESIAN_POINT('Ctrl Pts',(-0.0470812230661946,0.27240157480315,
-0.0464429193413674));
#9604=CARTESIAN_POINT('Ctrl Pts',(-0.0478660613096564,0.27240157480315,
-0.0474278717813265));
#9605=CARTESIAN_POINT('Ctrl Pts',(-0.0487782539154299,0.27240157480315,
-0.0482834837911905));
#9606=CARTESIAN_POINT('Ctrl Pts',(-0.0498156536376572,0.27240157480315,
-0.0489713067484987));
#9607=CARTESIAN_POINT('Ctrl Pts',(-0.0507806570756443,0.27240157480315,
-0.0494152543920803));
#9608=CARTESIAN_POINT('Ctrl Pts',(-0.0516378175820052,0.27240157480315,
-0.0496863150384068));
#9609=CARTESIAN_POINT('Ctrl Pts',(-0.0523823407945615,0.27240157480315,
-0.0498759704023537));
#9610=CARTESIAN_POINT('Ctrl Pts',(-0.0532229758315607,0.27240157480315,
-0.0500273931143319));
#9611=CARTESIAN_POINT('Ctrl Pts',(-0.0541599963599887,0.27240157480315,
-0.0501500047630847));
#9612=CARTESIAN_POINT('Ctrl Pts',(-0.0551861397213043,0.27240157480315,
-0.0502549669836705));
#9613=CARTESIAN_POINT('Ctrl Pts',(-0.0563102217881885,0.27240157480315,
-0.0503261868829858));
#9614=CARTESIAN_POINT('Ctrl Pts',(-0.0575279843367662,0.27240157480315,
-0.050367875219839));
#9615=CARTESIAN_POINT('Ctrl Pts',(-0.0583733797365423,0.27240157480315,
-0.0503699430063968));
#9616=CARTESIAN_POINT('Ctrl Pts',(-0.0588116162794026,0.27240157480315,
-0.0503710149067556));
#9617=CARTESIAN_POINT('',(-0.0592185173210692,0.27240157480315,-0.0328951368351745));
#9618=CARTESIAN_POINT('Ctrl Pts',(-0.0592185173210692,0.27240157480315,
-0.0328951368351745));
#9619=CARTESIAN_POINT('Ctrl Pts',(-0.0587732803298065,0.27240157480315,
-0.032894906722211));
#9620=CARTESIAN_POINT('Ctrl Pts',(-0.0579137594974737,0.27240157480315,
-0.0328944624938793));
#9621=CARTESIAN_POINT('Ctrl Pts',(-0.0566721490326933,0.27240157480315,
-0.0329537664147011));
#9622=CARTESIAN_POINT('Ctrl Pts',(-0.0555202251144932,0.27240157480315,
-0.033022226722207));
#9623=CARTESIAN_POINT('Ctrl Pts',(-0.0544615260761997,0.27240157480315,
-0.0331224636784868));
#9624=CARTESIAN_POINT('Ctrl Pts',(-0.053495574670198,0.27240157480315,-0.0332641490577157));
#9625=CARTESIAN_POINT('Ctrl Pts',(-0.0526207602524234,0.27240157480315,
-0.0334071808719739));
#9626=CARTESIAN_POINT('Ctrl Pts',(-0.0518438661617255,0.27240157480315,
-0.0336141059106425));
#9627=CARTESIAN_POINT('Ctrl Pts',(-0.0509346518497336,0.27240157480315,
-0.0338927230109271));
#9628=CARTESIAN_POINT('Ctrl Pts',(-0.0499215067979957,0.27240157480315,
-0.0343679107439774));
#9629=CARTESIAN_POINT('Ctrl Pts',(-0.0488193111354482,0.27240157480315,
-0.035057641250727));
#9630=CARTESIAN_POINT('Ctrl Pts',(-0.0478852250290305,0.27240157480315,
-0.0359368184560857));
#9631=CARTESIAN_POINT('Ctrl Pts',(-0.0470769170415072,0.27240157480315,
-0.0369253278508252));
#9632=CARTESIAN_POINT('Ctrl Pts',(-0.0464354605245668,0.27240157480315,
-0.0380250172768083));
#9633=CARTESIAN_POINT('Ctrl Pts',(-0.0459658773055715,0.27240157480315,
-0.0392016383590408));
#9634=CARTESIAN_POINT('Ctrl Pts',(-0.0456899672257569,0.27240157480315,
-0.0404431242150185));
#9635=CARTESIAN_POINT('Ctrl Pts',(-0.045652970296357,0.27240157480315,-0.0412926500908396));
#9636=CARTESIAN_POINT('Ctrl Pts',(-0.0456342825454282,0.27240157480315,
-0.0417217594313283));
#9637=CARTESIAN_POINT('',(-0.0683372739984197,0.272401574803101,-0.0330099037956445));
#9638=CARTESIAN_POINT('',(-0.0683372739984197,0.27240157480315,-0.0330099037956445));
#9639=CARTESIAN_POINT('',(-0.0683372739984197,0.27240157480315,-0.0503710149067556));
#9640=CARTESIAN_POINT('',(-0.0683372739984197,0.27240157480315,-0.0503710149067556));
#9641=CARTESIAN_POINT('',(-0.0588116162794026,0.27240157480315,-0.0503710149067556));
#9642=CARTESIAN_POINT('Origin',(-0.0588116162794026,0.27240157480315,-0.0503710149067556));
#9643=CARTESIAN_POINT('',(-0.0588116162794026,0.27244094488189,-0.0503710149067556));
#9644=CARTESIAN_POINT('',(-0.0683372739984197,0.272440944881878,-0.0503710149067556));
#9645=CARTESIAN_POINT('',(-0.0588116162794026,0.27244094488189,-0.0503710149067556));
#9646=CARTESIAN_POINT('',(-0.0588116162794026,0.27240157480315,-0.0503710149067556));
#9647=CARTESIAN_POINT('',(-0.0683372739984197,0.27240157480315,-0.0503710149067556));
#9648=CARTESIAN_POINT('Ctrl Pts',(-0.0456342825454282,0.27240157480315,
-0.0417217594313283));
#9649=CARTESIAN_POINT('Ctrl Pts',(-0.0456342825454282,0.272448818897638,
-0.0417217594313283));
#9650=CARTESIAN_POINT('Ctrl Pts',(-0.0456530719278023,0.27240157480315,
-0.0421404873100316));
#9651=CARTESIAN_POINT('Ctrl Pts',(-0.0456530719278023,0.272448818897638,
-0.0421404873100316));
#9652=CARTESIAN_POINT('Ctrl Pts',(-0.0456904228944823,0.27240157480315,
-0.0429728665087792));
#9653=CARTESIAN_POINT('Ctrl Pts',(-0.0456904228944823,0.272448818897638,
-0.0429728665087792));
#9654=CARTESIAN_POINT('Ctrl Pts',(-0.0459680399058019,0.27240157480315,
-0.0441927885416619));
#9655=CARTESIAN_POINT('Ctrl Pts',(-0.0459680399058019,0.272448818897638,
-0.0441927885416619));
#9656=CARTESIAN_POINT('Ctrl Pts',(-0.0464345475525808,0.27240157480315,
-0.0453570103331319));
#9657=CARTESIAN_POINT('Ctrl Pts',(-0.0464345475525808,0.272448818897638,
-0.0453570103331319));
#9658=CARTESIAN_POINT('Ctrl Pts',(-0.0470812230661946,0.27240157480315,
-0.0464429193413674));
#9659=CARTESIAN_POINT('Ctrl Pts',(-0.0470812230661946,0.272448818897638,
-0.0464429193413674));
#9660=CARTESIAN_POINT('Ctrl Pts',(-0.0478660613096564,0.27240157480315,
-0.0474278717813265));
#9661=CARTESIAN_POINT('Ctrl Pts',(-0.0478660613096564,0.272448818897638,
-0.0474278717813265));
#9662=CARTESIAN_POINT('Ctrl Pts',(-0.0487782539154299,0.27240157480315,
-0.0482834837911905));
#9663=CARTESIAN_POINT('Ctrl Pts',(-0.0487782539154299,0.272448818897638,
-0.0482834837911905));
#9664=CARTESIAN_POINT('Ctrl Pts',(-0.0498156536376572,0.27240157480315,
-0.0489713067484987));
#9665=CARTESIAN_POINT('Ctrl Pts',(-0.0498156536376572,0.272448818897638,
-0.0489713067484987));
#9666=CARTESIAN_POINT('Ctrl Pts',(-0.0507806570756443,0.27240157480315,
-0.0494152543920803));
#9667=CARTESIAN_POINT('Ctrl Pts',(-0.0507806570756443,0.272448818897638,
-0.0494152543920803));
#9668=CARTESIAN_POINT('Ctrl Pts',(-0.0516378175820052,0.27240157480315,
-0.0496863150384068));
#9669=CARTESIAN_POINT('Ctrl Pts',(-0.0516378175820052,0.272448818897638,
-0.0496863150384068));
#9670=CARTESIAN_POINT('Ctrl Pts',(-0.0523823407945615,0.27240157480315,
-0.0498759704023537));
#9671=CARTESIAN_POINT('Ctrl Pts',(-0.0523823407945615,0.272448818897638,
-0.0498759704023537));
#9672=CARTESIAN_POINT('Ctrl Pts',(-0.0532229758315607,0.27240157480315,
-0.0500273931143319));
#9673=CARTESIAN_POINT('Ctrl Pts',(-0.0532229758315607,0.272448818897638,
-0.0500273931143319));
#9674=CARTESIAN_POINT('Ctrl Pts',(-0.0541599963599887,0.27240157480315,
-0.0501500047630847));
#9675=CARTESIAN_POINT('Ctrl Pts',(-0.0541599963599887,0.272448818897638,
-0.0501500047630847));
#9676=CARTESIAN_POINT('Ctrl Pts',(-0.0551861397213043,0.27240157480315,
-0.0502549669836705));
#9677=CARTESIAN_POINT('Ctrl Pts',(-0.0551861397213043,0.272448818897638,
-0.0502549669836705));
#9678=CARTESIAN_POINT('Ctrl Pts',(-0.0563102217881885,0.27240157480315,
-0.0503261868829858));
#9679=CARTESIAN_POINT('Ctrl Pts',(-0.0563102217881885,0.272448818897638,
-0.0503261868829858));
#9680=CARTESIAN_POINT('Ctrl Pts',(-0.0575279843367662,0.27240157480315,
-0.050367875219839));
#9681=CARTESIAN_POINT('Ctrl Pts',(-0.0575279843367662,0.272448818897638,
-0.050367875219839));
#9682=CARTESIAN_POINT('Ctrl Pts',(-0.0583733797365423,0.27240157480315,
-0.0503699430063968));
#9683=CARTESIAN_POINT('Ctrl Pts',(-0.0583733797365423,0.272448818897638,
-0.0503699430063968));
#9684=CARTESIAN_POINT('Ctrl Pts',(-0.0588116162794026,0.27240157480315,
-0.0503710149067556));
#9685=CARTESIAN_POINT('Ctrl Pts',(-0.0588116162794026,0.272448818897638,
-0.0503710149067556));
#9686=CARTESIAN_POINT('',(-0.0456342825454282,0.27244094488189,-0.0417217594313283));
#9687=CARTESIAN_POINT('Ctrl Pts',(-0.0456342825454282,0.27244094488189,
-0.0417217594313283));
#9688=CARTESIAN_POINT('Ctrl Pts',(-0.0456530719278023,0.27244094488189,
-0.0421404873100316));
#9689=CARTESIAN_POINT('Ctrl Pts',(-0.0456904228944823,0.27244094488189,
-0.0429728665087792));
#9690=CARTESIAN_POINT('Ctrl Pts',(-0.0459680399058019,0.27244094488189,
-0.0441927885416619));
#9691=CARTESIAN_POINT('Ctrl Pts',(-0.0464345475525808,0.27244094488189,
-0.0453570103331319));
#9692=CARTESIAN_POINT('Ctrl Pts',(-0.0470812230661946,0.27244094488189,
-0.0464429193413674));
#9693=CARTESIAN_POINT('Ctrl Pts',(-0.0478660613096564,0.27244094488189,
-0.0474278717813265));
#9694=CARTESIAN_POINT('Ctrl Pts',(-0.0487782539154299,0.27244094488189,
-0.0482834837911905));
#9695=CARTESIAN_POINT('Ctrl Pts',(-0.0498156536376572,0.27244094488189,
-0.0489713067484987));
#9696=CARTESIAN_POINT('Ctrl Pts',(-0.0507806570756443,0.27244094488189,
-0.0494152543920803));
#9697=CARTESIAN_POINT('Ctrl Pts',(-0.0516378175820052,0.27244094488189,
-0.0496863150384068));
#9698=CARTESIAN_POINT('Ctrl Pts',(-0.0523823407945615,0.27244094488189,
-0.0498759704023537));
#9699=CARTESIAN_POINT('Ctrl Pts',(-0.0532229758315607,0.27244094488189,
-0.0500273931143319));
#9700=CARTESIAN_POINT('Ctrl Pts',(-0.0541599963599887,0.27244094488189,
-0.0501500047630847));
#9701=CARTESIAN_POINT('Ctrl Pts',(-0.0551861397213043,0.27244094488189,
-0.0502549669836705));
#9702=CARTESIAN_POINT('Ctrl Pts',(-0.0563102217881885,0.27244094488189,
-0.0503261868829858));
#9703=CARTESIAN_POINT('Ctrl Pts',(-0.0575279843367662,0.27244094488189,
-0.050367875219839));
#9704=CARTESIAN_POINT('Ctrl Pts',(-0.0583733797365423,0.27244094488189,
-0.0503699430063968));
#9705=CARTESIAN_POINT('Ctrl Pts',(-0.0588116162794026,0.27244094488189,
-0.0503710149067556));
#9706=CARTESIAN_POINT('',(-0.0456342825454282,0.27240157480315,-0.0417217594313283));
#9707=CARTESIAN_POINT('Ctrl Pts',(-0.0592185173210692,0.27240157480315,
-0.0328951368351745));
#9708=CARTESIAN_POINT('Ctrl Pts',(-0.0592185173210692,0.272448818897638,
-0.0328951368351745));
#9709=CARTESIAN_POINT('Ctrl Pts',(-0.0587732803298065,0.27240157480315,
-0.032894906722211));
#9710=CARTESIAN_POINT('Ctrl Pts',(-0.0587732803298065,0.272448818897638,
-0.032894906722211));
#9711=CARTESIAN_POINT('Ctrl Pts',(-0.0579137594974737,0.27240157480315,
-0.0328944624938793));
#9712=CARTESIAN_POINT('Ctrl Pts',(-0.0579137594974737,0.272448818897638,
-0.0328944624938793));
#9713=CARTESIAN_POINT('Ctrl Pts',(-0.0566721490326933,0.27240157480315,
-0.0329537664147011));
#9714=CARTESIAN_POINT('Ctrl Pts',(-0.0566721490326933,0.272448818897638,
-0.0329537664147011));
#9715=CARTESIAN_POINT('Ctrl Pts',(-0.0555202251144932,0.27240157480315,
-0.033022226722207));
#9716=CARTESIAN_POINT('Ctrl Pts',(-0.0555202251144932,0.272448818897638,
-0.033022226722207));
#9717=CARTESIAN_POINT('Ctrl Pts',(-0.0544615260761997,0.27240157480315,
-0.0331224636784868));
#9718=CARTESIAN_POINT('Ctrl Pts',(-0.0544615260761997,0.272448818897638,
-0.0331224636784868));
#9719=CARTESIAN_POINT('Ctrl Pts',(-0.053495574670198,0.27240157480315,-0.0332641490577157));
#9720=CARTESIAN_POINT('Ctrl Pts',(-0.053495574670198,0.272448818897638,
-0.0332641490577157));
#9721=CARTESIAN_POINT('Ctrl Pts',(-0.0526207602524234,0.27240157480315,
-0.0334071808719739));
#9722=CARTESIAN_POINT('Ctrl Pts',(-0.0526207602524234,0.272448818897638,
-0.0334071808719739));
#9723=CARTESIAN_POINT('Ctrl Pts',(-0.0518438661617255,0.27240157480315,
-0.0336141059106425));
#9724=CARTESIAN_POINT('Ctrl Pts',(-0.0518438661617255,0.272448818897638,
-0.0336141059106425));
#9725=CARTESIAN_POINT('Ctrl Pts',(-0.0509346518497336,0.27240157480315,
-0.0338927230109271));
#9726=CARTESIAN_POINT('Ctrl Pts',(-0.0509346518497336,0.272448818897638,
-0.0338927230109271));
#9727=CARTESIAN_POINT('Ctrl Pts',(-0.0499215067979957,0.27240157480315,
-0.0343679107439774));
#9728=CARTESIAN_POINT('Ctrl Pts',(-0.0499215067979957,0.272448818897638,
-0.0343679107439774));
#9729=CARTESIAN_POINT('Ctrl Pts',(-0.0488193111354482,0.27240157480315,
-0.035057641250727));
#9730=CARTESIAN_POINT('Ctrl Pts',(-0.0488193111354482,0.272448818897638,
-0.035057641250727));
#9731=CARTESIAN_POINT('Ctrl Pts',(-0.0478852250290305,0.27240157480315,
-0.0359368184560857));
#9732=CARTESIAN_POINT('Ctrl Pts',(-0.0478852250290305,0.272448818897638,
-0.0359368184560857));
#9733=CARTESIAN_POINT('Ctrl Pts',(-0.0470769170415072,0.27240157480315,
-0.0369253278508252));
#9734=CARTESIAN_POINT('Ctrl Pts',(-0.0470769170415072,0.272448818897638,
-0.0369253278508252));
#9735=CARTESIAN_POINT('Ctrl Pts',(-0.0464354605245668,0.27240157480315,
-0.0380250172768083));
#9736=CARTESIAN_POINT('Ctrl Pts',(-0.0464354605245668,0.272448818897638,
-0.0380250172768083));
#9737=CARTESIAN_POINT('Ctrl Pts',(-0.0459658773055715,0.27240157480315,
-0.0392016383590408));
#9738=CARTESIAN_POINT('Ctrl Pts',(-0.0459658773055715,0.272448818897638,
-0.0392016383590408));
#9739=CARTESIAN_POINT('Ctrl Pts',(-0.0456899672257569,0.27240157480315,
-0.0404431242150185));
#9740=CARTESIAN_POINT('Ctrl Pts',(-0.0456899672257569,0.272448818897638,
-0.0404431242150185));
#9741=CARTESIAN_POINT('Ctrl Pts',(-0.045652970296357,0.27240157480315,-0.0412926500908396));
#9742=CARTESIAN_POINT('Ctrl Pts',(-0.045652970296357,0.272448818897638,
-0.0412926500908396));
#9743=CARTESIAN_POINT('Ctrl Pts',(-0.0456342825454282,0.27240157480315,
-0.0417217594313283));
#9744=CARTESIAN_POINT('Ctrl Pts',(-0.0456342825454282,0.272448818897638,
-0.0417217594313283));
#9745=CARTESIAN_POINT('',(-0.0592185173210692,0.27244094488189,-0.0328951368351745));
#9746=CARTESIAN_POINT('Ctrl Pts',(-0.0592185173210692,0.27244094488189,
-0.0328951368351745));
#9747=CARTESIAN_POINT('Ctrl Pts',(-0.0587732803298065,0.27244094488189,
-0.032894906722211));
#9748=CARTESIAN_POINT('Ctrl Pts',(-0.0579137594974737,0.27244094488189,
-0.0328944624938793));
#9749=CARTESIAN_POINT('Ctrl Pts',(-0.0566721490326933,0.27244094488189,
-0.0329537664147011));
#9750=CARTESIAN_POINT('Ctrl Pts',(-0.0555202251144932,0.27244094488189,
-0.033022226722207));
#9751=CARTESIAN_POINT('Ctrl Pts',(-0.0544615260761997,0.27244094488189,
-0.0331224636784868));
#9752=CARTESIAN_POINT('Ctrl Pts',(-0.053495574670198,0.27244094488189,-0.0332641490577157));
#9753=CARTESIAN_POINT('Ctrl Pts',(-0.0526207602524234,0.27244094488189,
-0.0334071808719739));
#9754=CARTESIAN_POINT('Ctrl Pts',(-0.0518438661617255,0.27244094488189,
-0.0336141059106425));
#9755=CARTESIAN_POINT('Ctrl Pts',(-0.0509346518497336,0.27244094488189,
-0.0338927230109271));
#9756=CARTESIAN_POINT('Ctrl Pts',(-0.0499215067979957,0.27244094488189,
-0.0343679107439774));
#9757=CARTESIAN_POINT('Ctrl Pts',(-0.0488193111354482,0.27244094488189,
-0.035057641250727));
#9758=CARTESIAN_POINT('Ctrl Pts',(-0.0478852250290305,0.27244094488189,
-0.0359368184560857));
#9759=CARTESIAN_POINT('Ctrl Pts',(-0.0470769170415072,0.27244094488189,
-0.0369253278508252));
#9760=CARTESIAN_POINT('Ctrl Pts',(-0.0464354605245668,0.27244094488189,
-0.0380250172768083));
#9761=CARTESIAN_POINT('Ctrl Pts',(-0.0459658773055715,0.27244094488189,
-0.0392016383590408));
#9762=CARTESIAN_POINT('Ctrl Pts',(-0.0456899672257569,0.27244094488189,
-0.0404431242150185));
#9763=CARTESIAN_POINT('Ctrl Pts',(-0.045652970296357,0.27244094488189,-0.0412926500908396));
#9764=CARTESIAN_POINT('Ctrl Pts',(-0.0456342825454282,0.27244094488189,
-0.0417217594313283));
#9765=CARTESIAN_POINT('',(-0.0592185173210692,0.27240157480315,-0.0328951368351745));
#9766=CARTESIAN_POINT('Origin',(-0.0683372739984197,0.27240157480315,-0.0330099037956445));
#9767=CARTESIAN_POINT('',(-0.0683372739984197,0.27244094488189,-0.0330099037956445));
#9768=CARTESIAN_POINT('',(-0.0683372739984197,0.27244094488189,-0.0330099037956445));
#9769=CARTESIAN_POINT('',(-0.0683372739984197,0.27240157480315,-0.0330099037956445));
#9770=CARTESIAN_POINT('Origin',(-0.0683372739984197,0.27240157480315,-0.0503710149067556));
#9771=CARTESIAN_POINT('',(-0.0683372739984197,0.27244094488189,-0.0503710149067556));
#9772=CARTESIAN_POINT('Origin',(-0.32007874015748,0.27244094488189,-0.425));
#9773=CARTESIAN_POINT('Origin',(-0.026937701348847,0.27240157480315,-0.0503710149067556));
#9774=CARTESIAN_POINT('',(-0.026937701348847,0.27240157480315,-0.0503710149067556));
#9775=CARTESIAN_POINT('',(-0.026937701348847,0.27240157480315,-0.0503710149067556));
#9776=CARTESIAN_POINT('',(-0.0238807268563257,0.27240157480315,-0.055712895248636));
#9777=CARTESIAN_POINT('',(-0.026937701348847,0.27240157480315,-0.0503710149067556));
#9778=CARTESIAN_POINT('',(-0.0238807268563257,0.27240157480315,-0.055712895248636));
#9779=CARTESIAN_POINT('Origin',(-0.0238807268563257,0.27240157480315,-0.055712895248636));
#9780=CARTESIAN_POINT('',(-0.0142507355368812,0.27240157480315,-0.055712895248636));
#9781=CARTESIAN_POINT('',(-0.0238807268563257,0.27240157480315,-0.055712895248636));
#9782=CARTESIAN_POINT('',(-0.0142507355368812,0.27240157480315,-0.055712895248636));
#9783=CARTESIAN_POINT('Origin',(-0.0142507355368812,0.27240157480315,-0.055712895248636));
#9784=CARTESIAN_POINT('',(-0.0142507355368812,0.27240157480315,-0.00362956191530266));
#9785=CARTESIAN_POINT('',(-0.0142507355368812,0.27240157480315,-0.055712895248636));
#9786=CARTESIAN_POINT('',(-0.0142507355368812,0.27240157480315,-0.00362956191530266));
#9787=CARTESIAN_POINT('Origin',(-0.0142507355368812,0.27240157480315,-0.00362956191530266));
#9788=CARTESIAN_POINT('',(-0.0189248808360265,0.27240157480315,-0.00362956191530266));
#9789=CARTESIAN_POINT('',(-0.0142507355368812,0.27240157480315,-0.00362956191530266));
#9790=CARTESIAN_POINT('',(-0.0189248808360265,0.27240157480315,-0.00362956191530266));
#9791=CARTESIAN_POINT('Origin',(-0.0189248808360265,0.27240157480315,-0.00362956191530266));
#9792=CARTESIAN_POINT('',(-0.0189248808360265,0.27240157480315,-0.0503710149067556));
#9793=CARTESIAN_POINT('',(-0.0189248808360265,0.27240157480315,-0.00362956191530266));
#9794=CARTESIAN_POINT('',(-0.0189248808360265,0.27240157480315,-0.0503710149067556));
#9795=CARTESIAN_POINT('Origin',(-0.0189248808360265,0.27240157480315,-0.0503710149067556));
#9796=CARTESIAN_POINT('',(-0.0189248808360265,0.27240157480315,-0.0503710149067556));
#9797=CARTESIAN_POINT('Origin',(0.,0.27240157480315,0.));
#9798=CARTESIAN_POINT('Origin',(0.0131264012152555,0.27240157480315,-0.0503710149067556));
#9799=CARTESIAN_POINT('',(0.0131264012152555,0.27240157480315,-0.0503710149067556));
#9800=CARTESIAN_POINT('',(0.0131264012152555,0.27240157480315,-0.0503710149067556));
#9801=CARTESIAN_POINT('',(0.0161833757077769,0.27240157480315,-0.055712895248636));
#9802=CARTESIAN_POINT('',(0.0131264012152555,0.27240157480315,-0.0503710149067556));
#9803=CARTESIAN_POINT('',(0.0161833757077769,0.27240157480315,-0.055712895248636));
#9804=CARTESIAN_POINT('Origin',(0.0161833757077769,0.27240157480315,-0.055712895248636));
#9805=CARTESIAN_POINT('',(0.0258133670272213,0.27240157480315,-0.055712895248636));
#9806=CARTESIAN_POINT('',(0.0161833757077769,0.27240157480315,-0.055712895248636));
#9807=CARTESIAN_POINT('',(0.0258133670272213,0.27240157480315,-0.055712895248636));
#9808=CARTESIAN_POINT('Origin',(0.0258133670272213,0.27240157480315,-0.055712895248636));
#9809=CARTESIAN_POINT('',(0.0258133670272213,0.27240157480315,-0.00362956191530266));
#9810=CARTESIAN_POINT('',(0.0258133670272213,0.27240157480315,-0.055712895248636));
#9811=CARTESIAN_POINT('',(0.0258133670272213,0.27240157480315,-0.00362956191530266));
#9812=CARTESIAN_POINT('Origin',(0.0258133670272213,0.27240157480315,-0.00362956191530266));
#9813=CARTESIAN_POINT('',(0.021139221728076,0.27240157480315,-0.00362956191530266));
#9814=CARTESIAN_POINT('',(0.0258133670272213,0.27240157480315,-0.00362956191530266));
#9815=CARTESIAN_POINT('',(0.021139221728076,0.27240157480315,-0.00362956191530266));
#9816=CARTESIAN_POINT('Origin',(0.021139221728076,0.27240157480315,-0.00362956191530266));
#9817=CARTESIAN_POINT('',(0.021139221728076,0.27240157480315,-0.0503710149067556));
#9818=CARTESIAN_POINT('',(0.021139221728076,0.27240157480315,-0.00362956191530266));
#9819=CARTESIAN_POINT('',(0.021139221728076,0.27240157480315,-0.0503710149067556));
#9820=CARTESIAN_POINT('Origin',(0.021139221728076,0.27240157480315,-0.0503710149067556));
#9821=CARTESIAN_POINT('',(0.021139221728076,0.27240157480315,-0.0503710149067556));
#9822=CARTESIAN_POINT('Origin',(0.,0.27240157480315,0.));
#9823=CARTESIAN_POINT('Origin',(0.0705516148904692,0.27240157480315,-0.055712895248636));
#9824=CARTESIAN_POINT('',(0.0705516148904692,0.27240157480315,-0.055712895248636));
#9825=CARTESIAN_POINT('',(0.0705516148904692,0.27240157480315,-0.055712895248636));
#9826=CARTESIAN_POINT('',(0.0712193499332042,0.27240157480315,-0.055712895248636));
#9827=CARTESIAN_POINT('',(0.0705516148904692,0.27240157480315,-0.055712895248636));
#9828=CARTESIAN_POINT('',(0.0712193499332042,0.27240157480315,-0.055712895248636));
#9829=CARTESIAN_POINT('Origin',(0.0712193499332042,0.27240157480315,-0.055712895248636));
#9830=CARTESIAN_POINT('',(0.0952578114716658,0.27240157480315,-0.00362956191530266));
#9831=CARTESIAN_POINT('',(0.0712193499332042,0.27240157480315,-0.055712895248636));
#9832=CARTESIAN_POINT('',(0.0952578114716658,0.27240157480315,-0.00362956191530266));
#9833=CARTESIAN_POINT('Origin',(0.0952578114716658,0.27240157480315,-0.00362956191530266));
#9834=CARTESIAN_POINT('',(0.0901767651308538,0.27240157480315,-0.00362956191530266));
#9835=CARTESIAN_POINT('',(0.0952578114716658,0.27240157480315,-0.00362956191530266));
#9836=CARTESIAN_POINT('',(0.0901767651308538,0.27240157480315,-0.00362956191530266));
#9837=CARTESIAN_POINT('Origin',(0.0901767651308538,0.27240157480315,-0.00362956191530266));
#9838=CARTESIAN_POINT('',(0.0824769454193154,0.27240157480315,-0.0203229379836787));
#9839=CARTESIAN_POINT('',(0.0901767651308538,0.27240157480315,-0.00362956191530266));
#9840=CARTESIAN_POINT('',(0.0824769454193154,0.27240157480315,-0.0203229379836787));
#9841=CARTESIAN_POINT('Origin',(0.0824769454193154,0.27240157480315,-0.0203229379836787));
#9842=CARTESIAN_POINT('',(0.058866251642606,0.27240157480315,-0.0203229379836787));
#9843=CARTESIAN_POINT('',(0.0824769454193154,0.27240157480315,-0.0203229379836787));
#9844=CARTESIAN_POINT('',(0.058866251642606,0.27240157480315,-0.0203229379836787));
#9845=CARTESIAN_POINT('Origin',(0.058866251642606,0.27240157480315,-0.0203229379836787));
#9846=CARTESIAN_POINT('',(0.0509473313701701,0.27240157480315,-0.00362956191530266));
#9847=CARTESIAN_POINT('',(0.058866251642606,0.27240157480315,-0.0203229379836787));
#9848=CARTESIAN_POINT('',(0.0509473313701701,0.27240157480315,-0.00362956191530266));
#9849=CARTESIAN_POINT('Origin',(0.0509473313701701,0.27240157480315,-0.00362956191530266));
#9850=CARTESIAN_POINT('',(0.0458454183092726,0.27240157480315,-0.00362956191530266));
#9851=CARTESIAN_POINT('',(0.0509473313701701,0.27240157480315,-0.00362956191530266));
#9852=CARTESIAN_POINT('',(0.0458454183092726,0.27240157480315,-0.00362956191530266));
#9853=CARTESIAN_POINT('Origin',(0.0458454183092726,0.27240157480315,-0.00362956191530266));
#9854=CARTESIAN_POINT('',(0.0458454183092726,0.27240157480315,-0.00362956191530266));
#9855=CARTESIAN_POINT('Origin',(0.,0.27240157480315,0.));
#9856=CARTESIAN_POINT('',(0.0614015581329906,0.27240157480315,-0.0256648183255591));
#9857=CARTESIAN_POINT('',(0.0800146724492299,0.27240157480315,-0.0256648183255591));
#9858=CARTESIAN_POINT('',(0.0614015581329906,0.27240157480315,-0.0256648183255591));
#9859=CARTESIAN_POINT('',(0.070833315611623,0.27240157480315,-0.0455612359270548));
#9860=CARTESIAN_POINT('',(0.070833315611623,0.27240157480315,-0.0455612359270548));
#9861=CARTESIAN_POINT('',(0.0800146724492299,0.27240157480315,-0.0256648183255591));
#9862=CARTESIAN_POINT('Origin',(0.0800146724492299,0.27240157480315,-0.0256648183255591));
#9863=CARTESIAN_POINT('',(0.0800146724492299,0.27244094488189,-0.0256648183255591));
#9864=CARTESIAN_POINT('',(0.070833315611623,0.27244094488189,-0.0455612359270548));
#9865=CARTESIAN_POINT('',(0.0800146724492299,0.27244094488189,-0.0256648183255591));
#9866=CARTESIAN_POINT('',(0.0800146724492299,0.27240157480315,-0.0256648183255591));
#9867=CARTESIAN_POINT('',(0.070833315611623,0.27240157480315,-0.0455612359270548));
#9868=CARTESIAN_POINT('Origin',(0.0614015581329906,0.27240157480315,-0.0256648183255591));
#9869=CARTESIAN_POINT('',(0.0614015581329905,0.27244094488189,-0.0256648183255591));
#9870=CARTESIAN_POINT('',(0.0614015581329906,0.27244094488189,-0.0256648183255591));
#9871=CARTESIAN_POINT('',(0.0614015581329906,0.27240157480315,-0.0256648183255591));
#9872=CARTESIAN_POINT('Origin',(0.070833315611623,0.27240157480315,-0.0455612359270548));
#9873=CARTESIAN_POINT('',(0.070833315611623,0.27244094488189,-0.0455612359270548));
#9874=CARTESIAN_POINT('Origin',(-0.32007874015748,0.27244094488189,-0.425));
#9875=CARTESIAN_POINT('Origin',(0.0999319567708111,0.27240157480315,-0.0209906730264138));
#9876=CARTESIAN_POINT('',(0.0999319567708111,0.27240157480315,-0.0209906730264138));
#9877=CARTESIAN_POINT('',(0.0999319567708111,0.27240157480315,-0.0209906730264138));
#9878=CARTESIAN_POINT('',(0.0999319567708111,0.27240157480315,-0.0263325533682941));
#9879=CARTESIAN_POINT('',(0.0999319567708111,0.27240157480315,-0.0209906730264138));
#9880=CARTESIAN_POINT('',(0.0999319567708111,0.27240157480315,-0.0263325533682941));
#9881=CARTESIAN_POINT('Origin',(0.0999319567708111,0.27240157480315,-0.0263325533682941));
#9882=CARTESIAN_POINT('',(0.119964008052862,0.27240157480315,-0.0263325533682941));
#9883=CARTESIAN_POINT('',(0.0999319567708111,0.27240157480315,-0.0263325533682941));
#9884=CARTESIAN_POINT('',(0.119964008052862,0.27240157480315,-0.0263325533682941));
#9885=CARTESIAN_POINT('Origin',(0.119964008052862,0.27240157480315,-0.0263325533682941));
#9886=CARTESIAN_POINT('',(0.119964008052862,0.27240157480315,-0.0209906730264138));
#9887=CARTESIAN_POINT('',(0.119964008052862,0.27240157480315,-0.0263325533682941));
#9888=CARTESIAN_POINT('',(0.119964008052862,0.27240157480315,-0.0209906730264138));
#9889=CARTESIAN_POINT('Origin',(0.119964008052862,0.27240157480315,-0.0209906730264138));
#9890=CARTESIAN_POINT('',(0.119964008052862,0.27240157480315,-0.0209906730264138));
#9891=CARTESIAN_POINT('Origin',(0.,0.27240157480315,0.));
#9892=CARTESIAN_POINT('Origin',(0.130679068816751,0.27240157480315,-0.00362956191530266));
#9893=CARTESIAN_POINT('',(0.130679068816751,0.27240157480315,-0.00362956191530266));
#9894=CARTESIAN_POINT('',(0.130679068816751,0.27240157480315,-0.00362956191530266));
#9895=CARTESIAN_POINT('',(0.125973623437478,0.27240157480315,-0.00362956191530266));
#9896=CARTESIAN_POINT('',(0.130679068816751,0.27240157480315,-0.00362956191530266));
#9897=CARTESIAN_POINT('',(0.125973623437478,0.27240157480315,-0.00362956191530266));
#9898=CARTESIAN_POINT('Origin',(0.125973623437478,0.27240157480315,-0.00362956191530266));
#9899=CARTESIAN_POINT('',(0.13284920770564,0.27240157480315,-0.055712895248636));
#9900=CARTESIAN_POINT('',(0.125973623437478,0.27240157480315,-0.00362956191530266));
#9901=CARTESIAN_POINT('',(0.13284920770564,0.27240157480315,-0.055712895248636));
#9902=CARTESIAN_POINT('Origin',(0.13284920770564,0.27240157480315,-0.055712895248636));
#9903=CARTESIAN_POINT('',(0.133516942748375,0.27240157480315,-0.055712895248636));
#9904=CARTESIAN_POINT('',(0.13284920770564,0.27240157480315,-0.055712895248636));
#9905=CARTESIAN_POINT('',(0.133516942748375,0.27240157480315,-0.055712895248636));
#9906=CARTESIAN_POINT('Origin',(0.133516942748375,0.27240157480315,-0.055712895248636));
#9907=CARTESIAN_POINT('',(0.155020097796452,0.27240157480315,-0.0129778525135933));
#9908=CARTESIAN_POINT('',(0.133516942748375,0.27240157480315,-0.055712895248636));
#9909=CARTESIAN_POINT('',(0.155020097796452,0.27240157480315,-0.0129778525135933));
#9910=CARTESIAN_POINT('Origin',(0.155020097796452,0.27240157480315,-0.0129778525135933));
#9911=CARTESIAN_POINT('',(0.176471086044315,0.27240157480315,-0.055712895248636));
#9912=CARTESIAN_POINT('',(0.155020097796452,0.27240157480315,-0.0129778525135933));
#9913=CARTESIAN_POINT('',(0.176471086044315,0.27240157480315,-0.055712895248636));
#9914=CARTESIAN_POINT('Origin',(0.176471086044315,0.27240157480315,-0.055712895248636));
#9915=CARTESIAN_POINT('',(0.177149254447093,0.27240157480315,-0.055712895248636));
#9916=CARTESIAN_POINT('',(0.176471086044315,0.27240157480315,-0.055712895248636));
#9917=CARTESIAN_POINT('',(0.177149254447093,0.27240157480315,-0.055712895248636));
#9918=CARTESIAN_POINT('Origin',(0.177149254447093,0.27240157480315,-0.055712895248636));
#9919=CARTESIAN_POINT('',(0.184066572155426,0.27240157480315,-0.00362956191530266));
#9920=CARTESIAN_POINT('',(0.177149254447093,0.27240157480315,-0.055712895248636));
#9921=CARTESIAN_POINT('',(0.184066572155426,0.27240157480315,-0.00362956191530266));
#9922=CARTESIAN_POINT('Origin',(0.184066572155426,0.27240157480315,-0.00362956191530266));
#9923=CARTESIAN_POINT('',(0.179371560136196,0.27240157480315,-0.00362956191530266));
#9924=CARTESIAN_POINT('',(0.184066572155426,0.27240157480315,-0.00362956191530266));
#9925=CARTESIAN_POINT('',(0.179371560136196,0.27240157480315,-0.00362956191530266));
#9926=CARTESIAN_POINT('Origin',(0.179371560136196,0.27240157480315,-0.00362956191530266));
#9927=CARTESIAN_POINT('',(0.174384414035768,0.27240157480315,-0.0411061911888069));
#9928=CARTESIAN_POINT('',(0.179371560136196,0.27240157480315,-0.00362956191530266));
#9929=CARTESIAN_POINT('',(0.174384414035768,0.27240157480315,-0.0411061911888069));
#9930=CARTESIAN_POINT('Origin',(0.174384414035768,0.27240157480315,-0.0411061911888069));
#9931=CARTESIAN_POINT('',(0.15558349923876,0.27240157480315,-0.00362956191530266));
#9932=CARTESIAN_POINT('',(0.174384414035768,0.27240157480315,-0.0411061911888069));
#9933=CARTESIAN_POINT('',(0.15558349923876,0.27240157480315,-0.00362956191530266));
#9934=CARTESIAN_POINT('Origin',(0.15558349923876,0.27240157480315,-0.00362956191530266));
#9935=CARTESIAN_POINT('',(0.154529729874444,0.27240157480315,-0.00362956191530266));
#9936=CARTESIAN_POINT('',(0.15558349923876,0.27240157480315,-0.00362956191530266));
#9937=CARTESIAN_POINT('',(0.154529729874444,0.27240157480315,-0.00362956191530266));
#9938=CARTESIAN_POINT('Origin',(0.154529729874444,0.27240157480315,-0.00362956191530266));
#9939=CARTESIAN_POINT('',(0.135655781557136,0.27240157480315,-0.0411896580691488));
#9940=CARTESIAN_POINT('',(0.154529729874444,0.27240157480315,-0.00362956191530266));
#9941=CARTESIAN_POINT('',(0.135655781557136,0.27240157480315,-0.0411896580691488));
#9942=CARTESIAN_POINT('Origin',(0.135655781557136,0.27240157480315,-0.0411896580691488));
#9943=CARTESIAN_POINT('',(0.135655781557136,0.27240157480315,-0.0411896580691488));
#9944=CARTESIAN_POINT('Origin',(0.,0.27240157480315,0.));
#9945=CARTESIAN_POINT('Origin',(0.215450119163973,0.27240157480315,-0.055712895248636));
#9946=CARTESIAN_POINT('',(0.215450119163973,0.27240157480315,-0.055712895248636));
#9947=CARTESIAN_POINT('',(0.215450119163973,0.27240157480315,-0.055712895248636));
#9948=CARTESIAN_POINT('',(0.216117854206709,0.27240157480315,-0.055712895248636));
#9949=CARTESIAN_POINT('',(0.215450119163973,0.27240157480315,-0.055712895248636));
#9950=CARTESIAN_POINT('',(0.216117854206709,0.27240157480315,-0.055712895248636));
#9951=CARTESIAN_POINT('Origin',(0.216117854206709,0.27240157480315,-0.055712895248636));
#9952=CARTESIAN_POINT('',(0.24015631574517,0.27240157480315,-0.00362956191530266));
#9953=CARTESIAN_POINT('',(0.216117854206709,0.27240157480315,-0.055712895248636));
#9954=CARTESIAN_POINT('',(0.24015631574517,0.27240157480315,-0.00362956191530266));
#9955=CARTESIAN_POINT('Origin',(0.24015631574517,0.27240157480315,-0.00362956191530266));
#9956=CARTESIAN_POINT('',(0.235075269404358,0.27240157480315,-0.00362956191530266));
#9957=CARTESIAN_POINT('',(0.24015631574517,0.27240157480315,-0.00362956191530266));
#9958=CARTESIAN_POINT('',(0.235075269404358,0.27240157480315,-0.00362956191530266));
#9959=CARTESIAN_POINT('Origin',(0.235075269404358,0.27240157480315,-0.00362956191530266));
#9960=CARTESIAN_POINT('',(0.22737544969282,0.27240157480315,-0.0203229379836787));
#9961=CARTESIAN_POINT('',(0.235075269404358,0.27240157480315,-0.00362956191530266));
#9962=CARTESIAN_POINT('',(0.22737544969282,0.27240157480315,-0.0203229379836787));
#9963=CARTESIAN_POINT('Origin',(0.22737544969282,0.27240157480315,-0.0203229379836787));
#9964=CARTESIAN_POINT('',(0.20376475591611,0.27240157480315,-0.0203229379836787));
#9965=CARTESIAN_POINT('',(0.22737544969282,0.27240157480315,-0.0203229379836787));
#9966=CARTESIAN_POINT('',(0.20376475591611,0.27240157480315,-0.0203229379836787));
#9967=CARTESIAN_POINT('Origin',(0.20376475591611,0.27240157480315,-0.0203229379836787));
#9968=CARTESIAN_POINT('',(0.195845835643674,0.27240157480315,-0.00362956191530266));
#9969=CARTESIAN_POINT('',(0.20376475591611,0.27240157480315,-0.0203229379836787));
#9970=CARTESIAN_POINT('',(0.195845835643674,0.27240157480315,-0.00362956191530266));
#9971=CARTESIAN_POINT('Origin',(0.195845835643674,0.27240157480315,-0.00362956191530266));
#9972=CARTESIAN_POINT('',(0.190743922582777,0.27240157480315,-0.00362956191530266));
#9973=CARTESIAN_POINT('',(0.195845835643674,0.27240157480315,-0.00362956191530266));
#9974=CARTESIAN_POINT('',(0.190743922582777,0.27240157480315,-0.00362956191530266));
#9975=CARTESIAN_POINT('Origin',(0.190743922582777,0.27240157480315,-0.00362956191530266));
#9976=CARTESIAN_POINT('',(0.190743922582777,0.27240157480315,-0.00362956191530266));
#9977=CARTESIAN_POINT('Origin',(0.,0.27240157480315,0.));
#9978=CARTESIAN_POINT('',(0.206300062406495,0.27240157480315,-0.0256648183255591));
#9979=CARTESIAN_POINT('',(0.224913176722734,0.27240157480315,-0.0256648183255591));
#9980=CARTESIAN_POINT('',(0.206300062406495,0.27240157480315,-0.0256648183255591));
#9981=CARTESIAN_POINT('',(0.215731819885127,0.27240157480315,-0.0455612359270548));
#9982=CARTESIAN_POINT('',(0.215731819885127,0.27240157480315,-0.0455612359270548));
#9983=CARTESIAN_POINT('',(0.224913176722734,0.27240157480315,-0.0256648183255591));
#9984=CARTESIAN_POINT('Origin',(0.224913176722734,0.27240157480315,-0.0256648183255591));
#9985=CARTESIAN_POINT('',(0.224913176722734,0.27244094488189,-0.0256648183255591));
#9986=CARTESIAN_POINT('',(0.215731819885127,0.27244094488189,-0.0455612359270548));
#9987=CARTESIAN_POINT('',(0.224913176722734,0.27244094488189,-0.0256648183255591));
#9988=CARTESIAN_POINT('',(0.224913176722734,0.27240157480315,-0.0256648183255591));
#9989=CARTESIAN_POINT('',(0.215731819885127,0.27240157480315,-0.0455612359270548));
#9990=CARTESIAN_POINT('Origin',(0.206300062406495,0.27240157480315,-0.0256648183255591));
#9991=CARTESIAN_POINT('',(0.206300062406495,0.27244094488189,-0.0256648183255591));
#9992=CARTESIAN_POINT('',(0.206300062406495,0.27244094488189,-0.0256648183255591));
#9993=CARTESIAN_POINT('',(0.206300062406495,0.27240157480315,-0.0256648183255591));
#9994=CARTESIAN_POINT('Origin',(0.215731819885127,0.27240157480315,-0.0455612359270548));
#9995=CARTESIAN_POINT('',(0.215731819885127,0.27244094488189,-0.0455612359270548));
#9996=CARTESIAN_POINT('Origin',(-0.32007874015748,0.27244094488189,-0.425));
#9997=CARTESIAN_POINT('Origin',(0.218110236220472,-0.27244094488189,-0.245275590551181));
#9998=CARTESIAN_POINT('',(0.218110236220472,-0.40236220472441,-0.262992125984252));
#9999=CARTESIAN_POINT('',(0.218110236220472,-0.27244094488189,-0.262992125984252));
#10000=CARTESIAN_POINT('',(0.218110236220472,-0.40236220472441,-0.245275590551181));
#10001=CARTESIAN_POINT('',(0.218110236220472,-0.40236220472441,-0.245275590551181));
#10002=CARTESIAN_POINT('',(0.218110236220472,-0.27244094488189,-0.245275590551181));
#10003=CARTESIAN_POINT('Origin',(0.218110236220472,-0.40236220472441,-0.245275590551181));
#10004=CARTESIAN_POINT('',(0.231889763779528,-0.40236220472441,-0.262992125984252));
#10005=CARTESIAN_POINT('',(0.218110236220472,-0.40236220472441,-0.262992125984252));
#10006=CARTESIAN_POINT('',(0.231889763779528,-0.40236220472441,-0.245275590551181));
#10007=CARTESIAN_POINT('',(0.231889763779528,-0.40236220472441,-0.245275590551181));
#10008=CARTESIAN_POINT('',(0.218110236220472,-0.40236220472441,-0.245275590551181));
#10009=CARTESIAN_POINT('Origin',(0.231889763779528,-0.27244094488189,-0.245275590551181));
#10010=CARTESIAN_POINT('',(0.231889763779528,-0.27244094488189,-0.262992125984252));
#10011=CARTESIAN_POINT('',(0.231889763779528,-0.27244094488189,-0.245275590551181));
#10012=CARTESIAN_POINT('Origin',(0.,0.,-0.245275590551181));
#10013=CARTESIAN_POINT('Origin',(0.,0.,-0.262992125984252));
#10014=CARTESIAN_POINT('Origin',(0.0181102362204724,-0.27244094488189,-0.245275590551181));
#10015=CARTESIAN_POINT('',(0.0181102362204725,-0.40236220472441,-0.262992125984252));
#10016=CARTESIAN_POINT('',(0.0181102362204724,-0.27244094488189,-0.262992125984252));
#10017=CARTESIAN_POINT('',(0.0181102362204725,-0.40236220472441,-0.245275590551181));
#10018=CARTESIAN_POINT('',(0.0181102362204725,-0.40236220472441,-0.245275590551181));
#10019=CARTESIAN_POINT('',(0.0181102362204724,-0.27244094488189,-0.245275590551181));
#10020=CARTESIAN_POINT('Origin',(0.0181102362204725,-0.40236220472441,-0.245275590551181));
#10021=CARTESIAN_POINT('',(0.0318897637795276,-0.40236220472441,-0.262992125984252));
#10022=CARTESIAN_POINT('',(0.0181102362204725,-0.40236220472441,-0.262992125984252));
#10023=CARTESIAN_POINT('',(0.0318897637795276,-0.40236220472441,-0.245275590551181));
#10024=CARTESIAN_POINT('',(0.0318897637795276,-0.40236220472441,-0.245275590551181));
#10025=CARTESIAN_POINT('',(0.0181102362204725,-0.40236220472441,-0.245275590551181));
#10026=CARTESIAN_POINT('Origin',(0.0318897637795276,-0.27244094488189,-0.245275590551181));
#10027=CARTESIAN_POINT('',(0.0318897637795276,-0.27244094488189,-0.262992125984252));
#10028=CARTESIAN_POINT('',(0.0318897637795276,-0.27244094488189,-0.245275590551181));
#10029=CARTESIAN_POINT('Origin',(-0.2,0.,-0.245275590551181));
#10030=CARTESIAN_POINT('Origin',(-0.2,0.,-0.262992125984252));
#10031=CARTESIAN_POINT('Origin',(-0.0818897637795276,-0.27244094488189,
-0.245275590551181));
#10032=CARTESIAN_POINT('',(-0.0818897637795275,-0.40236220472441,-0.262992125984252));
#10033=CARTESIAN_POINT('',(-0.0818897637795276,-0.27244094488189,-0.262992125984252));
#10034=CARTESIAN_POINT('',(-0.0818897637795275,-0.40236220472441,-0.245275590551181));
#10035=CARTESIAN_POINT('',(-0.0818897637795275,-0.40236220472441,-0.245275590551181));
#10036=CARTESIAN_POINT('',(-0.0818897637795276,-0.27244094488189,-0.245275590551181));
#10037=CARTESIAN_POINT('Origin',(-0.0818897637795275,-0.40236220472441,
-0.245275590551181));
#10038=CARTESIAN_POINT('',(-0.0681102362204724,-0.40236220472441,-0.262992125984252));
#10039=CARTESIAN_POINT('',(-0.0818897637795275,-0.40236220472441,-0.262992125984252));
#10040=CARTESIAN_POINT('',(-0.0681102362204724,-0.40236220472441,-0.245275590551181));
#10041=CARTESIAN_POINT('',(-0.0681102362204724,-0.40236220472441,-0.245275590551181));
#10042=CARTESIAN_POINT('',(-0.0818897637795275,-0.40236220472441,-0.245275590551181));
#10043=CARTESIAN_POINT('Origin',(-0.0681102362204724,-0.27244094488189,
-0.245275590551181));
#10044=CARTESIAN_POINT('',(-0.0681102362204724,-0.27244094488189,-0.262992125984252));
#10045=CARTESIAN_POINT('',(-0.0681102362204724,-0.27244094488189,-0.245275590551181));
#10046=CARTESIAN_POINT('Origin',(-0.3,0.,-0.245275590551181));
#10047=CARTESIAN_POINT('Origin',(-0.3,0.,-0.262992125984252));
#10048=CARTESIAN_POINT('Origin',(-0.181889763779528,-0.27244094488189,-0.245275590551181));
#10049=CARTESIAN_POINT('',(-0.181889763779528,-0.40236220472441,-0.262992125984252));
#10050=CARTESIAN_POINT('',(-0.181889763779528,-0.27244094488189,-0.262992125984252));
#10051=CARTESIAN_POINT('',(-0.181889763779528,-0.40236220472441,-0.245275590551181));
#10052=CARTESIAN_POINT('',(-0.181889763779528,-0.40236220472441,-0.245275590551181));
#10053=CARTESIAN_POINT('',(-0.181889763779528,-0.27244094488189,-0.245275590551181));
#10054=CARTESIAN_POINT('Origin',(-0.181889763779528,-0.40236220472441,-0.245275590551181));
#10055=CARTESIAN_POINT('',(-0.168110236220472,-0.40236220472441,-0.262992125984252));
#10056=CARTESIAN_POINT('',(-0.181889763779528,-0.40236220472441,-0.262992125984252));
#10057=CARTESIAN_POINT('',(-0.168110236220472,-0.40236220472441,-0.245275590551181));
#10058=CARTESIAN_POINT('',(-0.168110236220472,-0.40236220472441,-0.245275590551181));
#10059=CARTESIAN_POINT('',(-0.181889763779528,-0.40236220472441,-0.245275590551181));
#10060=CARTESIAN_POINT('Origin',(-0.168110236220472,-0.27244094488189,-0.245275590551181));
#10061=CARTESIAN_POINT('',(-0.168110236220472,-0.27244094488189,-0.262992125984252));
#10062=CARTESIAN_POINT('',(-0.168110236220472,-0.27244094488189,-0.245275590551181));
#10063=CARTESIAN_POINT('Origin',(-0.4,0.,-0.245275590551181));
#10064=CARTESIAN_POINT('Origin',(-0.4,0.,-0.262992125984252));
#10065=CARTESIAN_POINT('Origin',(0.14653139321658,0.357838185618233,0.0345340878644211));
#10066=CARTESIAN_POINT('Ctrl Pts',(0.15748031496063,0.359222532145121,0.0359335850753897));
#10067=CARTESIAN_POINT('Ctrl Pts',(0.161119154074704,0.359222532145121,
0.0359335850753897));
#10068=CARTESIAN_POINT('Ctrl Pts',(0.164757993188778,0.359222532145121,
0.0359335850753899));
#10069=CARTESIAN_POINT('Ctrl Pts',(0.168511175634815,0.359222532145121,
0.0359335850753899));
#10070=CARTESIAN_POINT('Ctrl Pts',(0.168732747953767,0.359222532145121,
0.0359335850753897));
#10071=CARTESIAN_POINT('Ctrl Pts',(0.169199925736933,0.359127527900417,
0.0358375410770765));
#10072=CARTESIAN_POINT('Ctrl Pts',(0.169390478300806,0.359059202367327,
0.0357684677698227));
#10073=CARTESIAN_POINT('Ctrl Pts',(0.169783385272974,0.358848990613703,
0.0355559553986821));
#10074=CARTESIAN_POINT('Ctrl Pts',(0.16998358722265,0.358687577461298,0.0353927756946002));
#10075=CARTESIAN_POINT('Ctrl Pts',(0.170247658937267,0.358377978420124,
0.0350797883130262));
#10076=CARTESIAN_POINT('Ctrl Pts',(0.170337208464878,0.358229795931035,
0.0349299840724218));
#10077=CARTESIAN_POINT('Ctrl Pts',(0.170425726831347,0.357939250211303,
0.0346362585372853));
#10078=CARTESIAN_POINT('Ctrl Pts',(0.170433894863511,0.357795538054383,
0.0344909735534428));
#10079=CARTESIAN_POINT('Ctrl Pts',(0.170340457424743,0.357449033069321,
0.0341406763187816));
#10080=CARTESIAN_POINT('Ctrl Pts',(0.170229114065425,0.357268293182212,
0.0339579583626871));
#10081=CARTESIAN_POINT('Ctrl Pts',(0.169978522972402,0.356993775104839,
0.03368043588101));
#10082=CARTESIAN_POINT('Ctrl Pts',(0.169807995976834,0.35683693269187,0.0335218769398427));
#10083=CARTESIAN_POINT('Ctrl Pts',(0.169374146148364,0.356609004938269,
0.0332914546797572));
#10084=CARTESIAN_POINT('Ctrl Pts',(0.169162990937843,0.356538676662506,
0.0332203567112419));
#10085=CARTESIAN_POINT('Ctrl Pts',(0.168692563740947,0.356453839091345,
0.0331345906534526));
#10086=CARTESIAN_POINT('Ctrl Pts',(0.168492653783924,0.356453839091345,
0.0331345906534526));
#10087=CARTESIAN_POINT('Ctrl Pts',(0.164345492314094,0.356453839091345,
0.0331345906534526));
#10088=CARTESIAN_POINT('Ctrl Pts',(0.160913100487755,0.356453839091345,
0.0331345906534526));
#10089=CARTESIAN_POINT('Ctrl Pts',(0.15748031496063,0.356453839091345,0.0331345906534526));
#10090=CARTESIAN_POINT('Ctrl Pts',(0.15748031496063,0.27244094488189,0.335955277352712));
#10091=CARTESIAN_POINT('Ctrl Pts',(0.15748031496063,0.300684982867112,0.311690007326081));
#10092=CARTESIAN_POINT('Ctrl Pts',(0.15748031496063,0.309542644328539,0.265463794231054));
#10093=CARTESIAN_POINT('Ctrl Pts',(0.15748031496063,0.320627496995059,0.140452334212446));
#10094=CARTESIAN_POINT('Ctrl Pts',(0.15748031496063,0.323531184841235,0.0661213526083473));
#10095=CARTESIAN_POINT('Ctrl Pts',(0.15748031496063,0.356453839091345,0.0331345906534526));
#10096=CARTESIAN_POINT('Ctrl Pts',(0.153051181102362,0.27244094488189,0.335955277352712));
#10097=CARTESIAN_POINT('Ctrl Pts',(0.153854782899571,0.300684982867112,
0.311690007326081));
#10098=CARTESIAN_POINT('Ctrl Pts',(0.154659079292782,0.309542644328539,
0.265463794231054));
#10099=CARTESIAN_POINT('Ctrl Pts',(0.155802027830026,0.320627496995059,
0.140452334212446));
#10100=CARTESIAN_POINT('Ctrl Pts',(0.156185153979482,0.323531184841235,
0.0661213526083473));
#10101=CARTESIAN_POINT('Ctrl Pts',(0.156567904815292,0.356453839091345,
0.0331345906534526));
#10102=CARTESIAN_POINT('Ctrl Pts',(0.143926316848481,0.27244094488189,0.335955277352712));
#10103=CARTESIAN_POINT('Ctrl Pts',(0.146404798059677,0.300684982867112,
0.311690007326082));
#10104=CARTESIAN_POINT('Ctrl Pts',(0.148885421554706,0.30954264432854,0.265463794231055));
#10105=CARTESIAN_POINT('Ctrl Pts',(0.15242530164456,0.32062749699506,0.140452334212446));
#10106=CARTESIAN_POINT('Ctrl Pts',(0.153619975426747,0.323531184841236,
0.0661213526083475));
#10107=CARTESIAN_POINT('Ctrl Pts',(0.154813478896306,0.356453839091346,
0.0331345906534526));
#10108=CARTESIAN_POINT('Ctrl Pts',(0.130025526632994,0.27244094488189,0.335955277352711));
#10109=CARTESIAN_POINT('Ctrl Pts',(0.135071940861331,0.300684982867112,
0.311690007326081));
#10110=CARTESIAN_POINT('Ctrl Pts',(0.140122716975309,0.309542644328539,
0.265463794231054));
#10111=CARTESIAN_POINT('Ctrl Pts',(0.147344747759141,0.320627496995059,
0.140452334212446));
#10112=CARTESIAN_POINT('Ctrl Pts',(0.14979000580617,0.323531184841235,0.0661213526083473));
#10113=CARTESIAN_POINT('Ctrl Pts',(0.152232868457556,0.356453839091344,
0.0331345906534526));
#10114=CARTESIAN_POINT('Ctrl Pts',(0.116604691028982,0.27244094488189,0.335955277352712));
#10115=CARTESIAN_POINT('Ctrl Pts',(0.124087872931715,0.300684982867112,
0.311690007326081));
#10116=CARTESIAN_POINT('Ctrl Pts',(0.131577522948683,0.309542644328539,
0.265463794231054));
#10117=CARTESIAN_POINT('Ctrl Pts',(0.142297733940785,0.32062749699506,0.140452334212446));
#10118=CARTESIAN_POINT('Ctrl Pts',(0.145933319409372,0.323531184841236,
0.0661213526083474));
#10119=CARTESIAN_POINT('Ctrl Pts',(0.14956534342742,0.356453839091346,0.0331345906534526));
#10120=CARTESIAN_POINT('Ctrl Pts',(0.108296133535893,0.27244094488189,0.335955277352712));
#10121=CARTESIAN_POINT('Ctrl Pts',(0.117243934149566,0.300684982867112,
0.311690007326081));
#10122=CARTESIAN_POINT('Ctrl Pts',(0.126199468825737,0.309542644328539,
0.265463794231054));
#10123=CARTESIAN_POINT('Ctrl Pts',(0.1389859375562,0.320627496995059,0.140452334212446));
#10124=CARTESIAN_POINT('Ctrl Pts',(0.143304947522187,0.323531184841235,
0.0661213526083474));
#10125=CARTESIAN_POINT('Ctrl Pts',(0.147619726549167,0.356453839091345,
0.0331345906534526));
#10126=CARTESIAN_POINT('Ctrl Pts',(0.103712339330264,0.27244094488189,0.335955277352711));
#10127=CARTESIAN_POINT('Ctrl Pts',(0.113464005011364,0.300684982867112,
0.311690007326081));
#10128=CARTESIAN_POINT('Ctrl Pts',(0.12322409957852,0.309542644328539,0.265463794231054));
#10129=CARTESIAN_POINT('Ctrl Pts',(0.137084337059085,0.320627496995059,
0.140452334212446));
#10130=CARTESIAN_POINT('Ctrl Pts',(0.141725280807968,0.323531184841235,
0.0661213526083473));
#10131=CARTESIAN_POINT('Ctrl Pts',(0.146361678248765,0.356453839091345,
0.0331345906534526));
#10132=CARTESIAN_POINT('Ctrl Pts',(0.102852392514413,0.272440944881889,
0.336270115023779));
#10133=CARTESIAN_POINT('Ctrl Pts',(0.112710115690566,0.300756345806482,
0.311869225860597));
#10134=CARTESIAN_POINT('Ctrl Pts',(0.12257635942394,0.309685431890084,0.265507276406146));
#10135=CARTESIAN_POINT('Ctrl Pts',(0.136585431839809,0.320768706307844,
0.140413896961314));
#10136=CARTESIAN_POINT('Ctrl Pts',(0.141275168802392,0.32361554667273,0.0661160861163932));
#10137=CARTESIAN_POINT('Ctrl Pts',(0.14596031165864,0.356481409129828,0.0331624624263175));
#10138=CARTESIAN_POINT('Ctrl Pts',(0.101695072649411,0.27244094488189,0.337258964214908));
#10139=CARTESIAN_POINT('Ctrl Pts',(0.111702372509157,0.301068804419191,
0.31241027952843));
#10140=CARTESIAN_POINT('Ctrl Pts',(0.121718322213249,0.310310619190187,
0.26560014749707));
#10141=CARTESIAN_POINT('Ctrl Pts',(0.135803631062156,0.321452567496892,
0.140331800812558));
#10142=CARTESIAN_POINT('Ctrl Pts',(0.140444340824461,0.324108322299879,
0.0662277234761407));
#10143=CARTESIAN_POINT('Ctrl Pts',(0.145080504507894,0.356783286384124,
0.0334676435115709));
#10144=CARTESIAN_POINT('Ctrl Pts',(0.101183027282778,0.272440944881889,
0.338874959124645));
#10145=CARTESIAN_POINT('Ctrl Pts',(0.111277539367788,0.301560653392176,
0.313233357174104));
#10146=CARTESIAN_POINT('Ctrl Pts',(0.121380776679333,0.311294742267524,
0.265629622517893));
#10147=CARTESIAN_POINT('Ctrl Pts',(0.13530273019863,0.322753733750363,0.140305744580549));
#10148=CARTESIAN_POINT('Ctrl Pts',(0.139731655950447,0.325306772963196,
0.0667688876037338));
#10149=CARTESIAN_POINT('Ctrl Pts',(0.144156243088816,0.357879122078355,
0.0345754723448631));
#10150=CARTESIAN_POINT('Ctrl Pts',(0.10166121411278,0.272440944881891,0.340509385225518));
#10151=CARTESIAN_POINT('Ctrl Pts',(0.111666211329938,0.302061919454563,
0.314071413787695));
#10152=CARTESIAN_POINT('Ctrl Pts',(0.121679856401143,0.312297707663357,
0.265670621299475));
#10153=CARTESIAN_POINT('Ctrl Pts',(0.13580522734834,0.324056788600229,0.140269501652529));
#10154=CARTESIAN_POINT('Ctrl Pts',(0.140483044590315,0.326484848078352,
0.0672834081702506));
#10155=CARTESIAN_POINT('Ctrl Pts',(0.145156279402614,0.358932339890016,
0.0356402168732987));
#10156=CARTESIAN_POINT('Ctrl Pts',(0.102815710806075,0.272440944881889,
0.341523272140927));
#10157=CARTESIAN_POINT('Ctrl Pts',(0.112675085447782,0.302387904113174,
0.314630145272822));
#10158=CARTESIAN_POINT('Ctrl Pts',(0.12254298207416,0.31294995874655,0.265773803939144));
#10159=CARTESIAN_POINT('Ctrl Pts',(0.13657973961911,0.32475409303006,0.140178290364725));
#10160=CARTESIAN_POINT('Ctrl Pts',(0.141292599989397,0.326968548209927,
0.0673745235197082));
#10161=CARTESIAN_POINT('Ctrl Pts',(0.14600084360146,0.359202644971928,0.0359134802512886));
#10162=CARTESIAN_POINT('Ctrl Pts',(0.103681061375694,0.27244094488189,0.341860789163735));
#10163=CARTESIAN_POINT('Ctrl Pts',(0.113440024037559,0.302463147928552,
0.314823254700944));
#10164=CARTESIAN_POINT('Ctrl Pts',(0.123207421892651,0.313100511414559,
0.265822380953374));
#10165=CARTESIAN_POINT('Ctrl Pts',(0.137082096383572,0.324899657516679,
0.140135349401976));
#10166=CARTESIAN_POINT('Ctrl Pts',(0.141730097084872,0.327051243246108,
0.0673631208979979));
#10167=CARTESIAN_POINT('Ctrl Pts',(0.146373544565034,0.359222532145121,
0.0359335850753896));
#10168=CARTESIAN_POINT('Ctrl Pts',(0.112662711484521,0.27244094488189,0.341860789163735));
#10169=CARTESIAN_POINT('Ctrl Pts',(0.120821504262632,0.302463147928552,
0.314823254700944));
#10170=CARTESIAN_POINT('Ctrl Pts',(0.128987349121582,0.313100511414559,
0.265822380953374));
#10171=CARTESIAN_POINT('Ctrl Pts',(0.140659743335741,0.324899657516679,
0.140135349401976));
#10172=CARTESIAN_POINT('Ctrl Pts',(0.144609741057219,0.327051243246108,
0.0673631208979979));
#10173=CARTESIAN_POINT('Ctrl Pts',(0.148555869327234,0.359222532145121,
0.0359335850753896));
#10174=CARTESIAN_POINT('Ctrl Pts',(0.13004213122588,0.27244094488189,0.341860789163735));
#10175=CARTESIAN_POINT('Ctrl Pts',(0.135077240673745,0.302463147928553,
0.314823254700944));
#10176=CARTESIAN_POINT('Ctrl Pts',(0.140116702235928,0.31310051141456,0.265822380953374));
#10177=CARTESIAN_POINT('Ctrl Pts',(0.147345027731721,0.324899657516679,
0.140135349401976));
#10178=CARTESIAN_POINT('Ctrl Pts',(0.149804620036958,0.327051243246108,
0.067363120897998));
#10179=CARTESIAN_POINT('Ctrl Pts',(0.15226180290459,0.359222532145121,0.0359335850753896));
#10180=CARTESIAN_POINT('Ctrl Pts',(0.15748031496063,0.27244094488189,0.341860789163735));
#10181=CARTESIAN_POINT('Ctrl Pts',(0.15748031496063,0.302463147928552,0.314823254700944));
#10182=CARTESIAN_POINT('Ctrl Pts',(0.15748031496063,0.313100511414559,0.265822380953373));
#10183=CARTESIAN_POINT('Ctrl Pts',(0.15748031496063,0.324899657516679,0.140135349401975));
#10184=CARTESIAN_POINT('Ctrl Pts',(0.15748031496063,0.327051243246108,0.0673631208979978));
#10185=CARTESIAN_POINT('Ctrl Pts',(0.15748031496063,0.359222532145121,0.0359335850753896));
#10186=CARTESIAN_POINT('Ctrl Pts',(0.18491849869538,0.27244094488189,0.341860789163736));
#10187=CARTESIAN_POINT('Ctrl Pts',(0.179883389247514,0.302463147928553,
0.314823254700944));
#10188=CARTESIAN_POINT('Ctrl Pts',(0.174843927685332,0.31310051141456,0.265822380953374));
#10189=CARTESIAN_POINT('Ctrl Pts',(0.167615602189539,0.324899657516679,
0.140135349401976));
#10190=CARTESIAN_POINT('Ctrl Pts',(0.165156009884302,0.327051243246108,
0.067363120897998));
#10191=CARTESIAN_POINT('Ctrl Pts',(0.16269882701667,0.359222532145121,0.0359335850753896));
#10192=CARTESIAN_POINT('Ctrl Pts',(0.202297918436739,0.27244094488189,0.341860789163735));
#10193=CARTESIAN_POINT('Ctrl Pts',(0.194139125658627,0.302463147928552,
0.314823254700944));
#10194=CARTESIAN_POINT('Ctrl Pts',(0.185973280799678,0.313100511414559,
0.265822380953374));
#10195=CARTESIAN_POINT('Ctrl Pts',(0.174300886585519,0.324899657516679,
0.140135349401976));
#10196=CARTESIAN_POINT('Ctrl Pts',(0.17035088886404,0.327051243246108,0.0673631208979979));
#10197=CARTESIAN_POINT('Ctrl Pts',(0.166404760594026,0.359222532145121,
0.0359335850753896));
#10198=CARTESIAN_POINT('Ctrl Pts',(0.211279568545566,0.27244094488189,0.341860789163735));
#10199=CARTESIAN_POINT('Ctrl Pts',(0.201520605883701,0.302463147928552,
0.314823254700944));
#10200=CARTESIAN_POINT('Ctrl Pts',(0.191753208028609,0.313100511414559,
0.265822380953374));
#10201=CARTESIAN_POINT('Ctrl Pts',(0.177878533537688,0.324899657516679,
0.140135349401976));
#10202=CARTESIAN_POINT('Ctrl Pts',(0.173230532836388,0.327051243246108,
0.0673631208979979));
#10203=CARTESIAN_POINT('Ctrl Pts',(0.168587085356226,0.359222532145121,
0.0359335850753896));
#10204=CARTESIAN_POINT('Ctrl Pts',(0.212144919115185,0.27244094488189,0.341523272140927));
#10205=CARTESIAN_POINT('Ctrl Pts',(0.202285510140589,0.302387919830864,
0.31463016116253));
#10206=CARTESIAN_POINT('Ctrl Pts',(0.192417579151647,0.312949990195515,
0.265773835732295));
#10207=CARTESIAN_POINT('Ctrl Pts',(0.178380951027013,0.324754065230053,
0.140178262260466));
#10208=CARTESIAN_POINT('Ctrl Pts',(0.17366823143166,0.326968455962773,0.067374430262975));
#10209=CARTESIAN_POINT('Ctrl Pts',(0.168960128456625,0.35920248834076,0.0359133219059049));
#10210=CARTESIAN_POINT('Ctrl Pts',(0.21329941580848,0.27244094488189,0.340509385225518));
#10211=CARTESIAN_POINT('Ctrl Pts',(0.203294320790637,0.302061946269264,
0.314071440895864));
#10212=CARTESIAN_POINT('Ctrl Pts',(0.193280577834211,0.312297761315936,
0.265670675539243));
#10213=CARTESIAN_POINT('Ctrl Pts',(0.179155575553801,0.324056741172846,
0.140269453706087));
#10214=CARTESIAN_POINT('Ctrl Pts',(0.174478159323382,0.326484690702814,
0.0672832490723496));
#10215=CARTESIAN_POINT('Ctrl Pts',(0.169805325129804,0.358932072674029,
0.0356399467328237));
#10216=CARTESIAN_POINT('Ctrl Pts',(0.213777602638482,0.272440944881889,
0.338874959124645));
#10217=CARTESIAN_POINT('Ctrl Pts',(0.203683190407126,0.301560499926591,
0.313233202028948));
#10218=CARTESIAN_POINT('Ctrl Pts',(0.193580053035543,0.311294435203705,
0.265629312093481));
#10219=CARTESIAN_POINT('Ctrl Pts',(0.179657723110646,0.322754005186211,
0.140306018987069));
#10220=CARTESIAN_POINT('Ctrl Pts',(0.175228387929501,0.325307673653045,
0.0667697981509911));
#10221=CARTESIAN_POINT('Ctrl Pts',(0.170803391762884,0.357880651405783,
0.0345770184096883));
#10222=CARTESIAN_POINT('Ctrl Pts',(0.213265557271849,0.27244094488189,0.337258964214908));
#10223=CARTESIAN_POINT('Ctrl Pts',(0.203258240346419,0.30106877586682,0.312410250663573));
#10224=CARTESIAN_POINT('Ctrl Pts',(0.193242273561891,0.310310562060765,
0.265600089742408));
#10225=CARTESIAN_POINT('Ctrl Pts',(0.179157029043321,0.321452617997708,
0.140331851866069));
#10226=CARTESIAN_POINT('Ctrl Pts',(0.174516389255337,0.324108489873809,
0.0662278928840478));
#10227=CARTESIAN_POINT('Ctrl Pts',(0.169880295477677,0.356783570916483,
0.0334679311579327));
#10228=CARTESIAN_POINT('Ctrl Pts',(0.212108237406846,0.27244094488189,0.336270115023779));
#10229=CARTESIAN_POINT('Ctrl Pts',(0.202250504118305,0.30075634491405,0.311869224958397));
#10230=CARTESIAN_POINT('Ctrl Pts',(0.192384250263803,0.309685430104449,
0.265507274600968));
#10231=CARTESIAN_POINT('Ctrl Pts',(0.178375215967315,0.320768707886297,
0.140413898557041));
#10232=CARTESIAN_POINT('Ctrl Pts',(0.173685520468495,0.323615551910417,
0.0661160914114025));
#10233=CARTESIAN_POINT('Ctrl Pts',(0.169000419035392,0.356481418023164,
0.0331624714169848));
#10234=CARTESIAN_POINT('Ctrl Pts',(0.211248290590996,0.27244094488189,0.335955277352711));
#10235=CARTESIAN_POINT('Ctrl Pts',(0.201496624909896,0.300684982867112,
0.311690007326081));
#10236=CARTESIAN_POINT('Ctrl Pts',(0.19173653034274,0.309542644328539,0.265463794231054));
#10237=CARTESIAN_POINT('Ctrl Pts',(0.177876292862175,0.320627496995059,
0.140452334212446));
#10238=CARTESIAN_POINT('Ctrl Pts',(0.173235349113291,0.323531184841235,
0.0661213526083473));
#10239=CARTESIAN_POINT('Ctrl Pts',(0.168598951672495,0.356453839091345,
0.0331345906534526));
#10240=CARTESIAN_POINT('Ctrl Pts',(0.206664496385367,0.27244094488189,0.335955277352712));
#10241=CARTESIAN_POINT('Ctrl Pts',(0.197716695771693,0.300684982867112,
0.311690007326081));
#10242=CARTESIAN_POINT('Ctrl Pts',(0.188761161095523,0.309542644328539,
0.265463794231054));
#10243=CARTESIAN_POINT('Ctrl Pts',(0.17597469236506,0.320627496995059,0.140452334212446));
#10244=CARTESIAN_POINT('Ctrl Pts',(0.171655682399073,0.323531184841235,
0.0661213526083473));
#10245=CARTESIAN_POINT('Ctrl Pts',(0.167340903372092,0.356453839091345,
0.0331345906534526));
#10246=CARTESIAN_POINT('Ctrl Pts',(0.198355938892278,0.27244094488189,0.335955277352712));
#10247=CARTESIAN_POINT('Ctrl Pts',(0.190872756989544,0.300684982867112,
0.311690007326081));
#10248=CARTESIAN_POINT('Ctrl Pts',(0.183383106972577,0.30954264432854,0.265463794231054));
#10249=CARTESIAN_POINT('Ctrl Pts',(0.172662895980475,0.32062749699506,0.140452334212445));
#10250=CARTESIAN_POINT('Ctrl Pts',(0.169027310511887,0.323531184841235,
0.0661213526083472));
#10251=CARTESIAN_POINT('Ctrl Pts',(0.16539528649384,0.356453839091345,0.0331345906534526));
#10252=CARTESIAN_POINT('Ctrl Pts',(0.184935103288265,0.27244094488189,0.335955277352711));
#10253=CARTESIAN_POINT('Ctrl Pts',(0.179888689059929,0.300684982867112,
0.311690007326081));
#10254=CARTESIAN_POINT('Ctrl Pts',(0.17483791294595,0.309542644328539,0.265463794231054));
#10255=CARTESIAN_POINT('Ctrl Pts',(0.167615882162119,0.320627496995059,
0.140452334212446));
#10256=CARTESIAN_POINT('Ctrl Pts',(0.16517062411509,0.323531184841235,0.0661213526083475));
#10257=CARTESIAN_POINT('Ctrl Pts',(0.162727761463704,0.356453839091345,
0.0331345906534526));
#10258=CARTESIAN_POINT('Ctrl Pts',(0.171034313072779,0.27244094488189,0.335955277352712));
#10259=CARTESIAN_POINT('Ctrl Pts',(0.168555831861583,0.300684982867112,
0.311690007326081));
#10260=CARTESIAN_POINT('Ctrl Pts',(0.166075208366554,0.309542644328539,
0.265463794231054));
#10261=CARTESIAN_POINT('Ctrl Pts',(0.1625353282767,0.32062749699506,0.140452334212446));
#10262=CARTESIAN_POINT('Ctrl Pts',(0.161340654494513,0.323531184841235,
0.0661213526083472));
#10263=CARTESIAN_POINT('Ctrl Pts',(0.160147151024954,0.356453839091345,
0.0331345906534526));
#10264=CARTESIAN_POINT('Ctrl Pts',(0.161909448818898,0.27244094488189,0.335955277352712));
#10265=CARTESIAN_POINT('Ctrl Pts',(0.161105847021688,0.300684982867112,
0.311690007326081));
#10266=CARTESIAN_POINT('Ctrl Pts',(0.160301550628478,0.309542644328539,
0.265463794231054));
#10267=CARTESIAN_POINT('Ctrl Pts',(0.159158602091234,0.320627496995059,
0.140452334212446));
#10268=CARTESIAN_POINT('Ctrl Pts',(0.158775475941778,0.323531184841235,
0.0661213526083473));
#10269=CARTESIAN_POINT('Ctrl Pts',(0.158392725105967,0.356453839091345,
0.0331345906534526));
#10270=CARTESIAN_POINT('Ctrl Pts',(0.15748031496063,0.27244094488189,0.335955277352712));
#10271=CARTESIAN_POINT('Ctrl Pts',(0.15748031496063,0.300684982867112,0.311690007326081));
#10272=CARTESIAN_POINT('Ctrl Pts',(0.15748031496063,0.309542644328539,0.265463794231054));
#10273=CARTESIAN_POINT('Ctrl Pts',(0.15748031496063,0.320627496995059,0.140452334212446));
#10274=CARTESIAN_POINT('Ctrl Pts',(0.15748031496063,0.323531184841235,0.0661213526083473));
#10275=CARTESIAN_POINT('Ctrl Pts',(0.15748031496063,0.356453839091345,0.0331345906534526));
#10276=CARTESIAN_POINT('Origin',(-0.16842923670468,0.357838185618233,0.0345340878644211));
#10277=CARTESIAN_POINT('Ctrl Pts',(-0.15748031496063,0.359222532145121,
0.0359335850753897));
#10278=CARTESIAN_POINT('Ctrl Pts',(-0.153841344612944,0.359222532145121,
0.0359335850753897));
#10279=CARTESIAN_POINT('Ctrl Pts',(-0.150202767966046,0.359222532145121,
0.0359335850753899));
#10280=CARTESIAN_POINT('Ctrl Pts',(-0.146449454286438,0.359222532145121,
0.0359335850753899));
#10281=CARTESIAN_POINT('Ctrl Pts',(-0.146227881967469,0.359222532145121,
0.0359335850753897));
#10282=CARTESIAN_POINT('Ctrl Pts',(-0.145760704184283,0.359127527900404,
0.0358375410770635));
#10283=CARTESIAN_POINT('Ctrl Pts',(-0.14557015162041,0.359059202367309,
0.0357684677698043));
#10284=CARTESIAN_POINT('Ctrl Pts',(-0.145177244648266,0.358848990613685,
0.0355559553986637));
#10285=CARTESIAN_POINT('Ctrl Pts',(-0.144977042698589,0.358687577461283,
0.0353927756945846));
#10286=CARTESIAN_POINT('Ctrl Pts',(-0.144712970983973,0.358377978420095,
0.0350797883129965));
#10287=CARTESIAN_POINT('Ctrl Pts',(-0.144623421456368,0.358229795931008,
0.034929984072394));
#10288=CARTESIAN_POINT('Ctrl Pts',(-0.144534903089914,0.357939250211295,
0.0346362585372775));
#10289=CARTESIAN_POINT('Ctrl Pts',(-0.144526735057747,0.357795538054374,
0.0344909735534336));
#10290=CARTESIAN_POINT('Ctrl Pts',(-0.144620172496531,0.357449033069292,
0.0341406763187522));
#10291=CARTESIAN_POINT('Ctrl Pts',(-0.144731515855856,0.35726829318218,
0.0339579583626552));
#10292=CARTESIAN_POINT('Ctrl Pts',(-0.144982106948906,0.356993775104792,
0.0336804358809624));
#10293=CARTESIAN_POINT('Ctrl Pts',(-0.145152633944478,0.356836932691836,
0.0335218769398075));
#10294=CARTESIAN_POINT('Ctrl Pts',(-0.14558648377294,0.356609004938252,
0.0332914546797396));
#10295=CARTESIAN_POINT('Ctrl Pts',(-0.145797638983463,0.356538676662493,
0.0332203567112288));
#10296=CARTESIAN_POINT('Ctrl Pts',(-0.146268066180339,0.356453839091345,
0.0331345906534526));
#10297=CARTESIAN_POINT('Ctrl Pts',(-0.146467976137342,0.356453839091345,
0.0331345906534526));
#10298=CARTESIAN_POINT('Ctrl Pts',(-0.150615137607193,0.356453839091345,
0.0331345906534526));
#10299=CARTESIAN_POINT('Ctrl Pts',(-0.154047529433518,0.356453839091345,
0.0331345906534526));
#10300=CARTESIAN_POINT('Ctrl Pts',(-0.15748031496063,0.356453839091345,
0.0331345906534526));
#10301=CARTESIAN_POINT('Ctrl Pts',(-0.15748031496063,0.27244094488189,0.335955277352712));
#10302=CARTESIAN_POINT('Ctrl Pts',(-0.15748031496063,0.300684982867112,
0.311690007326081));
#10303=CARTESIAN_POINT('Ctrl Pts',(-0.15748031496063,0.309542644328539,
0.265463794231054));
#10304=CARTESIAN_POINT('Ctrl Pts',(-0.15748031496063,0.320627496995059,
0.140452334212446));
#10305=CARTESIAN_POINT('Ctrl Pts',(-0.15748031496063,0.323531184841235,
0.0661213526083473));
#10306=CARTESIAN_POINT('Ctrl Pts',(-0.15748031496063,0.356453839091345,
0.0331345906534526));
#10307=CARTESIAN_POINT('Ctrl Pts',(-0.161909448818898,0.27244094488189,
0.335955277352712));
#10308=CARTESIAN_POINT('Ctrl Pts',(-0.161105847021688,0.300684982867112,
0.311690007326081));
#10309=CARTESIAN_POINT('Ctrl Pts',(-0.160301550628478,0.309542644328539,
0.265463794231054));
#10310=CARTESIAN_POINT('Ctrl Pts',(-0.159158602091234,0.320627496995059,
0.140452334212446));
#10311=CARTESIAN_POINT('Ctrl Pts',(-0.158775475941778,0.323531184841235,
0.0661213526083473));
#10312=CARTESIAN_POINT('Ctrl Pts',(-0.158392725105967,0.356453839091345,
0.0331345906534526));
#10313=CARTESIAN_POINT('Ctrl Pts',(-0.171034313072779,0.27244094488189,
0.335955277352712));
#10314=CARTESIAN_POINT('Ctrl Pts',(-0.168555831861583,0.300684982867112,
0.311690007326082));
#10315=CARTESIAN_POINT('Ctrl Pts',(-0.166075208366554,0.30954264432854,
0.265463794231055));
#10316=CARTESIAN_POINT('Ctrl Pts',(-0.1625353282767,0.32062749699506,0.140452334212446));
#10317=CARTESIAN_POINT('Ctrl Pts',(-0.161340654494513,0.323531184841236,
0.0661213526083475));
#10318=CARTESIAN_POINT('Ctrl Pts',(-0.160147151024954,0.356453839091346,
0.0331345906534526));
#10319=CARTESIAN_POINT('Ctrl Pts',(-0.184935103288266,0.27244094488189,
0.335955277352711));
#10320=CARTESIAN_POINT('Ctrl Pts',(-0.179888689059929,0.300684982867112,
0.311690007326081));
#10321=CARTESIAN_POINT('Ctrl Pts',(-0.17483791294595,0.309542644328539,
0.265463794231054));
#10322=CARTESIAN_POINT('Ctrl Pts',(-0.167615882162119,0.320627496995059,
0.140452334212446));
#10323=CARTESIAN_POINT('Ctrl Pts',(-0.16517062411509,0.323531184841235,
0.0661213526083473));
#10324=CARTESIAN_POINT('Ctrl Pts',(-0.162727761463704,0.356453839091344,
0.0331345906534526));
#10325=CARTESIAN_POINT('Ctrl Pts',(-0.198355938892278,0.27244094488189,
0.335955277352712));
#10326=CARTESIAN_POINT('Ctrl Pts',(-0.190872756989544,0.300684982867112,
0.311690007326081));
#10327=CARTESIAN_POINT('Ctrl Pts',(-0.183383106972577,0.309542644328539,
0.265463794231054));
#10328=CARTESIAN_POINT('Ctrl Pts',(-0.172662895980475,0.32062749699506,
0.140452334212446));
#10329=CARTESIAN_POINT('Ctrl Pts',(-0.169027310511888,0.323531184841236,
0.0661213526083474));
#10330=CARTESIAN_POINT('Ctrl Pts',(-0.16539528649384,0.356453839091346,
0.0331345906534526));
#10331=CARTESIAN_POINT('Ctrl Pts',(-0.206664496385367,0.27244094488189,
0.335955277352712));
#10332=CARTESIAN_POINT('Ctrl Pts',(-0.197716695771694,0.300684982867112,
0.311690007326081));
#10333=CARTESIAN_POINT('Ctrl Pts',(-0.188761161095523,0.309542644328539,
0.265463794231054));
#10334=CARTESIAN_POINT('Ctrl Pts',(-0.17597469236506,0.320627496995059,
0.140452334212446));
#10335=CARTESIAN_POINT('Ctrl Pts',(-0.171655682399073,0.323531184841235,
0.0661213526083474));
#10336=CARTESIAN_POINT('Ctrl Pts',(-0.167340903372092,0.356453839091345,
0.0331345906534526));
#10337=CARTESIAN_POINT('Ctrl Pts',(-0.211248290590996,0.27244094488189,
0.335955277352711));
#10338=CARTESIAN_POINT('Ctrl Pts',(-0.201496624909896,0.300684982867112,
0.311690007326081));
#10339=CARTESIAN_POINT('Ctrl Pts',(-0.19173653034274,0.309542644328539,
0.265463794231054));
#10340=CARTESIAN_POINT('Ctrl Pts',(-0.177876292862175,0.320627496995059,
0.140452334212446));
#10341=CARTESIAN_POINT('Ctrl Pts',(-0.173235349113291,0.323531184841235,
0.0661213526083473));
#10342=CARTESIAN_POINT('Ctrl Pts',(-0.168598951672495,0.356453839091345,
0.0331345906534526));
#10343=CARTESIAN_POINT('Ctrl Pts',(-0.212108237406847,0.272440944881889,
0.336270115023779));
#10344=CARTESIAN_POINT('Ctrl Pts',(-0.202250514230693,0.300756345806482,
0.311869225860597));
#10345=CARTESIAN_POINT('Ctrl Pts',(-0.19238427049732,0.309685431890084,
0.265507276406146));
#10346=CARTESIAN_POINT('Ctrl Pts',(-0.178375198081451,0.320768706307844,
0.140413896961314));
#10347=CARTESIAN_POINT('Ctrl Pts',(-0.173685461118868,0.32361554667273,
0.0661160861163932));
#10348=CARTESIAN_POINT('Ctrl Pts',(-0.16900031826262,0.356481409129828,
0.0331624624263175));
#10349=CARTESIAN_POINT('Ctrl Pts',(-0.213265557271849,0.27244094488189,
0.337258964214908));
#10350=CARTESIAN_POINT('Ctrl Pts',(-0.203258257412103,0.301068804419191,
0.31241027952843));
#10351=CARTESIAN_POINT('Ctrl Pts',(-0.193242307708011,0.310310619190187,
0.26560014749707));
#10352=CARTESIAN_POINT('Ctrl Pts',(-0.179156998859104,0.321452567496892,
0.140331800812558));
#10353=CARTESIAN_POINT('Ctrl Pts',(-0.174516289096799,0.324108322299879,
0.0662277234761407));
#10354=CARTESIAN_POINT('Ctrl Pts',(-0.169880125413365,0.356783286384124,
0.0334676435115709));
#10355=CARTESIAN_POINT('Ctrl Pts',(-0.213777602638482,0.272440944881889,
0.338874959124645));
#10356=CARTESIAN_POINT('Ctrl Pts',(-0.203683090553472,0.301560653392176,
0.313233357174104));
#10357=CARTESIAN_POINT('Ctrl Pts',(-0.193579853241927,0.311294742267524,
0.265629622517893));
#10358=CARTESIAN_POINT('Ctrl Pts',(-0.17965789972263,0.322753733750363,
0.140305744580549));
#10359=CARTESIAN_POINT('Ctrl Pts',(-0.175228973970813,0.325306772963196,
0.0667688876037338));
#10360=CARTESIAN_POINT('Ctrl Pts',(-0.170804386832444,0.357879122078355,
0.0345754723448631));
#10361=CARTESIAN_POINT('Ctrl Pts',(-0.213299415808479,0.272440944881891,
0.340509385225518));
#10362=CARTESIAN_POINT('Ctrl Pts',(-0.203294418591322,0.302061919454563,
0.314071413787695));
#10363=CARTESIAN_POINT('Ctrl Pts',(-0.193280773520116,0.312297707663357,
0.265670621299475));
#10364=CARTESIAN_POINT('Ctrl Pts',(-0.17915540257292,0.324056788600229,
0.140269501652529));
#10365=CARTESIAN_POINT('Ctrl Pts',(-0.174477585330945,0.326484848078352,
0.0672834081702506));
#10366=CARTESIAN_POINT('Ctrl Pts',(-0.169804350518645,0.358932339890016,
0.0356402168732987));
#10367=CARTESIAN_POINT('Ctrl Pts',(-0.212144919115185,0.272440944881889,
0.341523272140927));
#10368=CARTESIAN_POINT('Ctrl Pts',(-0.202285544473478,0.302387904113174,
0.314630145272822));
#10369=CARTESIAN_POINT('Ctrl Pts',(-0.1924176478471,0.31294995874655,0.265773803939144));
#10370=CARTESIAN_POINT('Ctrl Pts',(-0.17838089030215,0.32475409303006,0.140178290364725));
#10371=CARTESIAN_POINT('Ctrl Pts',(-0.173668029931863,0.326968548209927,
0.0673745235197082));
#10372=CARTESIAN_POINT('Ctrl Pts',(-0.1689597863198,0.359202644971928,0.0359134802512886));
#10373=CARTESIAN_POINT('Ctrl Pts',(-0.211279568545566,0.27244094488189,
0.341860789163735));
#10374=CARTESIAN_POINT('Ctrl Pts',(-0.201520605883701,0.302463147928552,
0.314823254700944));
#10375=CARTESIAN_POINT('Ctrl Pts',(-0.191753208028609,0.313100511414559,
0.265822380953374));
#10376=CARTESIAN_POINT('Ctrl Pts',(-0.177878533537688,0.324899657516679,
0.140135349401976));
#10377=CARTESIAN_POINT('Ctrl Pts',(-0.173230532836388,0.327051243246108,
0.0673631208979979));
#10378=CARTESIAN_POINT('Ctrl Pts',(-0.168587085356226,0.359222532145121,
0.0359335850753896));
#10379=CARTESIAN_POINT('Ctrl Pts',(-0.202297918436739,0.27244094488189,
0.341860789163735));
#10380=CARTESIAN_POINT('Ctrl Pts',(-0.194139125658627,0.302463147928552,
0.314823254700944));
#10381=CARTESIAN_POINT('Ctrl Pts',(-0.185973280799678,0.313100511414559,
0.265822380953374));
#10382=CARTESIAN_POINT('Ctrl Pts',(-0.174300886585519,0.324899657516679,
0.140135349401976));
#10383=CARTESIAN_POINT('Ctrl Pts',(-0.17035088886404,0.327051243246108,
0.0673631208979979));
#10384=CARTESIAN_POINT('Ctrl Pts',(-0.166404760594026,0.359222532145121,
0.0359335850753896));
#10385=CARTESIAN_POINT('Ctrl Pts',(-0.18491849869538,0.27244094488189,0.341860789163735));
#10386=CARTESIAN_POINT('Ctrl Pts',(-0.179883389247514,0.302463147928553,
0.314823254700944));
#10387=CARTESIAN_POINT('Ctrl Pts',(-0.174843927685332,0.31310051141456,
0.265822380953374));
#10388=CARTESIAN_POINT('Ctrl Pts',(-0.167615602189539,0.324899657516679,
0.140135349401976));
#10389=CARTESIAN_POINT('Ctrl Pts',(-0.165156009884302,0.327051243246108,
0.067363120897998));
#10390=CARTESIAN_POINT('Ctrl Pts',(-0.16269882701667,0.359222532145121,
0.0359335850753896));
#10391=CARTESIAN_POINT('Ctrl Pts',(-0.15748031496063,0.27244094488189,0.341860789163735));
#10392=CARTESIAN_POINT('Ctrl Pts',(-0.15748031496063,0.302463147928552,
0.314823254700944));
#10393=CARTESIAN_POINT('Ctrl Pts',(-0.15748031496063,0.313100511414559,
0.265822380953373));
#10394=CARTESIAN_POINT('Ctrl Pts',(-0.15748031496063,0.324899657516679,
0.140135349401975));
#10395=CARTESIAN_POINT('Ctrl Pts',(-0.15748031496063,0.327051243246108,
0.0673631208979978));
#10396=CARTESIAN_POINT('Ctrl Pts',(-0.15748031496063,0.359222532145121,
0.0359335850753896));
#10397=CARTESIAN_POINT('Ctrl Pts',(-0.13004213122588,0.27244094488189,0.341860789163736));
#10398=CARTESIAN_POINT('Ctrl Pts',(-0.135077240673746,0.302463147928553,
0.314823254700944));
#10399=CARTESIAN_POINT('Ctrl Pts',(-0.140116702235927,0.31310051141456,
0.265822380953374));
#10400=CARTESIAN_POINT('Ctrl Pts',(-0.147345027731721,0.324899657516679,
0.140135349401976));
#10401=CARTESIAN_POINT('Ctrl Pts',(-0.149804620036958,0.327051243246108,
0.067363120897998));
#10402=CARTESIAN_POINT('Ctrl Pts',(-0.15226180290459,0.359222532145121,
0.0359335850753896));
#10403=CARTESIAN_POINT('Ctrl Pts',(-0.112662711484521,0.27244094488189,
0.341860789163735));
#10404=CARTESIAN_POINT('Ctrl Pts',(-0.120821504262632,0.302463147928552,
0.314823254700944));
#10405=CARTESIAN_POINT('Ctrl Pts',(-0.128987349121582,0.313100511414559,
0.265822380953374));
#10406=CARTESIAN_POINT('Ctrl Pts',(-0.140659743335741,0.324899657516679,
0.140135349401976));
#10407=CARTESIAN_POINT('Ctrl Pts',(-0.144609741057219,0.327051243246108,
0.0673631208979979));
#10408=CARTESIAN_POINT('Ctrl Pts',(-0.148555869327234,0.359222532145121,
0.0359335850753896));
#10409=CARTESIAN_POINT('Ctrl Pts',(-0.103681061375694,0.27244094488189,
0.341860789163735));
#10410=CARTESIAN_POINT('Ctrl Pts',(-0.113440024037559,0.302463147928552,
0.314823254700944));
#10411=CARTESIAN_POINT('Ctrl Pts',(-0.123207421892651,0.313100511414559,
0.265822380953374));
#10412=CARTESIAN_POINT('Ctrl Pts',(-0.137082096383572,0.324899657516679,
0.140135349401976));
#10413=CARTESIAN_POINT('Ctrl Pts',(-0.141730097084872,0.327051243246108,
0.0673631208979979));
#10414=CARTESIAN_POINT('Ctrl Pts',(-0.146373544565034,0.359222532145121,
0.0359335850753896));
#10415=CARTESIAN_POINT('Ctrl Pts',(-0.102815710806075,0.27244094488189,
0.341523272140927));
#10416=CARTESIAN_POINT('Ctrl Pts',(-0.112675119780671,0.302387919830864,
0.31463016116253));
#10417=CARTESIAN_POINT('Ctrl Pts',(-0.122543050769612,0.312949990195515,
0.265773835732295));
#10418=CARTESIAN_POINT('Ctrl Pts',(-0.136579678894247,0.324754065230053,
0.140178262260466));
#10419=CARTESIAN_POINT('Ctrl Pts',(-0.1412923984896,0.326968455962773,0.067374430262975));
#10420=CARTESIAN_POINT('Ctrl Pts',(-0.146000501464635,0.35920248834076,
0.0359133219059049));
#10421=CARTESIAN_POINT('Ctrl Pts',(-0.10166121411278,0.27244094488189,0.340509385225518));
#10422=CARTESIAN_POINT('Ctrl Pts',(-0.111666309130623,0.302061946269264,
0.314071440895864));
#10423=CARTESIAN_POINT('Ctrl Pts',(-0.121680052087049,0.312297761315936,
0.265670675539243));
#10424=CARTESIAN_POINT('Ctrl Pts',(-0.135805054367458,0.324056741172846,
0.140269453706087));
#10425=CARTESIAN_POINT('Ctrl Pts',(-0.140482470597878,0.326484690702814,
0.0672832490723496));
#10426=CARTESIAN_POINT('Ctrl Pts',(-0.145155304791456,0.358932072674029,
0.0356399467328237));
#10427=CARTESIAN_POINT('Ctrl Pts',(-0.101183027282778,0.272440944881889,
0.338874959124645));
#10428=CARTESIAN_POINT('Ctrl Pts',(-0.111277439514134,0.301560499926591,
0.313233202028948));
#10429=CARTESIAN_POINT('Ctrl Pts',(-0.121380576885717,0.311294435203705,
0.265629312093481));
#10430=CARTESIAN_POINT('Ctrl Pts',(-0.135302906810613,0.322754005186211,
0.140306018987069));
#10431=CARTESIAN_POINT('Ctrl Pts',(-0.139732241991759,0.325307673653045,
0.0667697981509911));
#10432=CARTESIAN_POINT('Ctrl Pts',(-0.144157238158376,0.357880651405783,
0.0345770184096883));
#10433=CARTESIAN_POINT('Ctrl Pts',(-0.101695072649411,0.27244094488189,
0.337258964214908));
#10434=CARTESIAN_POINT('Ctrl Pts',(-0.111702389574841,0.30106877586682,
0.312410250663573));
#10435=CARTESIAN_POINT('Ctrl Pts',(-0.121718356359368,0.310310562060765,
0.265600089742408));
#10436=CARTESIAN_POINT('Ctrl Pts',(-0.135803600877939,0.321452617997708,
0.140331851866069));
#10437=CARTESIAN_POINT('Ctrl Pts',(-0.140444240665923,0.324108489873809,
0.0662278928840478));
#10438=CARTESIAN_POINT('Ctrl Pts',(-0.145080334443583,0.356783570916483,
0.0334679311579327));
#10439=CARTESIAN_POINT('Ctrl Pts',(-0.102852392514413,0.27244094488189,
0.336270115023779));
#10440=CARTESIAN_POINT('Ctrl Pts',(-0.112710125802955,0.30075634491405,
0.311869224958397));
#10441=CARTESIAN_POINT('Ctrl Pts',(-0.122576379657457,0.309685430104449,
0.265507274600968));
#10442=CARTESIAN_POINT('Ctrl Pts',(-0.136585413953944,0.320768707886297,
0.140413898557041));
#10443=CARTESIAN_POINT('Ctrl Pts',(-0.141275109452765,0.323615551910417,
0.0661160914114025));
#10444=CARTESIAN_POINT('Ctrl Pts',(-0.145960210885868,0.356481418023164,
0.0331624714169848));
#10445=CARTESIAN_POINT('Ctrl Pts',(-0.103712339330264,0.27244094488189,
0.335955277352711));
#10446=CARTESIAN_POINT('Ctrl Pts',(-0.113464005011364,0.300684982867112,
0.311690007326081));
#10447=CARTESIAN_POINT('Ctrl Pts',(-0.12322409957852,0.309542644328539,
0.265463794231054));
#10448=CARTESIAN_POINT('Ctrl Pts',(-0.137084337059085,0.320627496995059,
0.140452334212446));
#10449=CARTESIAN_POINT('Ctrl Pts',(-0.141725280807968,0.323531184841235,
0.0661213526083473));
#10450=CARTESIAN_POINT('Ctrl Pts',(-0.146361678248765,0.356453839091345,
0.0331345906534526));
#10451=CARTESIAN_POINT('Ctrl Pts',(-0.108296133535893,0.27244094488189,
0.335955277352712));
#10452=CARTESIAN_POINT('Ctrl Pts',(-0.117243934149566,0.300684982867112,
0.311690007326081));
#10453=CARTESIAN_POINT('Ctrl Pts',(-0.126199468825737,0.309542644328539,
0.265463794231054));
#10454=CARTESIAN_POINT('Ctrl Pts',(-0.1389859375562,0.320627496995059,0.140452334212446));
#10455=CARTESIAN_POINT('Ctrl Pts',(-0.143304947522187,0.323531184841235,
0.0661213526083473));
#10456=CARTESIAN_POINT('Ctrl Pts',(-0.147619726549167,0.356453839091345,
0.0331345906534526));
#10457=CARTESIAN_POINT('Ctrl Pts',(-0.116604691028982,0.27244094488189,
0.335955277352712));
#10458=CARTESIAN_POINT('Ctrl Pts',(-0.124087872931715,0.300684982867112,
0.311690007326081));
#10459=CARTESIAN_POINT('Ctrl Pts',(-0.131577522948683,0.30954264432854,
0.265463794231054));
#10460=CARTESIAN_POINT('Ctrl Pts',(-0.142297733940785,0.32062749699506,
0.140452334212445));
#10461=CARTESIAN_POINT('Ctrl Pts',(-0.145933319409372,0.323531184841235,
0.0661213526083472));
#10462=CARTESIAN_POINT('Ctrl Pts',(-0.14956534342742,0.356453839091345,
0.0331345906534526));
#10463=CARTESIAN_POINT('Ctrl Pts',(-0.130025526632994,0.27244094488189,
0.335955277352711));
#10464=CARTESIAN_POINT('Ctrl Pts',(-0.135071940861331,0.300684982867112,
0.311690007326081));
#10465=CARTESIAN_POINT('Ctrl Pts',(-0.14012271697531,0.309542644328539,
0.265463794231054));
#10466=CARTESIAN_POINT('Ctrl Pts',(-0.147344747759141,0.320627496995059,
0.140452334212446));
#10467=CARTESIAN_POINT('Ctrl Pts',(-0.14979000580617,0.323531184841235,
0.0661213526083475));
#10468=CARTESIAN_POINT('Ctrl Pts',(-0.152232868457556,0.356453839091345,
0.0331345906534526));
#10469=CARTESIAN_POINT('Ctrl Pts',(-0.143926316848481,0.27244094488189,
0.335955277352712));
#10470=CARTESIAN_POINT('Ctrl Pts',(-0.146404798059677,0.300684982867112,
0.311690007326081));
#10471=CARTESIAN_POINT('Ctrl Pts',(-0.148885421554705,0.309542644328539,
0.265463794231054));
#10472=CARTESIAN_POINT('Ctrl Pts',(-0.152425301644559,0.32062749699506,
0.140452334212446));
#10473=CARTESIAN_POINT('Ctrl Pts',(-0.153619975426747,0.323531184841235,
0.0661213526083472));
#10474=CARTESIAN_POINT('Ctrl Pts',(-0.154813478896306,0.356453839091345,
0.0331345906534526));
#10475=CARTESIAN_POINT('Ctrl Pts',(-0.153051181102362,0.27244094488189,
0.335955277352712));
#10476=CARTESIAN_POINT('Ctrl Pts',(-0.153854782899572,0.300684982867112,
0.311690007326081));
#10477=CARTESIAN_POINT('Ctrl Pts',(-0.154659079292782,0.309542644328539,
0.265463794231054));
#10478=CARTESIAN_POINT('Ctrl Pts',(-0.155802027830026,0.320627496995059,
0.140452334212446));
#10479=CARTESIAN_POINT('Ctrl Pts',(-0.156185153979481,0.323531184841235,
0.0661213526083473));
#10480=CARTESIAN_POINT('Ctrl Pts',(-0.156567904815292,0.356453839091345,
0.0331345906534526));
#10481=CARTESIAN_POINT('Ctrl Pts',(-0.15748031496063,0.27244094488189,0.335955277352712));
#10482=CARTESIAN_POINT('Ctrl Pts',(-0.15748031496063,0.300684982867112,
0.311690007326081));
#10483=CARTESIAN_POINT('Ctrl Pts',(-0.15748031496063,0.309542644328539,
0.265463794231054));
#10484=CARTESIAN_POINT('Ctrl Pts',(-0.15748031496063,0.320627496995059,
0.140452334212446));
#10485=CARTESIAN_POINT('Ctrl Pts',(-0.15748031496063,0.323531184841235,
0.0661213526083473));
#10486=CARTESIAN_POINT('Ctrl Pts',(-0.15748031496063,0.356453839091345,
0.0331345906534526));
#10487=CARTESIAN_POINT('Origin',(-0.405082280106423,0.123696747637795,0.0365779343581004));
#10488=CARTESIAN_POINT('Ctrl Pts',(-0.406535790229274,0.134645275590551,
0.0379054568900319));
#10489=CARTESIAN_POINT('Ctrl Pts',(-0.406535790229274,0.138284112831926,
0.0379054568900318));
#10490=CARTESIAN_POINT('Ctrl Pts',(-0.406535790229274,0.141922950073302,
0.037905456890032));
#10491=CARTESIAN_POINT('Ctrl Pts',(-0.406535790229274,0.145676473393941,
0.037905456890032));
#10492=CARTESIAN_POINT('Ctrl Pts',(-0.406535790229274,0.145897897646382,
0.0379054568900322));
#10493=CARTESIAN_POINT('Ctrl Pts',(-0.406436155294886,0.146364902908311,
0.0378144581289721));
#10494=CARTESIAN_POINT('Ctrl Pts',(-0.4063644637299,0.146555450540365,0.0377489806573179));
#10495=CARTESIAN_POINT('Ctrl Pts',(-0.406143744834174,0.146948572622196,
0.0375473932705545));
#10496=CARTESIAN_POINT('Ctrl Pts',(-0.405974240304218,0.14714877257345,
0.0373925810822919));
#10497=CARTESIAN_POINT('Ctrl Pts',(-0.405649306084114,0.147412845763946,
0.0370958115642802));
#10498=CARTESIAN_POINT('Ctrl Pts',(-0.405493703115091,0.147502449262247,
0.0369536959751513));
#10499=CARTESIAN_POINT('Ctrl Pts',(-0.405188471326552,0.147591095925602,
0.036674921118081));
#10500=CARTESIAN_POINT('Ctrl Pts',(-0.405037590467647,0.147599228377798,
0.0365371183352283));
#10501=CARTESIAN_POINT('Ctrl Pts',(-0.404673946713108,0.147505929073755,
0.0362049945542123));
#10502=CARTESIAN_POINT('Ctrl Pts',(-0.404484199142315,0.147394652753873,
0.0360316939547552));
#10503=CARTESIAN_POINT('Ctrl Pts',(-0.404196003109699,0.147144201769954,
0.0357684782255376));
#10504=CARTESIAN_POINT('Ctrl Pts',(-0.404031265423696,0.146973703417229,
0.0356180196999387));
#10505=CARTESIAN_POINT('Ctrl Pts',(-0.403791844628928,0.146539878340319,
0.0353993514604327));
#10506=CARTESIAN_POINT('Ctrl Pts',(-0.403717962805953,0.146328746694358,
0.0353318735783341));
#10507=CARTESIAN_POINT('Ctrl Pts',(-0.403628769983572,0.145858144687157,
0.0352504118261689));
#10508=CARTESIAN_POINT('Ctrl Pts',(-0.403628769983572,0.145658059635563,
0.035250411826169));
#10509=CARTESIAN_POINT('Ctrl Pts',(-0.403628769983572,0.141511075859813,
0.0352504118261688));
#10510=CARTESIAN_POINT('Ctrl Pts',(-0.403628769983572,0.138078569425969,
0.0352504118261689));
#10511=CARTESIAN_POINT('Ctrl Pts',(-0.403628769983572,0.134645669291339,
0.0352504118261689));
#10512=CARTESIAN_POINT('Ctrl Pts',(-0.32007874015748,0.134645669291339,
0.336227470303083));
#10513=CARTESIAN_POINT('Ctrl Pts',(-0.350713960686905,0.134645669291339,
0.31467583790553));
#10514=CARTESIAN_POINT('Ctrl Pts',(-0.357478634178306,0.134645669291339,
0.263271611354877));
#10515=CARTESIAN_POINT('Ctrl Pts',(-0.367416431377495,0.134645669291339,
0.140488065148285));
#10516=CARTESIAN_POINT('Ctrl Pts',(-0.370875739281664,0.134645669291339,
0.0712550004630065));
#10517=CARTESIAN_POINT('Ctrl Pts',(-0.403628769983572,0.134645669291339,
0.0352504118261689));
#10518=CARTESIAN_POINT('Ctrl Pts',(-0.32007874015748,0.130216535433071,
0.336227470303083));
#10519=CARTESIAN_POINT('Ctrl Pts',(-0.350713960686905,0.131023285255489,
0.31467583790553));
#10520=CARTESIAN_POINT('Ctrl Pts',(-0.357478634178306,0.13183073283239,
0.263271611354877));
#10521=CARTESIAN_POINT('Ctrl Pts',(-0.367416431377495,0.132979511871437,
0.140488065148285));
#10522=CARTESIAN_POINT('Ctrl Pts',(-0.370875739281664,0.133356564341096,
0.0712550004630065));
#10523=CARTESIAN_POINT('Ctrl Pts',(-0.403628769983572,0.133733259153543,
0.0352504118261689));
#10524=CARTESIAN_POINT('Ctrl Pts',(-0.320078740157481,0.121091671176662,
0.336227470303084));
#10525=CARTESIAN_POINT('Ctrl Pts',(-0.350713960686906,0.123580007125029,
0.31467583790553));
#10526=CARTESIAN_POINT('Ctrl Pts',(-0.357478634178307,0.126070495224552,
0.263271611354877));
#10527=CARTESIAN_POINT('Ctrl Pts',(-0.367416431377495,0.129628031868942,
0.140488065148285));
#10528=CARTESIAN_POINT('Ctrl Pts',(-0.370875739281664,0.130803990293412,
0.0712550004630066));
#10529=CARTESIAN_POINT('Ctrl Pts',(-0.403628769983572,0.131978833249755,
0.0352504118261689));
#10530=CARTESIAN_POINT('Ctrl Pts',(-0.32007874015748,0.107190880955235,
0.336227470303083));
#10531=CARTESIAN_POINT('Ctrl Pts',(-0.350713960686905,0.1122575032297,0.314675837905529));
#10532=CARTESIAN_POINT('Ctrl Pts',(-0.357478634178306,0.117328507604176,
0.263271611354876));
#10533=CARTESIAN_POINT('Ctrl Pts',(-0.367416431377495,0.124586168707287,
0.140488065148285));
#10534=CARTESIAN_POINT('Ctrl Pts',(-0.370875739281664,0.126993337443613,
0.0712550004630063));
#10535=CARTESIAN_POINT('Ctrl Pts',(-0.403628769983572,0.12939822283391,
0.0352504118261689));
#10536=CARTESIAN_POINT('Ctrl Pts',(-0.32007874015748,0.0937700453506195,
0.336227470303084));
#10537=CARTESIAN_POINT('Ctrl Pts',(-0.350713960686906,0.101283300223011,
0.31467583790553));
#10538=CARTESIAN_POINT('Ctrl Pts',(-0.357478634178307,0.10880305327752,
0.263271611354877));
#10539=CARTESIAN_POINT('Ctrl Pts',(-0.367416431377496,0.11957585970667,
0.140488065148285));
#10540=CARTESIAN_POINT('Ctrl Pts',(-0.370875739281665,0.123154976271579,
0.0712550004630066));
#10541=CARTESIAN_POINT('Ctrl Pts',(-0.403628769983572,0.126730697826627,
0.0352504118261689));
#10542=CARTESIAN_POINT('Ctrl Pts',(-0.32007874015748,0.0854614878627796,
0.336227470303083));
#10543=CARTESIAN_POINT('Ctrl Pts',(-0.350713960686905,0.094444933070577,
0.31467583790553));
#10544=CARTESIAN_POINT('Ctrl Pts',(-0.357478634178306,0.103436148021846,
0.263271611354877));
#10545=CARTESIAN_POINT('Ctrl Pts',(-0.367416431377495,0.116286210142151,
0.140488065148285));
#10546=CARTESIAN_POINT('Ctrl Pts',(-0.370875739281665,0.120537661933237,
0.0712550004630065));
#10547=CARTESIAN_POINT('Ctrl Pts',(-0.403628769983572,0.124785080963585,
0.0352504118261689));
#10548=CARTESIAN_POINT('Ctrl Pts',(-0.32007874015748,0.0808776936590618,
0.336227470303083));
#10549=CARTESIAN_POINT('Ctrl Pts',(-0.350713960686905,0.0906674680622393,
0.31467583790553));
#10550=CARTESIAN_POINT('Ctrl Pts',(-0.357478634178306,0.100465709599572,
0.263271611354877));
#10551=CARTESIAN_POINT('Ctrl Pts',(-0.367416431377495,0.114396906852121,
0.140488065148285));
#10552=CARTESIAN_POINT('Ctrl Pts',(-0.370875739281664,0.118964135908582,
0.0712550004630065));
#10553=CARTESIAN_POINT('Ctrl Pts',(-0.403628769983572,0.123527032670352,
0.0352504118261689));
#10554=CARTESIAN_POINT('Ctrl Pts',(-0.32007874015748,0.0800177468437201,
0.336542307975266));
#10555=CARTESIAN_POINT('Ctrl Pts',(-0.35078445645021,0.0899139744294995,
0.314855754976075));
#10556=CARTESIAN_POINT('Ctrl Pts',(-0.357619686676401,0.0998187612203384,
0.263316491131531));
#10557=CARTESIAN_POINT('Ctrl Pts',(-0.367559200891141,0.11389960720563,
0.140447069462912));
#10558=CARTESIAN_POINT('Ctrl Pts',(-0.37096157076896,0.118514825550915,
0.0712477377974929));
#10559=CARTESIAN_POINT('Ctrl Pts',(-0.403657717453701,0.12312566608075,
0.0352768501826927));
#10560=CARTESIAN_POINT('Ctrl Pts',(-0.32007874015748,0.0788604269793215,
0.337531157166466));
#10561=CARTESIAN_POINT('Ctrl Pts',(-0.351092898625208,0.088905472992331,
0.315401103835561));
#10562=CARTESIAN_POINT('Ctrl Pts',(-0.358236837796719,0.0989592069228233,
0.263417956077757));
#10563=CARTESIAN_POINT('Ctrl Pts',(-0.368251320806904,0.113120385086616,
0.140354385536891));
#10564=CARTESIAN_POINT('Ctrl Pts',(-0.371466021418934,0.117685287051978,
0.0713462294756278));
#10565=CARTESIAN_POINT('Ctrl Pts',(-0.403974676853605,0.122245858930037,
0.0355663361232889));
#10566=CARTESIAN_POINT('Ctrl Pts',(-0.32007874015748,0.0783483816141784,
0.339147152074873));
#10567=CARTESIAN_POINT('Ctrl Pts',(-0.351577673050625,0.0884781513964856,
0.31623708128914));
#10568=CARTESIAN_POINT('Ctrl Pts',(-0.359206805926888,0.0986166823735025,
0.263473241442735));
#10569=CARTESIAN_POINT('Ctrl Pts',(-0.369570377681041,0.112621476287077,
0.140303883930291));
#10570=CARTESIAN_POINT('Ctrl Pts',(-0.372700802359367,0.11697360102555,
0.0718466671496062));
#10571=CARTESIAN_POINT('Ctrl Pts',(-0.405125261801185,0.121321597508867,
0.0366171904784121));
#10572=CARTESIAN_POINT('Ctrl Pts',(-0.320078740157481,0.0788265684425349,
0.34078157817449));
#10573=CARTESIAN_POINT('Ctrl Pts',(-0.35207180619113,0.0888697295503327,
0.317087646893348));
#10574=CARTESIAN_POINT('Ctrl Pts',(-0.360195499581544,0.098921576945367,
0.263539268593933));
#10575=CARTESIAN_POINT('Ctrl Pts',(-0.370891164562165,0.113121844730895,
0.140243570219108));
#10576=CARTESIAN_POINT('Ctrl Pts',(-0.37391406371489,0.117723921953417,
0.0723217571407678));
#10577=CARTESIAN_POINT('Ctrl Pts',(-0.406231099625611,0.122321633825643,
0.0376271763089256));
#10578=CARTESIAN_POINT('Ctrl Pts',(-0.32007874015748,0.0799810651352562,
0.34179546508998));
#10579=CARTESIAN_POINT('Ctrl Pts',(-0.352393654644603,0.089879200152374,
0.317650399572338));
#10580=CARTESIAN_POINT('Ctrl Pts',(-0.360839474853846,0.0997858960242805,
0.263650496852344));
#10581=CARTESIAN_POINT('Ctrl Pts',(-0.371596733489672,0.113893880346704,
0.140141967971506));
#10582=CARTESIAN_POINT('Ctrl Pts',(-0.37440865303713,0.118532239068092,
0.0724006464842733));
#10583=CARTESIAN_POINT('Ctrl Pts',(-0.406514909469579,0.123166198023974,
0.037886386036281));
#10584=CARTESIAN_POINT('Ctrl Pts',(-0.32007874015748,0.0808464157041237,
0.342132982114107));
#10585=CARTESIAN_POINT('Ctrl Pts',(-0.35246799525306,0.0906435556403802,
0.317844163485738));
#10586=CARTESIAN_POINT('Ctrl Pts',(-0.360988220367637,0.10044916908121,
0.263700383323565));
#10587=CARTESIAN_POINT('Ctrl Pts',(-0.371743870673433,0.114394766776581,
0.140096398901607));
#10588=CARTESIAN_POINT('Ctrl Pts',(-0.374492632054176,0.118969002352048,
0.0723874127121983));
#10589=CARTESIAN_POINT('Ctrl Pts',(-0.406535790229274,0.123538898986714,
0.0379054568900319));
#10590=CARTESIAN_POINT('Ctrl Pts',(-0.32007874015748,0.0898280658106721,
0.342132982114107));
#10591=CARTESIAN_POINT('Ctrl Pts',(-0.35246799525306,0.0980194922623267,
0.317844163485738));
#10592=CARTESIAN_POINT('Ctrl Pts',(-0.360988220367637,0.106218003443806,
0.263700383323565));
#10593=CARTESIAN_POINT('Ctrl Pts',(-0.371743870673433,0.117948087410939,
0.140096398901607));
#10594=CARTESIAN_POINT('Ctrl Pts',(-0.374492632054176,0.121836499770488,
0.0723874127121983));
#10595=CARTESIAN_POINT('Ctrl Pts',(-0.406535790229274,0.125721223734293,
0.0379054568900319));
#10596=CARTESIAN_POINT('Ctrl Pts',(-0.32007874015748,0.107207485548429,
0.342132982114107));
#10597=CARTESIAN_POINT('Ctrl Pts',(-0.35246799525306,0.1122629790758,0.317844163485738));
#10598=CARTESIAN_POINT('Ctrl Pts',(-0.360988220367636,0.117322845077976,
0.263700383323565));
#10599=CARTESIAN_POINT('Ctrl Pts',(-0.371743870673432,0.124586225443885,
0.140096398901607));
#10600=CARTESIAN_POINT('Ctrl Pts',(-0.374492632054176,0.127007839886892,
0.0723874127121982));
#10601=CARTESIAN_POINT('Ctrl Pts',(-0.406535790229274,0.129427157281236,
0.0379054568900319));
#10602=CARTESIAN_POINT('Ctrl Pts',(-0.32007874015748,0.134645669291339,
0.342132982114107));
#10603=CARTESIAN_POINT('Ctrl Pts',(-0.352467995253061,0.134645669291339,
0.317844163485738));
#10604=CARTESIAN_POINT('Ctrl Pts',(-0.360988220367637,0.134645669291339,
0.263700383323565));
#10605=CARTESIAN_POINT('Ctrl Pts',(-0.371743870673433,0.134645669291339,
0.140096398901608));
#10606=CARTESIAN_POINT('Ctrl Pts',(-0.374492632054176,0.134645669291339,
0.0723874127121984));
#10607=CARTESIAN_POINT('Ctrl Pts',(-0.406535790229273,0.134645669291339,
0.0379054568900319));
#10608=CARTESIAN_POINT('Ctrl Pts',(-0.32007874015748,0.162083853034248,
0.342132982114107));
#10609=CARTESIAN_POINT('Ctrl Pts',(-0.35246799525306,0.157028359506877,
0.317844163485738));
#10610=CARTESIAN_POINT('Ctrl Pts',(-0.360988220367636,0.151968493504701,
0.263700383323565));
#10611=CARTESIAN_POINT('Ctrl Pts',(-0.371743870673432,0.144705113138792,
0.140096398901607));
#10612=CARTESIAN_POINT('Ctrl Pts',(-0.374492632054175,0.142283498695785,
0.0723874127121982));
#10613=CARTESIAN_POINT('Ctrl Pts',(-0.406535790229274,0.139864181301441,
0.0379054568900319));
#10614=CARTESIAN_POINT('Ctrl Pts',(-0.32007874015748,0.179463272772005,
0.342132982114107));
#10615=CARTESIAN_POINT('Ctrl Pts',(-0.35246799525306,0.17127184632035,0.317844163485738));
#10616=CARTESIAN_POINT('Ctrl Pts',(-0.360988220367637,0.163073335138871,
0.263700383323565));
#10617=CARTESIAN_POINT('Ctrl Pts',(-0.371743870673433,0.151343251171738,
0.140096398901607));
#10618=CARTESIAN_POINT('Ctrl Pts',(-0.374492632054176,0.147454838812189,
0.0723874127121983));
#10619=CARTESIAN_POINT('Ctrl Pts',(-0.406535790229274,0.143570114848385,
0.0379054568900319));
#10620=CARTESIAN_POINT('Ctrl Pts',(-0.32007874015748,0.188444922878553,
0.342132982114107));
#10621=CARTESIAN_POINT('Ctrl Pts',(-0.35246799525306,0.178647782942297,
0.317844163485738));
#10622=CARTESIAN_POINT('Ctrl Pts',(-0.360988220367637,0.168842169501467,
0.263700383323565));
#10623=CARTESIAN_POINT('Ctrl Pts',(-0.371743870673433,0.154896571806096,
0.140096398901607));
#10624=CARTESIAN_POINT('Ctrl Pts',(-0.374492632054176,0.15032233623063,
0.0723874127121983));
#10625=CARTESIAN_POINT('Ctrl Pts',(-0.406535790229274,0.145752439595963,
0.0379054568900319));
#10626=CARTESIAN_POINT('Ctrl Pts',(-0.320078740157481,0.189310273447421,
0.34179546508998));
#10627=CARTESIAN_POINT('Ctrl Pts',(-0.352393670368481,0.179412105718232,
0.317650413933298));
#10628=CARTESIAN_POINT('Ctrl Pts',(-0.360839506315201,0.169505377105961,
0.263650525586686));
#10629=CARTESIAN_POINT('Ctrl Pts',(-0.371596704751278,0.155397518023542,
0.140141941724103));
#10630=CARTESIAN_POINT('Ctrl Pts',(-0.374408556407411,0.150759300543772,
0.0724005582302408));
#10631=CARTESIAN_POINT('Ctrl Pts',(-0.406514745012934,0.146125482695531,
0.0378862358344359));
#10632=CARTESIAN_POINT('Ctrl Pts',(-0.32007874015748,0.190464770140142,
0.34078157817449));
#10633=CARTESIAN_POINT('Ctrl Pts',(-0.352071833016388,0.180421515848718,
0.317087671393442));
#10634=CARTESIAN_POINT('Ctrl Pts',(-0.360195553255261,0.170369575189464,
0.26353931761531));
#10635=CARTESIAN_POINT('Ctrl Pts',(-0.370891115533875,0.156169664162685,
0.1402435254405));
#10636=CARTESIAN_POINT('Ctrl Pts',(-0.373913898862605,0.151567989281116,
0.0723216065775769));
#10637=CARTESIAN_POINT('Ctrl Pts',(-0.406230819059198,0.146970679368198,
0.0376269200614947));
#10638=CARTESIAN_POINT('Ctrl Pts',(-0.320078740157481,0.190942956968499,
0.339147152074873));
#10639=CARTESIAN_POINT('Ctrl Pts',(-0.351577519524622,0.180813282325868,
0.316236941070489));
#10640=CARTESIAN_POINT('Ctrl Pts',(-0.359206498742098,0.170674846570813,
0.263472960884159));
#10641=CARTESIAN_POINT('Ctrl Pts',(-0.369570658279181,0.156669688409641,
0.1403041402067));
#10642=CARTESIAN_POINT('Ctrl Pts',(-0.372701745840045,0.152317152884536,
0.0718475288511102));
#10643=CARTESIAN_POINT('Ctrl Pts',(-0.405126867535617,0.147968746004241,
0.0366186570307289));
#10644=CARTESIAN_POINT('Ctrl Pts',(-0.32007874015748,0.190430911603355,
0.337531157166466));
#10645=CARTESIAN_POINT('Ctrl Pts',(-0.351092870061595,0.180385849330314,
0.31540107774779));
#10646=CARTESIAN_POINT('Ctrl Pts',(-0.358236780644789,0.170332099125727,
0.263417903879651));
#10647=CARTESIAN_POINT('Ctrl Pts',(-0.36825137301237,0.15617098321438,0.140354433217283));
#10648=CARTESIAN_POINT('Ctrl Pts',(-0.371466196954127,0.151606151455309,
0.0713463897957521));
#10649=CARTESIAN_POINT('Ctrl Pts',(-0.403974975601539,0.147045649716946,
0.0355666089762999));
#10650=CARTESIAN_POINT('Ctrl Pts',(-0.32007874015748,0.189273591738957,
0.336542307975266));
#10651=CARTESIAN_POINT('Ctrl Pts',(-0.350784455557427,0.179377354518184,
0.314855754160676));
#10652=CARTESIAN_POINT('Ctrl Pts',(-0.357619684890062,0.169472558084019,
0.263316489500028));
#10653=CARTESIAN_POINT('Ctrl Pts',(-0.367559202522873,0.155391748986841,
0.140447070953209));
#10654=CARTESIAN_POINT('Ctrl Pts',(-0.370961576255484,0.150776572242774,
0.071247742808455));
#10655=CARTESIAN_POINT('Ctrl Pts',(-0.40365772679136,0.146165773274698,
0.0352768587109802));
#10656=CARTESIAN_POINT('Ctrl Pts',(-0.32007874015748,0.188413644923615,
0.336227470303083));
#10657=CARTESIAN_POINT('Ctrl Pts',(-0.350713960686905,0.178623870520438,
0.31467583790553));
#10658=CARTESIAN_POINT('Ctrl Pts',(-0.357478634178306,0.168825628983105,
0.263271611354877));
#10659=CARTESIAN_POINT('Ctrl Pts',(-0.367416431377495,0.154894431730556,
0.140488065148285));
#10660=CARTESIAN_POINT('Ctrl Pts',(-0.370875739281664,0.150327202674095,
0.0712550004630065));
#10661=CARTESIAN_POINT('Ctrl Pts',(-0.403628769983572,0.145764305912325,
0.0352504118261689));
#10662=CARTESIAN_POINT('Ctrl Pts',(-0.32007874015748,0.183829850719898,
0.336227470303083));
#10663=CARTESIAN_POINT('Ctrl Pts',(-0.350713960686905,0.1748464055121,0.31467583790553));
#10664=CARTESIAN_POINT('Ctrl Pts',(-0.357478634178306,0.165855190560832,
0.263271611354877));
#10665=CARTESIAN_POINT('Ctrl Pts',(-0.367416431377495,0.153005128440526,
0.140488065148285));
#10666=CARTESIAN_POINT('Ctrl Pts',(-0.370875739281664,0.14875367664944,
0.0712550004630065));
#10667=CARTESIAN_POINT('Ctrl Pts',(-0.403628769983572,0.144506257619092,
0.0352504118261689));
#10668=CARTESIAN_POINT('Ctrl Pts',(-0.32007874015748,0.175521293232058,
0.336227470303083));
#10669=CARTESIAN_POINT('Ctrl Pts',(-0.350713960686905,0.168008038359666,
0.31467583790553));
#10670=CARTESIAN_POINT('Ctrl Pts',(-0.357478634178306,0.160488285305158,
0.263271611354877));
#10671=CARTESIAN_POINT('Ctrl Pts',(-0.367416431377495,0.149715478876007,
0.140488065148285));
#10672=CARTESIAN_POINT('Ctrl Pts',(-0.370875739281664,0.146136362311098,
0.0712550004630065));
#10673=CARTESIAN_POINT('Ctrl Pts',(-0.403628769983572,0.142560640756051,
0.0352504118261689));
#10674=CARTESIAN_POINT('Ctrl Pts',(-0.32007874015748,0.162100457627442,
0.336227470303084));
#10675=CARTESIAN_POINT('Ctrl Pts',(-0.350713960686906,0.157033835352977,
0.31467583790553));
#10676=CARTESIAN_POINT('Ctrl Pts',(-0.357478634178307,0.151962830978501,
0.263271611354877));
#10677=CARTESIAN_POINT('Ctrl Pts',(-0.367416431377496,0.144705169875391,
0.140488065148285));
#10678=CARTESIAN_POINT('Ctrl Pts',(-0.370875739281665,0.142298001139064,
0.0712550004630064));
#10679=CARTESIAN_POINT('Ctrl Pts',(-0.403628769983573,0.139893115748767,
0.0352504118261689));
#10680=CARTESIAN_POINT('Ctrl Pts',(-0.32007874015748,0.148199667406016,
0.336227470303083));
#10681=CARTESIAN_POINT('Ctrl Pts',(-0.350713960686905,0.145711331457648,
0.31467583790553));
#10682=CARTESIAN_POINT('Ctrl Pts',(-0.357478634178306,0.143220843358125,
0.263271611354877));
#10683=CARTESIAN_POINT('Ctrl Pts',(-0.367416431377495,0.139663306713735,
0.140488065148285));
#10684=CARTESIAN_POINT('Ctrl Pts',(-0.370875739281664,0.138487348289266,
0.0712550004630065));
#10685=CARTESIAN_POINT('Ctrl Pts',(-0.403628769983572,0.137312505332922,
0.0352504118261689));
#10686=CARTESIAN_POINT('Ctrl Pts',(-0.32007874015748,0.139074803149606,
0.336227470303083));
#10687=CARTESIAN_POINT('Ctrl Pts',(-0.350713960686905,0.138268053327188,
0.31467583790553));
#10688=CARTESIAN_POINT('Ctrl Pts',(-0.357478634178306,0.137460605750287,
0.263271611354877));
#10689=CARTESIAN_POINT('Ctrl Pts',(-0.367416431377495,0.13631182671124,
0.140488065148285));
#10690=CARTESIAN_POINT('Ctrl Pts',(-0.370875739281664,0.135934774241581,
0.0712550004630065));
#10691=CARTESIAN_POINT('Ctrl Pts',(-0.403628769983572,0.135558079429134,
0.0352504118261689));
#10692=CARTESIAN_POINT('Ctrl Pts',(-0.32007874015748,0.134645669291339,
0.336227470303083));
#10693=CARTESIAN_POINT('Ctrl Pts',(-0.350713960686905,0.134645669291339,
0.31467583790553));
#10694=CARTESIAN_POINT('Ctrl Pts',(-0.357478634178306,0.134645669291339,
0.263271611354877));
#10695=CARTESIAN_POINT('Ctrl Pts',(-0.367416431377495,0.134645669291339,
0.140488065148285));
#10696=CARTESIAN_POINT('Ctrl Pts',(-0.370875739281664,0.134645669291339,
0.0712550004630065));
#10697=CARTESIAN_POINT('Ctrl Pts',(-0.403628769983572,0.134645669291339,
0.0352504118261689));
#10698=CARTESIAN_POINT('Origin',(-0.405082280106423,-0.11252372480315,0.0365779343581004));
#10699=CARTESIAN_POINT('Ctrl Pts',(-0.406535790229274,-0.101575196850394,
0.0379054568900319));
#10700=CARTESIAN_POINT('Ctrl Pts',(-0.406535790229274,-0.0979363596090489,
0.0379054568900318));
#10701=CARTESIAN_POINT('Ctrl Pts',(-0.406535790229274,-0.094297522367704,
0.037905456890032));
#10702=CARTESIAN_POINT('Ctrl Pts',(-0.406535790229274,-0.0905439990470163,
0.037905456890032));
#10703=CARTESIAN_POINT('Ctrl Pts',(-0.406535790229274,-0.0903225747946093,
0.0379054568900321));
#10704=CARTESIAN_POINT('Ctrl Pts',(-0.406436155294912,-0.0898555695327203,
0.0378144581289962));
#10705=CARTESIAN_POINT('Ctrl Pts',(-0.406364463729937,-0.0896650219006665,
0.037748980657352));
#10706=CARTESIAN_POINT('Ctrl Pts',(-0.40614374483421,-0.0892718998187868,
0.0375473932705877));
#10707=CARTESIAN_POINT('Ctrl Pts',(-0.405974240304249,-0.0890716998675336,
0.0373925810823196));
#10708=CARTESIAN_POINT('Ctrl Pts',(-0.405649306084175,-0.0888076266770369,
0.0370958115643352));
#10709=CARTESIAN_POINT('Ctrl Pts',(-0.405493703115147,-0.0887180231787239,
0.0369536959752028));
#10710=CARTESIAN_POINT('Ctrl Pts',(-0.40518847132657,-0.0886293765153402,
0.0366749211180981));
#10711=CARTESIAN_POINT('Ctrl Pts',(-0.405037590467668,-0.0886212440631509,
0.0365371183352477));
#10712=CARTESIAN_POINT('Ctrl Pts',(-0.404673946713168,-0.0887145433671635,
0.0362049945542668));
#10713=CARTESIAN_POINT('Ctrl Pts',(-0.40448419914238,-0.0888258196870296,
0.0360316939548143));
#10714=CARTESIAN_POINT('Ctrl Pts',(-0.404196003109794,-0.0890762706708978,
0.0357684782256248));
#10715=CARTESIAN_POINT('Ctrl Pts',(-0.404031265423767,-0.0892467690236159,
0.0356180197000033));
#10716=CARTESIAN_POINT('Ctrl Pts',(-0.403791844628963,-0.0896805941005394,
0.0353993514604653));
#10717=CARTESIAN_POINT('Ctrl Pts',(-0.40371796280598,-0.0898917257464952,
0.0353318735783584));
#10718=CARTESIAN_POINT('Ctrl Pts',(-0.403628769983572,-0.090362327753736,
0.0352504118261689));
#10719=CARTESIAN_POINT('Ctrl Pts',(-0.403628769983572,-0.0905624128053705,
0.035250411826169));
#10720=CARTESIAN_POINT('Ctrl Pts',(-0.403628769983572,-0.0947093965810797,
0.0352504118261688));
#10721=CARTESIAN_POINT('Ctrl Pts',(-0.403628769983572,-0.0981419030149493,
0.0352504118261689));
#10722=CARTESIAN_POINT('Ctrl Pts',(-0.403628769983572,-0.101574803149606,
0.0352504118261689));
#10723=CARTESIAN_POINT('Ctrl Pts',(-0.32007874015748,-0.101574803149606,
0.336227470303083));
#10724=CARTESIAN_POINT('Ctrl Pts',(-0.350713960686905,-0.101574803149606,
0.31467583790553));
#10725=CARTESIAN_POINT('Ctrl Pts',(-0.357478634178306,-0.101574803149606,
0.263271611354877));
#10726=CARTESIAN_POINT('Ctrl Pts',(-0.367416431377495,-0.101574803149606,
0.140488065148285));
#10727=CARTESIAN_POINT('Ctrl Pts',(-0.370875739281664,-0.101574803149606,
0.0712550004630065));
#10728=CARTESIAN_POINT('Ctrl Pts',(-0.403628769983572,-0.101574803149606,
0.0352504118261689));
#10729=CARTESIAN_POINT('Ctrl Pts',(-0.32007874015748,-0.106003937007874,
0.336227470303083));
#10730=CARTESIAN_POINT('Ctrl Pts',(-0.350713960686905,-0.105197187185456,
0.31467583790553));
#10731=CARTESIAN_POINT('Ctrl Pts',(-0.357478634178306,-0.104389739608555,
0.263271611354877));
#10732=CARTESIAN_POINT('Ctrl Pts',(-0.367416431377495,-0.103240960569508,
0.140488065148285));
#10733=CARTESIAN_POINT('Ctrl Pts',(-0.370875739281664,-0.102863908099849,
0.0712550004630065));
#10734=CARTESIAN_POINT('Ctrl Pts',(-0.403628769983572,-0.102487213287402,
0.0352504118261689));
#10735=CARTESIAN_POINT('Ctrl Pts',(-0.320078740157481,-0.115128801264283,
0.336227470303084));
#10736=CARTESIAN_POINT('Ctrl Pts',(-0.350713960686906,-0.112640465315916,
0.31467583790553));
#10737=CARTESIAN_POINT('Ctrl Pts',(-0.357478634178307,-0.110149977216393,
0.263271611354877));
#10738=CARTESIAN_POINT('Ctrl Pts',(-0.367416431377495,-0.106592440572003,
0.140488065148285));
#10739=CARTESIAN_POINT('Ctrl Pts',(-0.370875739281664,-0.105416482147533,
0.0712550004630066));
#10740=CARTESIAN_POINT('Ctrl Pts',(-0.403628769983572,-0.10424163919119,
0.0352504118261689));
#10741=CARTESIAN_POINT('Ctrl Pts',(-0.32007874015748,-0.12902959148571,
0.336227470303083));
#10742=CARTESIAN_POINT('Ctrl Pts',(-0.350713960686905,-0.123962969211245,
0.314675837905529));
#10743=CARTESIAN_POINT('Ctrl Pts',(-0.357478634178306,-0.118891964836769,
0.263271611354876));
#10744=CARTESIAN_POINT('Ctrl Pts',(-0.367416431377495,-0.111634303733658,
0.140488065148285));
#10745=CARTESIAN_POINT('Ctrl Pts',(-0.370875739281664,-0.109227134997332,
0.0712550004630063));
#10746=CARTESIAN_POINT('Ctrl Pts',(-0.403628769983572,-0.106822249607035,
0.0352504118261689));
#10747=CARTESIAN_POINT('Ctrl Pts',(-0.32007874015748,-0.142450427090325,
0.336227470303084));
#10748=CARTESIAN_POINT('Ctrl Pts',(-0.350713960686906,-0.134937172217933,
0.31467583790553));
#10749=CARTESIAN_POINT('Ctrl Pts',(-0.357478634178307,-0.127417419163425,
0.263271611354877));
#10750=CARTESIAN_POINT('Ctrl Pts',(-0.367416431377496,-0.116644612734275,
0.140488065148285));
#10751=CARTESIAN_POINT('Ctrl Pts',(-0.370875739281665,-0.113065496169365,
0.0712550004630066));
#10752=CARTESIAN_POINT('Ctrl Pts',(-0.403628769983572,-0.109489774614318,
0.0352504118261689));
#10753=CARTESIAN_POINT('Ctrl Pts',(-0.32007874015748,-0.150758984578165,
0.336227470303083));
#10754=CARTESIAN_POINT('Ctrl Pts',(-0.350713960686905,-0.141775539370368,
0.31467583790553));
#10755=CARTESIAN_POINT('Ctrl Pts',(-0.357478634178306,-0.132784324419099,
0.263271611354877));
#10756=CARTESIAN_POINT('Ctrl Pts',(-0.367416431377495,-0.119934262298794,
0.140488065148285));
#10757=CARTESIAN_POINT('Ctrl Pts',(-0.370875739281665,-0.115682810507708,
0.0712550004630065));
#10758=CARTESIAN_POINT('Ctrl Pts',(-0.403628769983572,-0.11143539147736,
0.0352504118261689));
#10759=CARTESIAN_POINT('Ctrl Pts',(-0.32007874015748,-0.155342778781883,
0.336227470303083));
#10760=CARTESIAN_POINT('Ctrl Pts',(-0.350713960686905,-0.145553004378706,
0.31467583790553));
#10761=CARTESIAN_POINT('Ctrl Pts',(-0.357478634178306,-0.135754762841373,
0.263271611354877));
#10762=CARTESIAN_POINT('Ctrl Pts',(-0.367416431377495,-0.121823565588824,
0.140488065148285));
#10763=CARTESIAN_POINT('Ctrl Pts',(-0.370875739281664,-0.117256336532363,
0.0712550004630065));
#10764=CARTESIAN_POINT('Ctrl Pts',(-0.403628769983572,-0.112693439770592,
0.0352504118261689));
#10765=CARTESIAN_POINT('Ctrl Pts',(-0.32007874015748,-0.156202725597225,
0.336542307975266));
#10766=CARTESIAN_POINT('Ctrl Pts',(-0.35078445645021,-0.146306498011445,
0.314855754976075));
#10767=CARTESIAN_POINT('Ctrl Pts',(-0.357619686676401,-0.136401711220606,
0.263316491131531));
#10768=CARTESIAN_POINT('Ctrl Pts',(-0.367559200891141,-0.122320865235315,
0.140447069462912));
#10769=CARTESIAN_POINT('Ctrl Pts',(-0.37096157076896,-0.11770564689003,
0.0712477377974929));
#10770=CARTESIAN_POINT('Ctrl Pts',(-0.403657717453701,-0.113094806360195,
0.0352768501826927));
#10771=CARTESIAN_POINT('Ctrl Pts',(-0.32007874015748,-0.157360045461623,
0.337531157166466));
#10772=CARTESIAN_POINT('Ctrl Pts',(-0.351092898625208,-0.147314999448614,
0.315401103835561));
#10773=CARTESIAN_POINT('Ctrl Pts',(-0.358236837796719,-0.137261265518122,
0.263417956077757));
#10774=CARTESIAN_POINT('Ctrl Pts',(-0.368251320806904,-0.123100087354329,
0.140354385536891));
#10775=CARTESIAN_POINT('Ctrl Pts',(-0.371466021418934,-0.118535185388967,
0.0713462294756278));
#10776=CARTESIAN_POINT('Ctrl Pts',(-0.403974676853605,-0.113974613510908,
0.0355663361232889));
#10777=CARTESIAN_POINT('Ctrl Pts',(-0.32007874015748,-0.157872090826766,
0.339147152074873));
#10778=CARTESIAN_POINT('Ctrl Pts',(-0.351577673050625,-0.147742321044459,
0.31623708128914));
#10779=CARTESIAN_POINT('Ctrl Pts',(-0.359206805926888,-0.137603790067442,
0.263473241442735));
#10780=CARTESIAN_POINT('Ctrl Pts',(-0.369570377681041,-0.123598996153868,
0.140303883930291));
#10781=CARTESIAN_POINT('Ctrl Pts',(-0.372700802359367,-0.119246871415395,
0.0718466671496062));
#10782=CARTESIAN_POINT('Ctrl Pts',(-0.405125261801185,-0.114898874932078,
0.0366171904784121));
#10783=CARTESIAN_POINT('Ctrl Pts',(-0.320078740157481,-0.15739390399841,
0.34078157817449));
#10784=CARTESIAN_POINT('Ctrl Pts',(-0.35207180619113,-0.147350742890612,
0.317087646893348));
#10785=CARTESIAN_POINT('Ctrl Pts',(-0.360195499581544,-0.137298895495578,
0.263539268593933));
#10786=CARTESIAN_POINT('Ctrl Pts',(-0.370891164562165,-0.12309862771005,
0.140243570219108));
#10787=CARTESIAN_POINT('Ctrl Pts',(-0.37391406371489,-0.118496550487528,
0.0723217571407678));
#10788=CARTESIAN_POINT('Ctrl Pts',(-0.406231099625611,-0.113898838615302,
0.0376271763089256));
#10789=CARTESIAN_POINT('Ctrl Pts',(-0.32007874015748,-0.156239407305689,
0.34179546508998));
#10790=CARTESIAN_POINT('Ctrl Pts',(-0.352393654644603,-0.146341272288571,
0.317650399572338));
#10791=CARTESIAN_POINT('Ctrl Pts',(-0.360839474853846,-0.136434576416664,
0.263650496852344));
#10792=CARTESIAN_POINT('Ctrl Pts',(-0.371596733489672,-0.122326592094241,
0.140141967971506));
#10793=CARTESIAN_POINT('Ctrl Pts',(-0.37440865303713,-0.117688233372853,
0.0724006464842733));
#10794=CARTESIAN_POINT('Ctrl Pts',(-0.406514909469579,-0.113054274416971,
0.037886386036281));
#10795=CARTESIAN_POINT('Ctrl Pts',(-0.32007874015748,-0.155374056736821,
0.342132982114107));
#10796=CARTESIAN_POINT('Ctrl Pts',(-0.35246799525306,-0.145576916800565,
0.317844163485738));
#10797=CARTESIAN_POINT('Ctrl Pts',(-0.360988220367637,-0.135771303359735,
0.263700383323565));
#10798=CARTESIAN_POINT('Ctrl Pts',(-0.371743870673433,-0.121825705664364,
0.140096398901607));
#10799=CARTESIAN_POINT('Ctrl Pts',(-0.374492632054176,-0.117251470088897,
0.0723874127121983));
#10800=CARTESIAN_POINT('Ctrl Pts',(-0.406535790229274,-0.112681573454231,
0.0379054568900319));
#10801=CARTESIAN_POINT('Ctrl Pts',(-0.32007874015748,-0.146392406630273,
0.342132982114107));
#10802=CARTESIAN_POINT('Ctrl Pts',(-0.35246799525306,-0.138200980178618,
0.317844163485738));
#10803=CARTESIAN_POINT('Ctrl Pts',(-0.360988220367637,-0.130002468997139,
0.263700383323565));
#10804=CARTESIAN_POINT('Ctrl Pts',(-0.371743870673433,-0.118272385030006,
0.140096398901607));
#10805=CARTESIAN_POINT('Ctrl Pts',(-0.374492632054176,-0.114383972670457,
0.0723874127121983));
#10806=CARTESIAN_POINT('Ctrl Pts',(-0.406535790229274,-0.110499248706652,
0.0379054568900319));
#10807=CARTESIAN_POINT('Ctrl Pts',(-0.32007874015748,-0.129012986892516,
0.342132982114107));
#10808=CARTESIAN_POINT('Ctrl Pts',(-0.35246799525306,-0.123957493365145,
0.317844163485738));
#10809=CARTESIAN_POINT('Ctrl Pts',(-0.360988220367636,-0.118897627362969,
0.263700383323565));
#10810=CARTESIAN_POINT('Ctrl Pts',(-0.371743870673432,-0.11163424699706,
0.140096398901607));
#10811=CARTESIAN_POINT('Ctrl Pts',(-0.374492632054176,-0.109212632554053,
0.0723874127121982));
#10812=CARTESIAN_POINT('Ctrl Pts',(-0.406535790229274,-0.106793315159708,
0.0379054568900319));
#10813=CARTESIAN_POINT('Ctrl Pts',(-0.32007874015748,-0.101574803149606,
0.342132982114107));
#10814=CARTESIAN_POINT('Ctrl Pts',(-0.352467995253061,-0.101574803149606,
0.317844163485738));
#10815=CARTESIAN_POINT('Ctrl Pts',(-0.360988220367637,-0.101574803149606,
0.263700383323565));
#10816=CARTESIAN_POINT('Ctrl Pts',(-0.371743870673433,-0.101574803149606,
0.140096398901608));
#10817=CARTESIAN_POINT('Ctrl Pts',(-0.374492632054176,-0.101574803149606,
0.0723874127121984));
#10818=CARTESIAN_POINT('Ctrl Pts',(-0.406535790229273,-0.101574803149606,
0.0379054568900319));
#10819=CARTESIAN_POINT('Ctrl Pts',(-0.32007874015748,-0.0741366194066967,
0.342132982114107));
#10820=CARTESIAN_POINT('Ctrl Pts',(-0.35246799525306,-0.0791921129340683,
0.317844163485738));
#10821=CARTESIAN_POINT('Ctrl Pts',(-0.360988220367636,-0.0842519789362443,
0.263700383323565));
#10822=CARTESIAN_POINT('Ctrl Pts',(-0.371743870673432,-0.0915153593021528,
0.140096398901607));
#10823=CARTESIAN_POINT('Ctrl Pts',(-0.374492632054175,-0.0939369737451595,
0.0723874127121982));
#10824=CARTESIAN_POINT('Ctrl Pts',(-0.406535790229274,-0.096356291139504,
0.0379054568900319));
#10825=CARTESIAN_POINT('Ctrl Pts',(-0.32007874015748,-0.0567571996689398,
0.342132982114107));
#10826=CARTESIAN_POINT('Ctrl Pts',(-0.35246799525306,-0.0649486261205946,
0.317844163485738));
#10827=CARTESIAN_POINT('Ctrl Pts',(-0.360988220367637,-0.0731471373020739,
0.263700383323565));
#10828=CARTESIAN_POINT('Ctrl Pts',(-0.371743870673433,-0.0848772212692065,
0.140096398901607));
#10829=CARTESIAN_POINT('Ctrl Pts',(-0.374492632054176,-0.0887656336287559,
0.0723874127121983));
#10830=CARTESIAN_POINT('Ctrl Pts',(-0.406535790229274,-0.0926503575925602,
0.0379054568900319));
#10831=CARTESIAN_POINT('Ctrl Pts',(-0.32007874015748,-0.0477755495623915,
0.342132982114107));
#10832=CARTESIAN_POINT('Ctrl Pts',(-0.35246799525306,-0.057572689498648,
0.317844163485738));
#10833=CARTESIAN_POINT('Ctrl Pts',(-0.360988220367637,-0.0673783029394781,
0.263700383323565));
#10834=CARTESIAN_POINT('Ctrl Pts',(-0.371743870673433,-0.0813239006348491,
0.140096398901607));
#10835=CARTESIAN_POINT('Ctrl Pts',(-0.374492632054176,-0.0858981362103153,
0.0723874127121983));
#10836=CARTESIAN_POINT('Ctrl Pts',(-0.406535790229274,-0.0904680328449815,
0.0379054568900319));
#10837=CARTESIAN_POINT('Ctrl Pts',(-0.320078740157481,-0.0469101989935236,
0.34179546508998));
#10838=CARTESIAN_POINT('Ctrl Pts',(-0.352393670368481,-0.0568083667227132,
0.317650413933298));
#10839=CARTESIAN_POINT('Ctrl Pts',(-0.360839506315201,-0.0667150953349838,
0.263650525586686));
#10840=CARTESIAN_POINT('Ctrl Pts',(-0.371596704751278,-0.0808229544174032,
0.140141941724103));
#10841=CARTESIAN_POINT('Ctrl Pts',(-0.374408556407411,-0.0854611718971733,
0.0724005582302408));
#10842=CARTESIAN_POINT('Ctrl Pts',(-0.406514745012934,-0.0900949897454137,
0.0378862358344359));
#10843=CARTESIAN_POINT('Ctrl Pts',(-0.32007874015748,-0.045755702300803,
0.34078157817449));
#10844=CARTESIAN_POINT('Ctrl Pts',(-0.352071833016388,-0.0557989565922265,
0.317087671393442));
#10845=CARTESIAN_POINT('Ctrl Pts',(-0.360195553255261,-0.0658508972514804,
0.26353931761531));
#10846=CARTESIAN_POINT('Ctrl Pts',(-0.370891115533875,-0.0800508082782596,
0.1402435254405));
#10847=CARTESIAN_POINT('Ctrl Pts',(-0.373913898862605,-0.0846524831598288,
0.0723216065775769));
#10848=CARTESIAN_POINT('Ctrl Pts',(-0.406230819059198,-0.0892497930727464,
0.0376269200614947));
#10849=CARTESIAN_POINT('Ctrl Pts',(-0.320078740157481,-0.0452775154724458,
0.339147152074873));
#10850=CARTESIAN_POINT('Ctrl Pts',(-0.351577519524622,-0.0554071901150771,
0.316236941070489));
#10851=CARTESIAN_POINT('Ctrl Pts',(-0.359206498742098,-0.0655456258701322,
0.263472960884159));
#10852=CARTESIAN_POINT('Ctrl Pts',(-0.369570658279181,-0.0795507840313036,
0.1403041402067));
#10853=CARTESIAN_POINT('Ctrl Pts',(-0.372701745840045,-0.0839033195564093,
0.0718475288511102));
#10854=CARTESIAN_POINT('Ctrl Pts',(-0.405126867535617,-0.0882517264367039,
0.0366186570307289));
#10855=CARTESIAN_POINT('Ctrl Pts',(-0.32007874015748,-0.0457895608375895,
0.337531157166466));
#10856=CARTESIAN_POINT('Ctrl Pts',(-0.351092870061595,-0.0558346231106308,
0.31540107774779));
#10857=CARTESIAN_POINT('Ctrl Pts',(-0.358236780644789,-0.065888373315218,
0.263417903879651));
#10858=CARTESIAN_POINT('Ctrl Pts',(-0.36825137301237,-0.0800494892265649,
0.140354433217283));
#10859=CARTESIAN_POINT('Ctrl Pts',(-0.371466196954127,-0.0846143209856358,
0.0713463897957521));
#10860=CARTESIAN_POINT('Ctrl Pts',(-0.403974975601539,-0.0891748227239986,
0.0355666089762999));
#10861=CARTESIAN_POINT('Ctrl Pts',(-0.32007874015748,-0.0469468807019877,
0.336542307975266));
#10862=CARTESIAN_POINT('Ctrl Pts',(-0.350784455557427,-0.0568431179227606,
0.314855754160676));
#10863=CARTESIAN_POINT('Ctrl Pts',(-0.357619684890062,-0.0667479143569261,
0.263316489500028));
#10864=CARTESIAN_POINT('Ctrl Pts',(-0.367559202522873,-0.0808287234541038,
0.140447070953209));
#10865=CARTESIAN_POINT('Ctrl Pts',(-0.370961576255484,-0.0854439001981705,
0.071247742808455));
#10866=CARTESIAN_POINT('Ctrl Pts',(-0.40365772679136,-0.0900546991662473,
0.0352768587109802));
#10867=CARTESIAN_POINT('Ctrl Pts',(-0.32007874015748,-0.0478068275173295,
0.336227470303083));
#10868=CARTESIAN_POINT('Ctrl Pts',(-0.350713960686905,-0.0575966019205071,
0.31467583790553));
#10869=CARTESIAN_POINT('Ctrl Pts',(-0.357478634178306,-0.0673948434578401,
0.263271611354877));
#10870=CARTESIAN_POINT('Ctrl Pts',(-0.367416431377495,-0.0813260407103889,
0.140488065148285));
#10871=CARTESIAN_POINT('Ctrl Pts',(-0.370875739281664,-0.0858932697668497,
0.0712550004630065));
#10872=CARTESIAN_POINT('Ctrl Pts',(-0.403628769983572,-0.0904561665286201,
0.0352504118261689));
#10873=CARTESIAN_POINT('Ctrl Pts',(-0.32007874015748,-0.0523906217210473,
0.336227470303083));
#10874=CARTESIAN_POINT('Ctrl Pts',(-0.350713960686905,-0.0613740669288448,
0.31467583790553));
#10875=CARTESIAN_POINT('Ctrl Pts',(-0.357478634178306,-0.0703652818801133,
0.263271611354877));
#10876=CARTESIAN_POINT('Ctrl Pts',(-0.367416431377495,-0.0832153440004184,
0.140488065148285));
#10877=CARTESIAN_POINT('Ctrl Pts',(-0.370875739281664,-0.0874667957915046,
0.0712550004630065));
#10878=CARTESIAN_POINT('Ctrl Pts',(-0.403628769983572,-0.0917142148218527,
0.0352504118261689));
#10879=CARTESIAN_POINT('Ctrl Pts',(-0.32007874015748,-0.0606991792088871,
0.336227470303083));
#10880=CARTESIAN_POINT('Ctrl Pts',(-0.350713960686905,-0.0682124340812791,
0.31467583790553));
#10881=CARTESIAN_POINT('Ctrl Pts',(-0.357478634178306,-0.0757321871357872,
0.263271611354877));
#10882=CARTESIAN_POINT('Ctrl Pts',(-0.367416431377495,-0.0865049935649377,
0.140488065148285));
#10883=CARTESIAN_POINT('Ctrl Pts',(-0.370875739281664,-0.0900841101298472,
0.0712550004630065));
#10884=CARTESIAN_POINT('Ctrl Pts',(-0.403628769983572,-0.0936598316848942,
0.0352504118261689));
#10885=CARTESIAN_POINT('Ctrl Pts',(-0.32007874015748,-0.0741200148135031,
0.336227470303084));
#10886=CARTESIAN_POINT('Ctrl Pts',(-0.350713960686906,-0.0791866370879682,
0.31467583790553));
#10887=CARTESIAN_POINT('Ctrl Pts',(-0.357478634178307,-0.0842576414624436,
0.263271611354877));
#10888=CARTESIAN_POINT('Ctrl Pts',(-0.367416431377496,-0.0915153025655544,
0.140488065148285));
#10889=CARTESIAN_POINT('Ctrl Pts',(-0.370875739281665,-0.0939224713018811,
0.0712550004630064));
#10890=CARTESIAN_POINT('Ctrl Pts',(-0.403628769983573,-0.0963273566921775,
0.0352504118261689));
#10891=CARTESIAN_POINT('Ctrl Pts',(-0.32007874015748,-0.0880208050349294,
0.336227470303083));
#10892=CARTESIAN_POINT('Ctrl Pts',(-0.350713960686905,-0.0905091409832965,
0.31467583790553));
#10893=CARTESIAN_POINT('Ctrl Pts',(-0.357478634178306,-0.0929996290828196,
0.263271611354877));
#10894=CARTESIAN_POINT('Ctrl Pts',(-0.367416431377495,-0.0965571657272095,
0.140488065148285));
#10895=CARTESIAN_POINT('Ctrl Pts',(-0.370875739281664,-0.0977331241516794,
0.0712550004630065));
#10896=CARTESIAN_POINT('Ctrl Pts',(-0.403628769983572,-0.0989079671080228,
0.0352504118261689));
#10897=CARTESIAN_POINT('Ctrl Pts',(-0.32007874015748,-0.0971456692913386,
0.336227470303083));
#10898=CARTESIAN_POINT('Ctrl Pts',(-0.350713960686905,-0.0979524191137569,
0.31467583790553));
#10899=CARTESIAN_POINT('Ctrl Pts',(-0.357478634178306,-0.098759866690658,
0.263271611354877));
#10900=CARTESIAN_POINT('Ctrl Pts',(-0.367416431377495,-0.0999086457297044,
0.140488065148285));
#10901=CARTESIAN_POINT('Ctrl Pts',(-0.370875739281664,-0.100285698199364,
0.0712550004630065));
#10902=CARTESIAN_POINT('Ctrl Pts',(-0.403628769983572,-0.100662393011811,
0.0352504118261689));
#10903=CARTESIAN_POINT('Ctrl Pts',(-0.32007874015748,-0.101574803149606,
0.336227470303083));
#10904=CARTESIAN_POINT('Ctrl Pts',(-0.350713960686905,-0.101574803149606,
0.31467583790553));
#10905=CARTESIAN_POINT('Ctrl Pts',(-0.357478634178306,-0.101574803149606,
0.263271611354877));
#10906=CARTESIAN_POINT('Ctrl Pts',(-0.367416431377495,-0.101574803149606,
0.140488065148285));
#10907=CARTESIAN_POINT('Ctrl Pts',(-0.370875739281664,-0.101574803149606,
0.0712550004630065));
#10908=CARTESIAN_POINT('Ctrl Pts',(-0.403628769983572,-0.101574803149606,
0.0352504118261689));
#10909=CARTESIAN_POINT('Origin',(0.405082280106423,0.123696747637795,0.0365779343581004));
#10910=CARTESIAN_POINT('Ctrl Pts',(0.406535790229274,0.134645669291339,
0.0379054568900319));
#10911=CARTESIAN_POINT('Ctrl Pts',(0.406535790229274,0.131120454805414,
0.037905456890032));
#10912=CARTESIAN_POINT('Ctrl Pts',(0.406535790229274,0.127595634020277,
0.037905456890032));
#10913=CARTESIAN_POINT('Ctrl Pts',(0.406535790229274,0.123655629086311,
0.0379054568900319));
#10914=CARTESIAN_POINT('Ctrl Pts',(0.406535790229274,0.123541164334655,
0.0379054568900321));
#10915=CARTESIAN_POINT('Ctrl Pts',(0.406501840883755,0.123200006853449,
0.0378744502115013));
#10916=CARTESIAN_POINT('Ctrl Pts',(0.406459573035034,0.123010081977728,
0.0378358460623651));
#10917=CARTESIAN_POINT('Ctrl Pts',(0.406296038516381,0.122576866181256,
0.037686486415778));
#10918=CARTESIAN_POINT('Ctrl Pts',(0.406161956082061,0.122378377295386,
0.037564026000884));
#10919=CARTESIAN_POINT('Ctrl Pts',(0.405863378071392,0.122036033731113,
0.0372913281844255));
#10920=CARTESIAN_POINT('Ctrl Pts',(0.405669257961687,0.12188091777814,0.0371140340497074));
#10921=CARTESIAN_POINT('Ctrl Pts',(0.405262091573645,0.121700964607882,
0.036742160097216));
#10922=CARTESIAN_POINT('Ctrl Pts',(0.405101943598969,0.121699671246406,
0.0365958934551865));
#10923=CARTESIAN_POINT('Ctrl Pts',(0.404845284119363,0.121727813746347,
0.0363614807484189));
#10924=CARTESIAN_POINT('Ctrl Pts',(0.404694629598887,0.12178514169707,0.0362238846853951));
#10925=CARTESIAN_POINT('Ctrl Pts',(0.404361477239557,0.121982998454929,
0.0359196093613895));
#10926=CARTESIAN_POINT('Ctrl Pts',(0.404185490457531,0.122148017712741,
0.035758876790774));
#10927=CARTESIAN_POINT('Ctrl Pts',(0.403939792922901,0.122471931044362,
0.0355344758677025));
#10928=CARTESIAN_POINT('Ctrl Pts',(0.403823027095335,0.12266495834532,0.0354278310878581));
#10929=CARTESIAN_POINT('Ctrl Pts',(0.403678883106681,0.123124171902392,
0.035296181235702));
#10930=CARTESIAN_POINT('Ctrl Pts',(0.403644407694213,0.123329276557636,
0.0352646940887398));
#10931=CARTESIAN_POINT('Ctrl Pts',(0.403628769983572,0.123616997193171,
0.0352504118261691));
#10932=CARTESIAN_POINT('Ctrl Pts',(0.403628769983572,0.123676913387915,
0.0352504118261691));
#10933=CARTESIAN_POINT('Ctrl Pts',(0.403628769983572,0.127734595035863,
0.0352504118261691));
#10934=CARTESIAN_POINT('Ctrl Pts',(0.403628769983572,0.131189935313207,
0.0352504118261689));
#10935=CARTESIAN_POINT('Ctrl Pts',(0.403628769983572,0.134645669291339,
0.0352504118261689));
#10936=CARTESIAN_POINT('Ctrl Pts',(0.32007874015748,0.134645669291339,0.336227470303083));
#10937=CARTESIAN_POINT('Ctrl Pts',(0.350713960686905,0.134645669291339,
0.31467583790553));
#10938=CARTESIAN_POINT('Ctrl Pts',(0.357478634178306,0.134645669291339,
0.263271611354877));
#10939=CARTESIAN_POINT('Ctrl Pts',(0.367416431377495,0.134645669291339,
0.140488065148285));
#10940=CARTESIAN_POINT('Ctrl Pts',(0.370875739281664,0.134645669291339,
0.0712550004630065));
#10941=CARTESIAN_POINT('Ctrl Pts',(0.403628769983572,0.134645669291339,
0.0352504118261689));
#10942=CARTESIAN_POINT('Ctrl Pts',(0.32007874015748,0.130216535433071,0.336227470303083));
#10943=CARTESIAN_POINT('Ctrl Pts',(0.350713960686905,0.131023285255489,
0.31467583790553));
#10944=CARTESIAN_POINT('Ctrl Pts',(0.357478634178306,0.13183073283239,0.263271611354877));
#10945=CARTESIAN_POINT('Ctrl Pts',(0.367416431377495,0.132979511871437,
0.140488065148285));
#10946=CARTESIAN_POINT('Ctrl Pts',(0.370875739281664,0.133356564341096,
0.0712550004630065));
#10947=CARTESIAN_POINT('Ctrl Pts',(0.403628769983572,0.133733259153543,
0.0352504118261689));
#10948=CARTESIAN_POINT('Ctrl Pts',(0.320078740157481,0.121091671176662,
0.336227470303084));
#10949=CARTESIAN_POINT('Ctrl Pts',(0.350713960686906,0.123580007125029,
0.31467583790553));
#10950=CARTESIAN_POINT('Ctrl Pts',(0.357478634178307,0.126070495224552,
0.263271611354877));
#10951=CARTESIAN_POINT('Ctrl Pts',(0.367416431377495,0.129628031868942,
0.140488065148285));
#10952=CARTESIAN_POINT('Ctrl Pts',(0.370875739281664,0.130803990293412,
0.0712550004630066));
#10953=CARTESIAN_POINT('Ctrl Pts',(0.403628769983572,0.131978833249755,
0.0352504118261689));
#10954=CARTESIAN_POINT('Ctrl Pts',(0.32007874015748,0.107190880955235,0.336227470303083));
#10955=CARTESIAN_POINT('Ctrl Pts',(0.350713960686905,0.1122575032297,0.314675837905529));
#10956=CARTESIAN_POINT('Ctrl Pts',(0.357478634178306,0.117328507604176,
0.263271611354876));
#10957=CARTESIAN_POINT('Ctrl Pts',(0.367416431377495,0.124586168707287,
0.140488065148285));
#10958=CARTESIAN_POINT('Ctrl Pts',(0.370875739281664,0.126993337443613,
0.0712550004630063));
#10959=CARTESIAN_POINT('Ctrl Pts',(0.403628769983572,0.12939822283391,0.0352504118261689));
#10960=CARTESIAN_POINT('Ctrl Pts',(0.32007874015748,0.0937700453506195,
0.336227470303084));
#10961=CARTESIAN_POINT('Ctrl Pts',(0.350713960686906,0.101283300223011,
0.31467583790553));
#10962=CARTESIAN_POINT('Ctrl Pts',(0.357478634178307,0.10880305327752,0.263271611354877));
#10963=CARTESIAN_POINT('Ctrl Pts',(0.367416431377496,0.11957585970667,0.140488065148285));
#10964=CARTESIAN_POINT('Ctrl Pts',(0.370875739281665,0.123154976271579,
0.0712550004630066));
#10965=CARTESIAN_POINT('Ctrl Pts',(0.403628769983572,0.126730697826627,
0.0352504118261689));
#10966=CARTESIAN_POINT('Ctrl Pts',(0.32007874015748,0.0854614878627796,
0.336227470303083));
#10967=CARTESIAN_POINT('Ctrl Pts',(0.350713960686905,0.094444933070577,
0.31467583790553));
#10968=CARTESIAN_POINT('Ctrl Pts',(0.357478634178306,0.103436148021846,
0.263271611354877));
#10969=CARTESIAN_POINT('Ctrl Pts',(0.367416431377495,0.116286210142151,
0.140488065148285));
#10970=CARTESIAN_POINT('Ctrl Pts',(0.370875739281665,0.120537661933237,
0.0712550004630065));
#10971=CARTESIAN_POINT('Ctrl Pts',(0.403628769983572,0.124785080963585,
0.0352504118261689));
#10972=CARTESIAN_POINT('Ctrl Pts',(0.32007874015748,0.0808776936590618,
0.336227470303083));
#10973=CARTESIAN_POINT('Ctrl Pts',(0.350713960686905,0.0906674680622393,
0.31467583790553));
#10974=CARTESIAN_POINT('Ctrl Pts',(0.357478634178306,0.100465709599572,
0.263271611354877));
#10975=CARTESIAN_POINT('Ctrl Pts',(0.367416431377495,0.114396906852121,
0.140488065148285));
#10976=CARTESIAN_POINT('Ctrl Pts',(0.370875739281664,0.118964135908582,
0.0712550004630065));
#10977=CARTESIAN_POINT('Ctrl Pts',(0.403628769983572,0.123527032670352,
0.0352504118261689));
#10978=CARTESIAN_POINT('Ctrl Pts',(0.32007874015748,0.0800177468437201,
0.336542307975266));
#10979=CARTESIAN_POINT('Ctrl Pts',(0.35078445645021,0.0899139744294995,
0.314855754976075));
#10980=CARTESIAN_POINT('Ctrl Pts',(0.357619686676401,0.0998187612203384,
0.263316491131531));
#10981=CARTESIAN_POINT('Ctrl Pts',(0.367559200891141,0.11389960720563,0.140447069462912));
#10982=CARTESIAN_POINT('Ctrl Pts',(0.37096157076896,0.118514825550915,0.0712477377974929));
#10983=CARTESIAN_POINT('Ctrl Pts',(0.403657717453701,0.12312566608075,0.0352768501826927));
#10984=CARTESIAN_POINT('Ctrl Pts',(0.32007874015748,0.0788604269793215,
0.337531157166466));
#10985=CARTESIAN_POINT('Ctrl Pts',(0.351092898625208,0.088905472992331,
0.315401103835561));
#10986=CARTESIAN_POINT('Ctrl Pts',(0.358236837796719,0.0989592069228233,
0.263417956077757));
#10987=CARTESIAN_POINT('Ctrl Pts',(0.368251320806904,0.113120385086616,
0.140354385536891));
#10988=CARTESIAN_POINT('Ctrl Pts',(0.371466021418934,0.117685287051978,
0.0713462294756278));
#10989=CARTESIAN_POINT('Ctrl Pts',(0.403974676853605,0.122245858930037,
0.0355663361232889));
#10990=CARTESIAN_POINT('Ctrl Pts',(0.32007874015748,0.0783483816141784,
0.339147152074873));
#10991=CARTESIAN_POINT('Ctrl Pts',(0.351577673050625,0.0884781513964856,
0.31623708128914));
#10992=CARTESIAN_POINT('Ctrl Pts',(0.359206805926888,0.0986166823735025,
0.263473241442735));
#10993=CARTESIAN_POINT('Ctrl Pts',(0.369570377681041,0.112621476287077,
0.140303883930291));
#10994=CARTESIAN_POINT('Ctrl Pts',(0.372700802359367,0.11697360102555,0.0718466671496062));
#10995=CARTESIAN_POINT('Ctrl Pts',(0.405125261801185,0.121321597508867,
0.0366171904784121));
#10996=CARTESIAN_POINT('Ctrl Pts',(0.320078740157481,0.0788265684425349,
0.34078157817449));
#10997=CARTESIAN_POINT('Ctrl Pts',(0.35207180619113,0.0888697295503327,
0.317087646893348));
#10998=CARTESIAN_POINT('Ctrl Pts',(0.360195499581544,0.098921576945367,
0.263539268593933));
#10999=CARTESIAN_POINT('Ctrl Pts',(0.370891164562165,0.113121844730895,
0.140243570219108));
#11000=CARTESIAN_POINT('Ctrl Pts',(0.37391406371489,0.117723921953417,0.0723217571407678));
#11001=CARTESIAN_POINT('Ctrl Pts',(0.406231099625611,0.122321633825643,
0.0376271763089256));
#11002=CARTESIAN_POINT('Ctrl Pts',(0.32007874015748,0.0799810651352562,
0.34179546508998));
#11003=CARTESIAN_POINT('Ctrl Pts',(0.352393654644603,0.089879200152374,
0.317650399572338));
#11004=CARTESIAN_POINT('Ctrl Pts',(0.360839474853846,0.0997858960242805,
0.263650496852344));
#11005=CARTESIAN_POINT('Ctrl Pts',(0.371596733489672,0.113893880346704,
0.140141967971506));
#11006=CARTESIAN_POINT('Ctrl Pts',(0.37440865303713,0.118532239068092,0.0724006464842733));
#11007=CARTESIAN_POINT('Ctrl Pts',(0.406514909469579,0.123166198023974,
0.037886386036281));
#11008=CARTESIAN_POINT('Ctrl Pts',(0.32007874015748,0.0808464157041237,
0.342132982114107));
#11009=CARTESIAN_POINT('Ctrl Pts',(0.35246799525306,0.0906435556403802,
0.317844163485738));
#11010=CARTESIAN_POINT('Ctrl Pts',(0.360988220367637,0.10044916908121,0.263700383323565));
#11011=CARTESIAN_POINT('Ctrl Pts',(0.371743870673433,0.114394766776581,
0.140096398901607));
#11012=CARTESIAN_POINT('Ctrl Pts',(0.374492632054176,0.118969002352048,
0.0723874127121983));
#11013=CARTESIAN_POINT('Ctrl Pts',(0.406535790229274,0.123538898986714,
0.0379054568900319));
#11014=CARTESIAN_POINT('Ctrl Pts',(0.32007874015748,0.0898280658106721,
0.342132982114107));
#11015=CARTESIAN_POINT('Ctrl Pts',(0.35246799525306,0.0980194922623267,
0.317844163485738));
#11016=CARTESIAN_POINT('Ctrl Pts',(0.360988220367637,0.106218003443806,
0.263700383323565));
#11017=CARTESIAN_POINT('Ctrl Pts',(0.371743870673433,0.117948087410939,
0.140096398901607));
#11018=CARTESIAN_POINT('Ctrl Pts',(0.374492632054176,0.121836499770488,
0.0723874127121983));
#11019=CARTESIAN_POINT('Ctrl Pts',(0.406535790229274,0.125721223734293,
0.0379054568900319));
#11020=CARTESIAN_POINT('Ctrl Pts',(0.32007874015748,0.107207485548429,0.342132982114107));
#11021=CARTESIAN_POINT('Ctrl Pts',(0.35246799525306,0.1122629790758,0.317844163485738));
#11022=CARTESIAN_POINT('Ctrl Pts',(0.360988220367636,0.117322845077976,
0.263700383323565));
#11023=CARTESIAN_POINT('Ctrl Pts',(0.371743870673432,0.124586225443885,
0.140096398901607));
#11024=CARTESIAN_POINT('Ctrl Pts',(0.374492632054176,0.127007839886892,
0.0723874127121982));
#11025=CARTESIAN_POINT('Ctrl Pts',(0.406535790229274,0.129427157281236,
0.0379054568900319));
#11026=CARTESIAN_POINT('Ctrl Pts',(0.32007874015748,0.134645669291339,0.342132982114107));
#11027=CARTESIAN_POINT('Ctrl Pts',(0.352467995253061,0.134645669291339,
0.317844163485738));
#11028=CARTESIAN_POINT('Ctrl Pts',(0.360988220367637,0.134645669291339,
0.263700383323565));
#11029=CARTESIAN_POINT('Ctrl Pts',(0.371743870673433,0.134645669291339,
0.140096398901608));
#11030=CARTESIAN_POINT('Ctrl Pts',(0.374492632054176,0.134645669291339,
0.0723874127121984));
#11031=CARTESIAN_POINT('Ctrl Pts',(0.406535790229273,0.134645669291339,
0.0379054568900319));
#11032=CARTESIAN_POINT('Ctrl Pts',(0.32007874015748,0.162083853034248,0.342132982114107));
#11033=CARTESIAN_POINT('Ctrl Pts',(0.35246799525306,0.157028359506877,0.317844163485738));
#11034=CARTESIAN_POINT('Ctrl Pts',(0.360988220367636,0.151968493504701,
0.263700383323565));
#11035=CARTESIAN_POINT('Ctrl Pts',(0.371743870673432,0.144705113138792,
0.140096398901607));
#11036=CARTESIAN_POINT('Ctrl Pts',(0.374492632054175,0.142283498695785,
0.0723874127121982));
#11037=CARTESIAN_POINT('Ctrl Pts',(0.406535790229274,0.139864181301441,
0.0379054568900319));
#11038=CARTESIAN_POINT('Ctrl Pts',(0.32007874015748,0.179463272772005,0.342132982114107));
#11039=CARTESIAN_POINT('Ctrl Pts',(0.35246799525306,0.17127184632035,0.317844163485738));
#11040=CARTESIAN_POINT('Ctrl Pts',(0.360988220367637,0.163073335138871,
0.263700383323565));
#11041=CARTESIAN_POINT('Ctrl Pts',(0.371743870673433,0.151343251171738,
0.140096398901607));
#11042=CARTESIAN_POINT('Ctrl Pts',(0.374492632054176,0.147454838812189,
0.0723874127121983));
#11043=CARTESIAN_POINT('Ctrl Pts',(0.406535790229274,0.143570114848385,
0.0379054568900319));
#11044=CARTESIAN_POINT('Ctrl Pts',(0.32007874015748,0.188444922878553,0.342132982114107));
#11045=CARTESIAN_POINT('Ctrl Pts',(0.35246799525306,0.178647782942297,0.317844163485738));
#11046=CARTESIAN_POINT('Ctrl Pts',(0.360988220367637,0.168842169501467,
0.263700383323565));
#11047=CARTESIAN_POINT('Ctrl Pts',(0.371743870673433,0.154896571806096,
0.140096398901607));
#11048=CARTESIAN_POINT('Ctrl Pts',(0.374492632054176,0.15032233623063,0.0723874127121983));
#11049=CARTESIAN_POINT('Ctrl Pts',(0.406535790229274,0.145752439595963,
0.0379054568900319));
#11050=CARTESIAN_POINT('Ctrl Pts',(0.320078740157481,0.189310273447421,
0.34179546508998));
#11051=CARTESIAN_POINT('Ctrl Pts',(0.352393670368481,0.179412105718232,
0.317650413933298));
#11052=CARTESIAN_POINT('Ctrl Pts',(0.360839506315201,0.169505377105961,
0.263650525586686));
#11053=CARTESIAN_POINT('Ctrl Pts',(0.371596704751278,0.155397518023542,
0.140141941724103));
#11054=CARTESIAN_POINT('Ctrl Pts',(0.374408556407411,0.150759300543772,
0.0724005582302408));
#11055=CARTESIAN_POINT('Ctrl Pts',(0.406514745012934,0.146125482695531,
0.0378862358344359));
#11056=CARTESIAN_POINT('Ctrl Pts',(0.32007874015748,0.190464770140142,0.34078157817449));
#11057=CARTESIAN_POINT('Ctrl Pts',(0.352071833016388,0.180421515848718,
0.317087671393442));
#11058=CARTESIAN_POINT('Ctrl Pts',(0.360195553255261,0.170369575189464,
0.26353931761531));
#11059=CARTESIAN_POINT('Ctrl Pts',(0.370891115533875,0.156169664162685,
0.1402435254405));
#11060=CARTESIAN_POINT('Ctrl Pts',(0.373913898862605,0.151567989281116,
0.0723216065775769));
#11061=CARTESIAN_POINT('Ctrl Pts',(0.406230819059198,0.146970679368198,
0.0376269200614947));
#11062=CARTESIAN_POINT('Ctrl Pts',(0.320078740157481,0.190942956968499,
0.339147152074873));
#11063=CARTESIAN_POINT('Ctrl Pts',(0.351577519524622,0.180813282325868,
0.316236941070489));
#11064=CARTESIAN_POINT('Ctrl Pts',(0.359206498742098,0.170674846570813,
0.263472960884159));
#11065=CARTESIAN_POINT('Ctrl Pts',(0.369570658279181,0.156669688409641,
0.1403041402067));
#11066=CARTESIAN_POINT('Ctrl Pts',(0.372701745840045,0.152317152884536,
0.0718475288511102));
#11067=CARTESIAN_POINT('Ctrl Pts',(0.405126867535617,0.147968746004241,
0.0366186570307289));
#11068=CARTESIAN_POINT('Ctrl Pts',(0.32007874015748,0.190430911603355,0.337531157166466));
#11069=CARTESIAN_POINT('Ctrl Pts',(0.351092870061595,0.180385849330314,
0.31540107774779));
#11070=CARTESIAN_POINT('Ctrl Pts',(0.358236780644789,0.170332099125727,
0.263417903879651));
#11071=CARTESIAN_POINT('Ctrl Pts',(0.36825137301237,0.15617098321438,0.140354433217283));
#11072=CARTESIAN_POINT('Ctrl Pts',(0.371466196954127,0.151606151455309,
0.0713463897957521));
#11073=CARTESIAN_POINT('Ctrl Pts',(0.403974975601539,0.147045649716946,
0.0355666089762999));
#11074=CARTESIAN_POINT('Ctrl Pts',(0.32007874015748,0.189273591738957,0.336542307975266));
#11075=CARTESIAN_POINT('Ctrl Pts',(0.350784455557427,0.179377354518184,
0.314855754160676));
#11076=CARTESIAN_POINT('Ctrl Pts',(0.357619684890062,0.169472558084019,
0.263316489500028));
#11077=CARTESIAN_POINT('Ctrl Pts',(0.367559202522873,0.155391748986841,
0.140447070953209));
#11078=CARTESIAN_POINT('Ctrl Pts',(0.370961576255484,0.150776572242774,
0.071247742808455));
#11079=CARTESIAN_POINT('Ctrl Pts',(0.40365772679136,0.146165773274698,0.0352768587109802));
#11080=CARTESIAN_POINT('Ctrl Pts',(0.32007874015748,0.188413644923615,0.336227470303083));
#11081=CARTESIAN_POINT('Ctrl Pts',(0.350713960686905,0.178623870520438,
0.31467583790553));
#11082=CARTESIAN_POINT('Ctrl Pts',(0.357478634178306,0.168825628983105,
0.263271611354877));
#11083=CARTESIAN_POINT('Ctrl Pts',(0.367416431377495,0.154894431730556,
0.140488065148285));
#11084=CARTESIAN_POINT('Ctrl Pts',(0.370875739281664,0.150327202674095,
0.0712550004630065));
#11085=CARTESIAN_POINT('Ctrl Pts',(0.403628769983572,0.145764305912325,
0.0352504118261689));
#11086=CARTESIAN_POINT('Ctrl Pts',(0.32007874015748,0.183829850719898,0.336227470303083));
#11087=CARTESIAN_POINT('Ctrl Pts',(0.350713960686905,0.1748464055121,0.31467583790553));
#11088=CARTESIAN_POINT('Ctrl Pts',(0.357478634178306,0.165855190560832,
0.263271611354877));
#11089=CARTESIAN_POINT('Ctrl Pts',(0.367416431377495,0.153005128440526,
0.140488065148285));
#11090=CARTESIAN_POINT('Ctrl Pts',(0.370875739281664,0.14875367664944,0.0712550004630065));
#11091=CARTESIAN_POINT('Ctrl Pts',(0.403628769983572,0.144506257619092,
0.0352504118261689));
#11092=CARTESIAN_POINT('Ctrl Pts',(0.32007874015748,0.175521293232058,0.336227470303083));
#11093=CARTESIAN_POINT('Ctrl Pts',(0.350713960686905,0.168008038359666,
0.31467583790553));
#11094=CARTESIAN_POINT('Ctrl Pts',(0.357478634178306,0.160488285305158,
0.263271611354877));
#11095=CARTESIAN_POINT('Ctrl Pts',(0.367416431377495,0.149715478876007,
0.140488065148285));
#11096=CARTESIAN_POINT('Ctrl Pts',(0.370875739281664,0.146136362311098,
0.0712550004630065));
#11097=CARTESIAN_POINT('Ctrl Pts',(0.403628769983572,0.142560640756051,
0.0352504118261689));
#11098=CARTESIAN_POINT('Ctrl Pts',(0.32007874015748,0.162100457627442,0.336227470303084));
#11099=CARTESIAN_POINT('Ctrl Pts',(0.350713960686906,0.157033835352977,
0.31467583790553));
#11100=CARTESIAN_POINT('Ctrl Pts',(0.357478634178307,0.151962830978501,
0.263271611354877));
#11101=CARTESIAN_POINT('Ctrl Pts',(0.367416431377496,0.144705169875391,
0.140488065148285));
#11102=CARTESIAN_POINT('Ctrl Pts',(0.370875739281665,0.142298001139064,
0.0712550004630064));
#11103=CARTESIAN_POINT('Ctrl Pts',(0.403628769983573,0.139893115748767,
0.0352504118261689));
#11104=CARTESIAN_POINT('Ctrl Pts',(0.32007874015748,0.148199667406016,0.336227470303083));
#11105=CARTESIAN_POINT('Ctrl Pts',(0.350713960686905,0.145711331457648,
0.31467583790553));
#11106=CARTESIAN_POINT('Ctrl Pts',(0.357478634178306,0.143220843358125,
0.263271611354877));
#11107=CARTESIAN_POINT('Ctrl Pts',(0.367416431377495,0.139663306713735,
0.140488065148285));
#11108=CARTESIAN_POINT('Ctrl Pts',(0.370875739281664,0.138487348289266,
0.0712550004630065));
#11109=CARTESIAN_POINT('Ctrl Pts',(0.403628769983572,0.137312505332922,
0.0352504118261689));
#11110=CARTESIAN_POINT('Ctrl Pts',(0.32007874015748,0.139074803149606,0.336227470303083));
#11111=CARTESIAN_POINT('Ctrl Pts',(0.350713960686905,0.138268053327188,
0.31467583790553));
#11112=CARTESIAN_POINT('Ctrl Pts',(0.357478634178306,0.137460605750287,
0.263271611354877));
#11113=CARTESIAN_POINT('Ctrl Pts',(0.367416431377495,0.13631182671124,0.140488065148285));
#11114=CARTESIAN_POINT('Ctrl Pts',(0.370875739281664,0.135934774241581,
0.0712550004630065));
#11115=CARTESIAN_POINT('Ctrl Pts',(0.403628769983572,0.135558079429134,
0.0352504118261689));
#11116=CARTESIAN_POINT('Ctrl Pts',(0.32007874015748,0.134645669291339,0.336227470303083));
#11117=CARTESIAN_POINT('Ctrl Pts',(0.350713960686905,0.134645669291339,
0.31467583790553));
#11118=CARTESIAN_POINT('Ctrl Pts',(0.357478634178306,0.134645669291339,
0.263271611354877));
#11119=CARTESIAN_POINT('Ctrl Pts',(0.367416431377495,0.134645669291339,
0.140488065148285));
#11120=CARTESIAN_POINT('Ctrl Pts',(0.370875739281664,0.134645669291339,
0.0712550004630065));
#11121=CARTESIAN_POINT('Ctrl Pts',(0.403628769983572,0.134645669291339,
0.0352504118261689));
#11122=CARTESIAN_POINT('Origin',(0.405082280106423,-0.11252372480315,0.0365779343581004));
#11123=CARTESIAN_POINT('Ctrl Pts',(0.406535790229274,-0.101574803149606,
0.0379054568900319));
#11124=CARTESIAN_POINT('Ctrl Pts',(0.406535790229274,-0.105100017635511,
0.037905456890032));
#11125=CARTESIAN_POINT('Ctrl Pts',(0.406535790229274,-0.108624838420628,
0.0379054568900318));
#11126=CARTESIAN_POINT('Ctrl Pts',(0.406535790229274,-0.112564843354628,
0.0379054568900318));
#11127=CARTESIAN_POINT('Ctrl Pts',(0.406535790229274,-0.112679308106268,
0.037905456890032));
#11128=CARTESIAN_POINT('Ctrl Pts',(0.406501840883762,-0.113020465587455,
0.0378744502115077));
#11129=CARTESIAN_POINT('Ctrl Pts',(0.406459573035045,-0.113210390463177,
0.0378358460623749));
#11130=CARTESIAN_POINT('Ctrl Pts',(0.406296038516404,-0.113643606259645,
0.0376864864157986));
#11131=CARTESIAN_POINT('Ctrl Pts',(0.406161956082094,-0.113842095145513,
0.0375640260009139));
#11132=CARTESIAN_POINT('Ctrl Pts',(0.405863378071426,-0.114184438709802,
0.0372913281844567));
#11133=CARTESIAN_POINT('Ctrl Pts',(0.405669257961719,-0.114339554662784,
0.0371140340497367));
#11134=CARTESIAN_POINT('Ctrl Pts',(0.405262091573668,-0.114519507833059,
0.0367421600972371));
#11135=CARTESIAN_POINT('Ctrl Pts',(0.405101943598989,-0.114520801194538,
0.0365958934552047));
#11136=CARTESIAN_POINT('Ctrl Pts',(0.404845284119393,-0.114492658694606,
0.0363614807484468));
#11137=CARTESIAN_POINT('Ctrl Pts',(0.40469462959892,-0.114435330743889,
0.0362238846854252));
#11138=CARTESIAN_POINT('Ctrl Pts',(0.404361477239594,-0.114237473986045,
0.0359196093614229));
#11139=CARTESIAN_POINT('Ctrl Pts',(0.404185490457568,-0.114072454728242,
0.0357588767908073));
#11140=CARTESIAN_POINT('Ctrl Pts',(0.403939792922917,-0.113748541396613,
0.0355344758677172));
#11141=CARTESIAN_POINT('Ctrl Pts',(0.403823027095352,-0.113555514095655,
0.0354278310878727));
#11142=CARTESIAN_POINT('Ctrl Pts',(0.403678883106692,-0.113096300538602,
0.0352961812357117));
#11143=CARTESIAN_POINT('Ctrl Pts',(0.40364440769422,-0.11289119588336,0.0352646940887458));
#11144=CARTESIAN_POINT('Ctrl Pts',(0.403628769983572,-0.1126034752478,0.035250411826169));
#11145=CARTESIAN_POINT('Ctrl Pts',(0.403628769983572,-0.112543559053034,
0.035250411826169));
#11146=CARTESIAN_POINT('Ctrl Pts',(0.403628769983572,-0.108485877405133,
0.035250411826169));
#11147=CARTESIAN_POINT('Ctrl Pts',(0.403628769983572,-0.105030537127763,
0.0352504118261689));
#11148=CARTESIAN_POINT('Ctrl Pts',(0.403628769983572,-0.101574803149606,
0.0352504118261689));
#11149=CARTESIAN_POINT('Ctrl Pts',(0.32007874015748,-0.101574803149606,
0.336227470303083));
#11150=CARTESIAN_POINT('Ctrl Pts',(0.350713960686905,-0.101574803149606,
0.31467583790553));
#11151=CARTESIAN_POINT('Ctrl Pts',(0.357478634178306,-0.101574803149606,
0.263271611354877));
#11152=CARTESIAN_POINT('Ctrl Pts',(0.367416431377495,-0.101574803149606,
0.140488065148285));
#11153=CARTESIAN_POINT('Ctrl Pts',(0.370875739281664,-0.101574803149606,
0.0712550004630065));
#11154=CARTESIAN_POINT('Ctrl Pts',(0.403628769983572,-0.101574803149606,
0.0352504118261689));
#11155=CARTESIAN_POINT('Ctrl Pts',(0.32007874015748,-0.106003937007874,
0.336227470303083));
#11156=CARTESIAN_POINT('Ctrl Pts',(0.350713960686905,-0.105197187185456,
0.31467583790553));
#11157=CARTESIAN_POINT('Ctrl Pts',(0.357478634178306,-0.104389739608555,
0.263271611354877));
#11158=CARTESIAN_POINT('Ctrl Pts',(0.367416431377495,-0.103240960569508,
0.140488065148285));
#11159=CARTESIAN_POINT('Ctrl Pts',(0.370875739281664,-0.102863908099849,
0.0712550004630065));
#11160=CARTESIAN_POINT('Ctrl Pts',(0.403628769983572,-0.102487213287402,
0.0352504118261689));
#11161=CARTESIAN_POINT('Ctrl Pts',(0.320078740157481,-0.115128801264283,
0.336227470303084));
#11162=CARTESIAN_POINT('Ctrl Pts',(0.350713960686906,-0.112640465315916,
0.31467583790553));
#11163=CARTESIAN_POINT('Ctrl Pts',(0.357478634178307,-0.110149977216393,
0.263271611354877));
#11164=CARTESIAN_POINT('Ctrl Pts',(0.367416431377495,-0.106592440572003,
0.140488065148285));
#11165=CARTESIAN_POINT('Ctrl Pts',(0.370875739281664,-0.105416482147533,
0.0712550004630066));
#11166=CARTESIAN_POINT('Ctrl Pts',(0.403628769983572,-0.10424163919119,
0.0352504118261689));
#11167=CARTESIAN_POINT('Ctrl Pts',(0.32007874015748,-0.12902959148571,0.336227470303083));
#11168=CARTESIAN_POINT('Ctrl Pts',(0.350713960686905,-0.123962969211245,
0.314675837905529));
#11169=CARTESIAN_POINT('Ctrl Pts',(0.357478634178306,-0.118891964836769,
0.263271611354876));
#11170=CARTESIAN_POINT('Ctrl Pts',(0.367416431377495,-0.111634303733658,
0.140488065148285));
#11171=CARTESIAN_POINT('Ctrl Pts',(0.370875739281664,-0.109227134997332,
0.0712550004630063));
#11172=CARTESIAN_POINT('Ctrl Pts',(0.403628769983572,-0.106822249607035,
0.0352504118261689));
#11173=CARTESIAN_POINT('Ctrl Pts',(0.32007874015748,-0.142450427090325,
0.336227470303084));
#11174=CARTESIAN_POINT('Ctrl Pts',(0.350713960686906,-0.134937172217933,
0.31467583790553));
#11175=CARTESIAN_POINT('Ctrl Pts',(0.357478634178307,-0.127417419163425,
0.263271611354877));
#11176=CARTESIAN_POINT('Ctrl Pts',(0.367416431377496,-0.116644612734275,
0.140488065148285));
#11177=CARTESIAN_POINT('Ctrl Pts',(0.370875739281665,-0.113065496169365,
0.0712550004630066));
#11178=CARTESIAN_POINT('Ctrl Pts',(0.403628769983572,-0.109489774614318,
0.0352504118261689));
#11179=CARTESIAN_POINT('Ctrl Pts',(0.32007874015748,-0.150758984578165,
0.336227470303083));
#11180=CARTESIAN_POINT('Ctrl Pts',(0.350713960686905,-0.141775539370368,
0.31467583790553));
#11181=CARTESIAN_POINT('Ctrl Pts',(0.357478634178306,-0.132784324419099,
0.263271611354877));
#11182=CARTESIAN_POINT('Ctrl Pts',(0.367416431377495,-0.119934262298794,
0.140488065148285));
#11183=CARTESIAN_POINT('Ctrl Pts',(0.370875739281665,-0.115682810507708,
0.0712550004630065));
#11184=CARTESIAN_POINT('Ctrl Pts',(0.403628769983572,-0.11143539147736,
0.0352504118261689));
#11185=CARTESIAN_POINT('Ctrl Pts',(0.32007874015748,-0.155342778781883,
0.336227470303083));
#11186=CARTESIAN_POINT('Ctrl Pts',(0.350713960686905,-0.145553004378706,
0.31467583790553));
#11187=CARTESIAN_POINT('Ctrl Pts',(0.357478634178306,-0.135754762841373,
0.263271611354877));
#11188=CARTESIAN_POINT('Ctrl Pts',(0.367416431377495,-0.121823565588824,
0.140488065148285));
#11189=CARTESIAN_POINT('Ctrl Pts',(0.370875739281664,-0.117256336532363,
0.0712550004630065));
#11190=CARTESIAN_POINT('Ctrl Pts',(0.403628769983572,-0.112693439770592,
0.0352504118261689));
#11191=CARTESIAN_POINT('Ctrl Pts',(0.32007874015748,-0.156202725597225,
0.336542307975266));
#11192=CARTESIAN_POINT('Ctrl Pts',(0.35078445645021,-0.146306498011445,
0.314855754976075));
#11193=CARTESIAN_POINT('Ctrl Pts',(0.357619686676401,-0.136401711220606,
0.263316491131531));
#11194=CARTESIAN_POINT('Ctrl Pts',(0.367559200891141,-0.122320865235315,
0.140447069462912));
#11195=CARTESIAN_POINT('Ctrl Pts',(0.37096157076896,-0.11770564689003,0.0712477377974929));
#11196=CARTESIAN_POINT('Ctrl Pts',(0.403657717453701,-0.113094806360195,
0.0352768501826927));
#11197=CARTESIAN_POINT('Ctrl Pts',(0.32007874015748,-0.157360045461623,
0.337531157166466));
#11198=CARTESIAN_POINT('Ctrl Pts',(0.351092898625208,-0.147314999448614,
0.315401103835561));
#11199=CARTESIAN_POINT('Ctrl Pts',(0.358236837796719,-0.137261265518122,
0.263417956077757));
#11200=CARTESIAN_POINT('Ctrl Pts',(0.368251320806904,-0.123100087354329,
0.140354385536891));
#11201=CARTESIAN_POINT('Ctrl Pts',(0.371466021418934,-0.118535185388967,
0.0713462294756278));
#11202=CARTESIAN_POINT('Ctrl Pts',(0.403974676853605,-0.113974613510908,
0.0355663361232889));
#11203=CARTESIAN_POINT('Ctrl Pts',(0.32007874015748,-0.157872090826766,
0.339147152074873));
#11204=CARTESIAN_POINT('Ctrl Pts',(0.351577673050625,-0.147742321044459,
0.31623708128914));
#11205=CARTESIAN_POINT('Ctrl Pts',(0.359206805926888,-0.137603790067442,
0.263473241442735));
#11206=CARTESIAN_POINT('Ctrl Pts',(0.369570377681041,-0.123598996153868,
0.140303883930291));
#11207=CARTESIAN_POINT('Ctrl Pts',(0.372700802359367,-0.119246871415395,
0.0718466671496062));
#11208=CARTESIAN_POINT('Ctrl Pts',(0.405125261801185,-0.114898874932078,
0.0366171904784121));
#11209=CARTESIAN_POINT('Ctrl Pts',(0.320078740157481,-0.15739390399841,
0.34078157817449));
#11210=CARTESIAN_POINT('Ctrl Pts',(0.35207180619113,-0.147350742890612,
0.317087646893348));
#11211=CARTESIAN_POINT('Ctrl Pts',(0.360195499581544,-0.137298895495578,
0.263539268593933));
#11212=CARTESIAN_POINT('Ctrl Pts',(0.370891164562165,-0.12309862771005,
0.140243570219108));
#11213=CARTESIAN_POINT('Ctrl Pts',(0.37391406371489,-0.118496550487528,
0.0723217571407678));
#11214=CARTESIAN_POINT('Ctrl Pts',(0.406231099625611,-0.113898838615302,
0.0376271763089256));
#11215=CARTESIAN_POINT('Ctrl Pts',(0.32007874015748,-0.156239407305689,
0.34179546508998));
#11216=CARTESIAN_POINT('Ctrl Pts',(0.352393654644603,-0.146341272288571,
0.317650399572338));
#11217=CARTESIAN_POINT('Ctrl Pts',(0.360839474853846,-0.136434576416664,
0.263650496852344));
#11218=CARTESIAN_POINT('Ctrl Pts',(0.371596733489672,-0.122326592094241,
0.140141967971506));
#11219=CARTESIAN_POINT('Ctrl Pts',(0.37440865303713,-0.117688233372853,
0.0724006464842733));
#11220=CARTESIAN_POINT('Ctrl Pts',(0.406514909469579,-0.113054274416971,
0.037886386036281));
#11221=CARTESIAN_POINT('Ctrl Pts',(0.32007874015748,-0.155374056736821,
0.342132982114107));
#11222=CARTESIAN_POINT('Ctrl Pts',(0.35246799525306,-0.145576916800565,
0.317844163485738));
#11223=CARTESIAN_POINT('Ctrl Pts',(0.360988220367637,-0.135771303359735,
0.263700383323565));
#11224=CARTESIAN_POINT('Ctrl Pts',(0.371743870673433,-0.121825705664364,
0.140096398901607));
#11225=CARTESIAN_POINT('Ctrl Pts',(0.374492632054176,-0.117251470088897,
0.0723874127121983));
#11226=CARTESIAN_POINT('Ctrl Pts',(0.406535790229274,-0.112681573454231,
0.0379054568900319));
#11227=CARTESIAN_POINT('Ctrl Pts',(0.32007874015748,-0.146392406630273,
0.342132982114107));
#11228=CARTESIAN_POINT('Ctrl Pts',(0.35246799525306,-0.138200980178618,
0.317844163485738));
#11229=CARTESIAN_POINT('Ctrl Pts',(0.360988220367637,-0.130002468997139,
0.263700383323565));
#11230=CARTESIAN_POINT('Ctrl Pts',(0.371743870673433,-0.118272385030006,
0.140096398901607));
#11231=CARTESIAN_POINT('Ctrl Pts',(0.374492632054176,-0.114383972670457,
0.0723874127121983));
#11232=CARTESIAN_POINT('Ctrl Pts',(0.406535790229274,-0.110499248706652,
0.0379054568900319));
#11233=CARTESIAN_POINT('Ctrl Pts',(0.32007874015748,-0.129012986892516,
0.342132982114107));
#11234=CARTESIAN_POINT('Ctrl Pts',(0.35246799525306,-0.123957493365145,
0.317844163485738));
#11235=CARTESIAN_POINT('Ctrl Pts',(0.360988220367636,-0.118897627362969,
0.263700383323565));
#11236=CARTESIAN_POINT('Ctrl Pts',(0.371743870673432,-0.11163424699706,
0.140096398901607));
#11237=CARTESIAN_POINT('Ctrl Pts',(0.374492632054176,-0.109212632554053,
0.0723874127121982));
#11238=CARTESIAN_POINT('Ctrl Pts',(0.406535790229274,-0.106793315159708,
0.0379054568900319));
#11239=CARTESIAN_POINT('Ctrl Pts',(0.32007874015748,-0.101574803149606,
0.342132982114107));
#11240=CARTESIAN_POINT('Ctrl Pts',(0.352467995253061,-0.101574803149606,
0.317844163485738));
#11241=CARTESIAN_POINT('Ctrl Pts',(0.360988220367637,-0.101574803149606,
0.263700383323565));
#11242=CARTESIAN_POINT('Ctrl Pts',(0.371743870673433,-0.101574803149606,
0.140096398901608));
#11243=CARTESIAN_POINT('Ctrl Pts',(0.374492632054176,-0.101574803149606,
0.0723874127121984));
#11244=CARTESIAN_POINT('Ctrl Pts',(0.406535790229273,-0.101574803149606,
0.0379054568900319));
#11245=CARTESIAN_POINT('Ctrl Pts',(0.32007874015748,-0.0741366194066967,
0.342132982114107));
#11246=CARTESIAN_POINT('Ctrl Pts',(0.35246799525306,-0.0791921129340683,
0.317844163485738));
#11247=CARTESIAN_POINT('Ctrl Pts',(0.360988220367636,-0.0842519789362443,
0.263700383323565));
#11248=CARTESIAN_POINT('Ctrl Pts',(0.371743870673432,-0.0915153593021528,
0.140096398901607));
#11249=CARTESIAN_POINT('Ctrl Pts',(0.374492632054175,-0.0939369737451595,
0.0723874127121982));
#11250=CARTESIAN_POINT('Ctrl Pts',(0.406535790229274,-0.096356291139504,
0.0379054568900319));
#11251=CARTESIAN_POINT('Ctrl Pts',(0.32007874015748,-0.0567571996689398,
0.342132982114107));
#11252=CARTESIAN_POINT('Ctrl Pts',(0.35246799525306,-0.0649486261205946,
0.317844163485738));
#11253=CARTESIAN_POINT('Ctrl Pts',(0.360988220367637,-0.0731471373020739,
0.263700383323565));
#11254=CARTESIAN_POINT('Ctrl Pts',(0.371743870673433,-0.0848772212692065,
0.140096398901607));
#11255=CARTESIAN_POINT('Ctrl Pts',(0.374492632054176,-0.0887656336287559,
0.0723874127121983));
#11256=CARTESIAN_POINT('Ctrl Pts',(0.406535790229274,-0.0926503575925602,
0.0379054568900319));
#11257=CARTESIAN_POINT('Ctrl Pts',(0.32007874015748,-0.0477755495623915,
0.342132982114107));
#11258=CARTESIAN_POINT('Ctrl Pts',(0.35246799525306,-0.057572689498648,
0.317844163485738));
#11259=CARTESIAN_POINT('Ctrl Pts',(0.360988220367637,-0.0673783029394781,
0.263700383323565));
#11260=CARTESIAN_POINT('Ctrl Pts',(0.371743870673433,-0.0813239006348491,
0.140096398901607));
#11261=CARTESIAN_POINT('Ctrl Pts',(0.374492632054176,-0.0858981362103153,
0.0723874127121983));
#11262=CARTESIAN_POINT('Ctrl Pts',(0.406535790229274,-0.0904680328449815,
0.0379054568900319));
#11263=CARTESIAN_POINT('Ctrl Pts',(0.320078740157481,-0.0469101989935236,
0.34179546508998));
#11264=CARTESIAN_POINT('Ctrl Pts',(0.352393670368481,-0.0568083667227132,
0.317650413933298));
#11265=CARTESIAN_POINT('Ctrl Pts',(0.360839506315201,-0.0667150953349838,
0.263650525586686));
#11266=CARTESIAN_POINT('Ctrl Pts',(0.371596704751278,-0.0808229544174032,
0.140141941724103));
#11267=CARTESIAN_POINT('Ctrl Pts',(0.374408556407411,-0.0854611718971733,
0.0724005582302408));
#11268=CARTESIAN_POINT('Ctrl Pts',(0.406514745012934,-0.0900949897454137,
0.0378862358344359));
#11269=CARTESIAN_POINT('Ctrl Pts',(0.32007874015748,-0.045755702300803,
0.34078157817449));
#11270=CARTESIAN_POINT('Ctrl Pts',(0.352071833016388,-0.0557989565922265,
0.317087671393442));
#11271=CARTESIAN_POINT('Ctrl Pts',(0.360195553255261,-0.0658508972514804,
0.26353931761531));
#11272=CARTESIAN_POINT('Ctrl Pts',(0.370891115533875,-0.0800508082782596,
0.1402435254405));
#11273=CARTESIAN_POINT('Ctrl Pts',(0.373913898862605,-0.0846524831598288,
0.0723216065775769));
#11274=CARTESIAN_POINT('Ctrl Pts',(0.406230819059198,-0.0892497930727464,
0.0376269200614947));
#11275=CARTESIAN_POINT('Ctrl Pts',(0.320078740157481,-0.0452775154724458,
0.339147152074873));
#11276=CARTESIAN_POINT('Ctrl Pts',(0.351577519524622,-0.0554071901150771,
0.316236941070489));
#11277=CARTESIAN_POINT('Ctrl Pts',(0.359206498742098,-0.0655456258701322,
0.263472960884159));
#11278=CARTESIAN_POINT('Ctrl Pts',(0.369570658279181,-0.0795507840313036,
0.1403041402067));
#11279=CARTESIAN_POINT('Ctrl Pts',(0.372701745840045,-0.0839033195564093,
0.0718475288511102));
#11280=CARTESIAN_POINT('Ctrl Pts',(0.405126867535617,-0.0882517264367039,
0.0366186570307289));
#11281=CARTESIAN_POINT('Ctrl Pts',(0.32007874015748,-0.0457895608375895,
0.337531157166466));
#11282=CARTESIAN_POINT('Ctrl Pts',(0.351092870061595,-0.0558346231106308,
0.31540107774779));
#11283=CARTESIAN_POINT('Ctrl Pts',(0.358236780644789,-0.065888373315218,
0.263417903879651));
#11284=CARTESIAN_POINT('Ctrl Pts',(0.36825137301237,-0.0800494892265649,
0.140354433217283));
#11285=CARTESIAN_POINT('Ctrl Pts',(0.371466196954127,-0.0846143209856358,
0.0713463897957521));
#11286=CARTESIAN_POINT('Ctrl Pts',(0.403974975601539,-0.0891748227239986,
0.0355666089762999));
#11287=CARTESIAN_POINT('Ctrl Pts',(0.32007874015748,-0.0469468807019877,
0.336542307975266));
#11288=CARTESIAN_POINT('Ctrl Pts',(0.350784455557427,-0.0568431179227606,
0.314855754160676));
#11289=CARTESIAN_POINT('Ctrl Pts',(0.357619684890062,-0.0667479143569261,
0.263316489500028));
#11290=CARTESIAN_POINT('Ctrl Pts',(0.367559202522873,-0.0808287234541038,
0.140447070953209));
#11291=CARTESIAN_POINT('Ctrl Pts',(0.370961576255484,-0.0854439001981705,
0.071247742808455));
#11292=CARTESIAN_POINT('Ctrl Pts',(0.40365772679136,-0.0900546991662473,
0.0352768587109802));
#11293=CARTESIAN_POINT('Ctrl Pts',(0.32007874015748,-0.0478068275173295,
0.336227470303083));
#11294=CARTESIAN_POINT('Ctrl Pts',(0.350713960686905,-0.0575966019205071,
0.31467583790553));
#11295=CARTESIAN_POINT('Ctrl Pts',(0.357478634178306,-0.0673948434578401,
0.263271611354877));
#11296=CARTESIAN_POINT('Ctrl Pts',(0.367416431377495,-0.0813260407103889,
0.140488065148285));
#11297=CARTESIAN_POINT('Ctrl Pts',(0.370875739281664,-0.0858932697668497,
0.0712550004630065));
#11298=CARTESIAN_POINT('Ctrl Pts',(0.403628769983572,-0.0904561665286201,
0.0352504118261689));
#11299=CARTESIAN_POINT('Ctrl Pts',(0.32007874015748,-0.0523906217210473,
0.336227470303083));
#11300=CARTESIAN_POINT('Ctrl Pts',(0.350713960686905,-0.0613740669288448,
0.31467583790553));
#11301=CARTESIAN_POINT('Ctrl Pts',(0.357478634178306,-0.0703652818801133,
0.263271611354877));
#11302=CARTESIAN_POINT('Ctrl Pts',(0.367416431377495,-0.0832153440004184,
0.140488065148285));
#11303=CARTESIAN_POINT('Ctrl Pts',(0.370875739281664,-0.0874667957915046,
0.0712550004630065));
#11304=CARTESIAN_POINT('Ctrl Pts',(0.403628769983572,-0.0917142148218527,
0.0352504118261689));
#11305=CARTESIAN_POINT('Ctrl Pts',(0.32007874015748,-0.0606991792088871,
0.336227470303083));
#11306=CARTESIAN_POINT('Ctrl Pts',(0.350713960686905,-0.0682124340812791,
0.31467583790553));
#11307=CARTESIAN_POINT('Ctrl Pts',(0.357478634178306,-0.0757321871357872,
0.263271611354877));
#11308=CARTESIAN_POINT('Ctrl Pts',(0.367416431377495,-0.0865049935649377,
0.140488065148285));
#11309=CARTESIAN_POINT('Ctrl Pts',(0.370875739281664,-0.0900841101298472,
0.0712550004630065));
#11310=CARTESIAN_POINT('Ctrl Pts',(0.403628769983572,-0.0936598316848942,
0.0352504118261689));
#11311=CARTESIAN_POINT('Ctrl Pts',(0.32007874015748,-0.0741200148135031,
0.336227470303084));
#11312=CARTESIAN_POINT('Ctrl Pts',(0.350713960686906,-0.0791866370879682,
0.31467583790553));
#11313=CARTESIAN_POINT('Ctrl Pts',(0.357478634178307,-0.0842576414624436,
0.263271611354877));
#11314=CARTESIAN_POINT('Ctrl Pts',(0.367416431377496,-0.0915153025655544,
0.140488065148285));
#11315=CARTESIAN_POINT('Ctrl Pts',(0.370875739281665,-0.0939224713018811,
0.0712550004630064));
#11316=CARTESIAN_POINT('Ctrl Pts',(0.403628769983573,-0.0963273566921775,
0.0352504118261689));
#11317=CARTESIAN_POINT('Ctrl Pts',(0.32007874015748,-0.0880208050349294,
0.336227470303083));
#11318=CARTESIAN_POINT('Ctrl Pts',(0.350713960686905,-0.0905091409832965,
0.31467583790553));
#11319=CARTESIAN_POINT('Ctrl Pts',(0.357478634178306,-0.0929996290828196,
0.263271611354877));
#11320=CARTESIAN_POINT('Ctrl Pts',(0.367416431377495,-0.0965571657272095,
0.140488065148285));
#11321=CARTESIAN_POINT('Ctrl Pts',(0.370875739281664,-0.0977331241516794,
0.0712550004630065));
#11322=CARTESIAN_POINT('Ctrl Pts',(0.403628769983572,-0.0989079671080228,
0.0352504118261689));
#11323=CARTESIAN_POINT('Ctrl Pts',(0.32007874015748,-0.0971456692913386,
0.336227470303083));
#11324=CARTESIAN_POINT('Ctrl Pts',(0.350713960686905,-0.0979524191137569,
0.31467583790553));
#11325=CARTESIAN_POINT('Ctrl Pts',(0.357478634178306,-0.098759866690658,
0.263271611354877));
#11326=CARTESIAN_POINT('Ctrl Pts',(0.367416431377495,-0.0999086457297044,
0.140488065148285));
#11327=CARTESIAN_POINT('Ctrl Pts',(0.370875739281664,-0.100285698199364,
0.0712550004630065));
#11328=CARTESIAN_POINT('Ctrl Pts',(0.403628769983572,-0.100662393011811,
0.0352504118261689));
#11329=CARTESIAN_POINT('Ctrl Pts',(0.32007874015748,-0.101574803149606,
0.336227470303083));
#11330=CARTESIAN_POINT('Ctrl Pts',(0.350713960686905,-0.101574803149606,
0.31467583790553));
#11331=CARTESIAN_POINT('Ctrl Pts',(0.357478634178306,-0.101574803149606,
0.263271611354877));
#11332=CARTESIAN_POINT('Ctrl Pts',(0.367416431377495,-0.101574803149606,
0.140488065148285));
#11333=CARTESIAN_POINT('Ctrl Pts',(0.370875739281664,-0.101574803149606,
0.0712550004630065));
#11334=CARTESIAN_POINT('Ctrl Pts',(0.403628769983572,-0.101574803149606,
0.0352504118261689));
#11335=CARTESIAN_POINT('Origin',(0.319685039370079,-0.0804228249845882,
-0.36357665684673));
#11336=CARTESIAN_POINT('',(0.319685039370079,-0.119442999180826,-0.36357665684673));
#11337=CARTESIAN_POINT('',(0.319685039370079,-0.119442999180826,-0.36357665684673));
#11338=CARTESIAN_POINT('',(0.319685039370079,-0.0804228249845882,-0.36357665684673));
#11339=CARTESIAN_POINT('',(0.319685039370079,-0.0804228249845882,-0.36357665684673));
#11340=CARTESIAN_POINT('',(0.319685039370079,-0.0804228249845882,-0.36357665684673));
#11341=CARTESIAN_POINT('Origin',(0.319685039370079,-0.0804228249845882,
-0.36357665684673));
#11342=CARTESIAN_POINT('',(0.319685039370079,-0.0804228249845882,-0.404118325547644));
#11343=CARTESIAN_POINT('',(0.319685039370079,-0.0804228249845882,-0.36357665684673));
#11344=CARTESIAN_POINT('',(0.319685039370079,-0.0804228249845882,-0.404118325547644));
#11345=CARTESIAN_POINT('Origin',(0.319685039370079,-0.0804228249845882,
-0.404118325547644));
#11346=CARTESIAN_POINT('',(0.319685039370079,-0.119442999180826,-0.404118325547644));
#11347=CARTESIAN_POINT('',(0.319685039370079,-0.0804228249845882,-0.404118325547644));
#11348=CARTESIAN_POINT('',(0.319685039370079,-0.119442999180826,-0.404118325547644));
#11349=CARTESIAN_POINT('Origin',(0.319685039370079,-0.119442999180826,-0.36357665684673));
#11350=CARTESIAN_POINT('',(0.319685039370079,-0.119442999180826,-0.36357665684673));
#11351=CARTESIAN_POINT('Origin',(0.319685039370079,0.,0.));
#11352=CARTESIAN_POINT('Origin',(-0.319685039370079,-0.0804228249845882,
-0.36357665684673));
#11353=CARTESIAN_POINT('',(-0.319685039370079,-0.0804228249845882,-0.36357665684673));
#11354=CARTESIAN_POINT('',(-0.319685039370079,-0.0804228249845882,-0.36357665684673));
#11355=CARTESIAN_POINT('',(-0.319685039370079,-0.119442999180826,-0.36357665684673));
#11356=CARTESIAN_POINT('',(-0.319685039370079,-0.0804228249845882,-0.36357665684673));
#11357=CARTESIAN_POINT('',(-0.319685039370079,-0.119442999180826,-0.36357665684673));
#11358=CARTESIAN_POINT('Origin',(-0.319685039370079,-0.119442999180826,
-0.36357665684673));
#11359=CARTESIAN_POINT('',(-0.319685039370079,-0.119442999180826,-0.404118325547644));
#11360=CARTESIAN_POINT('',(-0.319685039370079,-0.119442999180826,-0.36357665684673));
#11361=CARTESIAN_POINT('',(-0.319685039370079,-0.119442999180826,-0.404118325547644));
#11362=CARTESIAN_POINT('Origin',(-0.319685039370079,-0.0804228249845882,
-0.404118325547644));
#11363=CARTESIAN_POINT('',(-0.319685039370079,-0.0804228249845882,-0.404118325547644));
#11364=CARTESIAN_POINT('',(-0.319685039370079,-0.0804228249845882,-0.404118325547644));
#11365=CARTESIAN_POINT('',(-0.319685039370079,-0.0804228249845882,-0.404118325547644));
#11366=CARTESIAN_POINT('Origin',(-0.319685039370079,-0.0804228249845882,
-0.36357665684673));
#11367=CARTESIAN_POINT('',(-0.319685039370079,-0.0804228249845882,-0.36357665684673));
#11368=CARTESIAN_POINT('Origin',(-0.319685039370079,0.,0.));
#11369=CARTESIAN_POINT('Origin',(-0.137795275590551,-0.134645669291339,
0.423031496062992));
#11370=CARTESIAN_POINT('',(-0.137795275590551,-0.134645669291339,0.423031496062992));
#11371=CARTESIAN_POINT('',(-0.137795275590551,-0.134645669291339,0.423031496062992));
#11372=CARTESIAN_POINT('',(-0.137795275590551,-0.134645669291339,0.423031496062992));
#11373=CARTESIAN_POINT('Origin',(-0.236220472440945,-0.134645669291339,
0.423031496062992));
#11374=CARTESIAN_POINT('',(-0.236220472440945,-0.134645669291339,0.423031496062992));
#11375=CARTESIAN_POINT('Origin',(0.,0.,0.423031496062992));
#11376=CARTESIAN_POINT('Origin',(0.236220472440945,-0.134645669291339,0.423031496062992));
#11377=CARTESIAN_POINT('',(0.137795275590551,-0.134645669291339,0.423031496062992));
#11378=CARTESIAN_POINT('',(0.137795275590551,-0.134645669291339,0.423031496062992));
#11379=CARTESIAN_POINT('',(0.236220472440945,-0.134645669291339,0.423031496062992));
#11380=CARTESIAN_POINT('Origin',(0.137795275590551,-0.134645669291339,0.423031496062992));
#11381=CARTESIAN_POINT('',(0.137795275590551,-0.134645669291339,0.423031496062992));
#11382=CARTESIAN_POINT('Origin',(0.,0.,0.423031496062992));
#11383=CARTESIAN_POINT('Origin',(0.267913385826772,-0.27244094488189,0.146850393700787));
#11384=CARTESIAN_POINT('',(0.267913385826772,-0.402362204724409,0.164566929133858));
#11385=CARTESIAN_POINT('',(0.267913385826772,-0.27244094488189,0.164566929133858));
#11386=CARTESIAN_POINT('',(0.267913385826772,-0.402362204724409,0.146850393700787));
#11387=CARTESIAN_POINT('',(0.267913385826772,-0.402362204724409,0.146850393700787));
#11388=CARTESIAN_POINT('',(0.267913385826772,-0.27244094488189,0.146850393700787));
#11389=CARTESIAN_POINT('Origin',(0.267913385826772,-0.402362204724409,0.146850393700787));
#11390=CARTESIAN_POINT('',(0.254133858267717,-0.402362204724409,0.164566929133858));
#11391=CARTESIAN_POINT('',(0.267913385826772,-0.402362204724409,0.164566929133858));
#11392=CARTESIAN_POINT('',(0.254133858267717,-0.402362204724409,0.146850393700787));
#11393=CARTESIAN_POINT('',(0.254133858267717,-0.402362204724409,0.146850393700787));
#11394=CARTESIAN_POINT('',(0.267913385826772,-0.402362204724409,0.146850393700787));
#11395=CARTESIAN_POINT('Origin',(0.254133858267717,-0.27244094488189,0.146850393700787));
#11396=CARTESIAN_POINT('',(0.254133858267717,-0.27244094488189,0.164566929133858));
#11397=CARTESIAN_POINT('',(0.254133858267717,-0.27244094488189,0.146850393700787));
#11398=CARTESIAN_POINT('Origin',(0.,0.,0.146850393700787));
#11399=CARTESIAN_POINT('Origin',(0.,0.,0.164566929133858));
#11400=CARTESIAN_POINT('Origin',(-0.154133858267717,-0.27244094488189,0.146850393700787));
#11401=CARTESIAN_POINT('',(-0.154133858267717,-0.402362204724409,0.164566929133858));
#11402=CARTESIAN_POINT('',(-0.154133858267717,-0.27244094488189,0.164566929133858));
#11403=CARTESIAN_POINT('',(-0.154133858267717,-0.402362204724409,0.146850393700787));
#11404=CARTESIAN_POINT('',(-0.154133858267717,-0.402362204724409,0.146850393700787));
#11405=CARTESIAN_POINT('',(-0.154133858267717,-0.27244094488189,0.146850393700787));
#11406=CARTESIAN_POINT('Origin',(-0.167913385826772,-0.402362204724409,
0.146850393700787));
#11407=CARTESIAN_POINT('',(-0.167913385826772,-0.402362204724409,0.164566929133858));
#11408=CARTESIAN_POINT('',(-0.167913385826772,-0.402362204724409,0.164566929133858));
#11409=CARTESIAN_POINT('',(-0.167913385826772,-0.402362204724409,0.146850393700787));
#11410=CARTESIAN_POINT('',(-0.167913385826772,-0.402362204724409,0.146850393700787));
#11411=CARTESIAN_POINT('',(-0.167913385826772,-0.402362204724409,0.146850393700787));
#11412=CARTESIAN_POINT('Origin',(-0.167913385826772,-0.27244094488189,0.146850393700787));
#11413=CARTESIAN_POINT('',(-0.167913385826772,-0.27244094488189,0.164566929133858));
#11414=CARTESIAN_POINT('',(-0.167913385826772,-0.27244094488189,0.146850393700787));
#11415=CARTESIAN_POINT('Origin',(0.,0.,0.146850393700787));
#11416=CARTESIAN_POINT('Origin',(0.,0.,0.164566929133858));
#11417=CARTESIAN_POINT('Origin',(0.167913385826772,-0.27244094488189,0.146850393700787));
#11418=CARTESIAN_POINT('',(0.167913385826772,-0.40236220472441,0.164566929133858));
#11419=CARTESIAN_POINT('',(0.167913385826772,-0.27244094488189,0.164566929133858));
#11420=CARTESIAN_POINT('',(0.167913385826772,-0.40236220472441,0.146850393700787));
#11421=CARTESIAN_POINT('',(0.167913385826772,-0.40236220472441,0.146850393700787));
#11422=CARTESIAN_POINT('',(0.167913385826772,-0.27244094488189,0.146850393700787));
#11423=CARTESIAN_POINT('Origin',(0.167913385826772,-0.40236220472441,0.146850393700787));
#11424=CARTESIAN_POINT('',(0.154133858267717,-0.40236220472441,0.164566929133858));
#11425=CARTESIAN_POINT('',(0.167913385826772,-0.40236220472441,0.164566929133858));
#11426=CARTESIAN_POINT('',(0.154133858267717,-0.40236220472441,0.146850393700787));
#11427=CARTESIAN_POINT('',(0.154133858267717,-0.40236220472441,0.146850393700787));
#11428=CARTESIAN_POINT('',(0.167913385826772,-0.40236220472441,0.146850393700787));
#11429=CARTESIAN_POINT('Origin',(0.154133858267717,-0.27244094488189,0.146850393700787));
#11430=CARTESIAN_POINT('',(0.154133858267717,-0.27244094488189,0.164566929133858));
#11431=CARTESIAN_POINT('',(0.154133858267717,-0.27244094488189,0.146850393700787));
#11432=CARTESIAN_POINT('Origin',(0.,0.,0.146850393700787));
#11433=CARTESIAN_POINT('Origin',(0.,0.,0.164566929133858));
#11434=CARTESIAN_POINT('Origin',(-0.254133858267717,-0.27244094488189,0.146850393700787));
#11435=CARTESIAN_POINT('',(-0.254133858267717,-0.402362204724409,0.164566929133858));
#11436=CARTESIAN_POINT('',(-0.254133858267717,-0.27244094488189,0.164566929133858));
#11437=CARTESIAN_POINT('',(-0.254133858267717,-0.402362204724409,0.146850393700787));
#11438=CARTESIAN_POINT('',(-0.254133858267717,-0.402362204724409,0.146850393700787));
#11439=CARTESIAN_POINT('',(-0.254133858267717,-0.27244094488189,0.146850393700787));
#11440=CARTESIAN_POINT('Origin',(-0.267913385826772,-0.402362204724409,
0.146850393700787));
#11441=CARTESIAN_POINT('',(-0.267913385826772,-0.402362204724409,0.164566929133858));
#11442=CARTESIAN_POINT('',(-0.267913385826772,-0.402362204724409,0.164566929133858));
#11443=CARTESIAN_POINT('',(-0.267913385826772,-0.402362204724409,0.146850393700787));
#11444=CARTESIAN_POINT('',(-0.267913385826772,-0.402362204724409,0.146850393700787));
#11445=CARTESIAN_POINT('',(-0.267913385826772,-0.402362204724409,0.146850393700787));
#11446=CARTESIAN_POINT('Origin',(-0.267913385826772,-0.27244094488189,0.146850393700787));
#11447=CARTESIAN_POINT('',(-0.267913385826772,-0.27244094488189,0.164566929133858));
#11448=CARTESIAN_POINT('',(-0.267913385826772,-0.27244094488189,0.146850393700787));
#11449=CARTESIAN_POINT('Origin',(0.,0.,0.146850393700787));
#11450=CARTESIAN_POINT('Origin',(0.,0.,0.164566929133858));
#11451=CARTESIAN_POINT('Origin',(-0.181889763779528,-0.40236220472441,-0.245275590551181));
#11452=CARTESIAN_POINT('Origin',(-0.181889763779528,-0.40236220472441,-0.245275590551181));
#11453=CARTESIAN_POINT('',(0.,0.,0.));
#11454=UNCERTAINTY_MEASURE_WITH_UNIT(LENGTH_MEASURE(0.000393700787401575),
#11462,'DISTANCE_ACCURACY_VALUE',
'Maximum model space distance between geometric entities at asserted c
onnectivities');
#11455=UNCERTAINTY_MEASURE_WITH_UNIT(LENGTH_MEASURE(0.000393700787401575),
#11462,'DISTANCE_ACCURACY_VALUE',
'Maximum model space distance between geometric entities at asserted c
onnectivities');
#11456=UNCERTAINTY_MEASURE_WITH_UNIT(LENGTH_MEASURE(0.000393700787401575),
#11462,'DISTANCE_ACCURACY_VALUE',
'Maximum model space distance between geometric entities at asserted c
onnectivities');
#11457=(
GEOMETRIC_REPRESENTATION_CONTEXT(3)
GLOBAL_UNCERTAINTY_ASSIGNED_CONTEXT((#11454))
GLOBAL_UNIT_ASSIGNED_CONTEXT((#11462,#11466,#11467))
REPRESENTATION_CONTEXT('','3D')
);
#11458=(
GEOMETRIC_REPRESENTATION_CONTEXT(3)
GLOBAL_UNCERTAINTY_ASSIGNED_CONTEXT((#11455))
GLOBAL_UNIT_ASSIGNED_CONTEXT((#11462,#11466,#11467))
REPRESENTATION_CONTEXT('','3D')
);
#11459=(
GEOMETRIC_REPRESENTATION_CONTEXT(3)
GLOBAL_UNCERTAINTY_ASSIGNED_CONTEXT((#11456))
GLOBAL_UNIT_ASSIGNED_CONTEXT((#11462,#11466,#11467))
REPRESENTATION_CONTEXT('','3D')
);
#11460=DIMENSIONAL_EXPONENTS(1.,0.,0.,0.,0.,0.,0.);
#11461=DIMENSIONAL_EXPONENTS(1.,0.,0.,0.,0.,0.,0.);
#11462=(
CONVERSION_BASED_UNIT('inch',#11465)
LENGTH_UNIT()
NAMED_UNIT(#11460)
);
#11463=(
LENGTH_UNIT()
NAMED_UNIT(*)
SI_UNIT(.MILLI.,.METRE.)
);
#11464=(
LENGTH_UNIT()
NAMED_UNIT(*)
SI_UNIT(.CENTI.,.METRE.)
);
#11465=LENGTH_MEASURE_WITH_UNIT(LENGTH_MEASURE(25.4),#11463);
#11466=(
NAMED_UNIT(*)
PLANE_ANGLE_UNIT()
SI_UNIT($,.RADIAN.)
);
#11467=(
NAMED_UNIT(*)
SI_UNIT($,.STERADIAN.)
SOLID_ANGLE_UNIT()
);
#11468=SHAPE_DEFINITION_REPRESENTATION(#11470,#11473);
#11469=SHAPE_DEFINITION_REPRESENTATION(#11471,#11474);
#11470=PRODUCT_DEFINITION_SHAPE('',$,#11476);
#11471=PRODUCT_DEFINITION_SHAPE('',$,#11477);
#11472=PRODUCT_DEFINITION_SHAPE($,$,#14);
#11473=SHAPE_REPRESENTATION('',(#5006,#5244),#11457);
#11474=SHAPE_REPRESENTATION('',(#5007),#11458);
#11475=PRODUCT_DEFINITION_CONTEXT('part definition',#11483,'design');
#11476=PRODUCT_DEFINITION('ARJP11A_MA','ARJP11A_MA',#11478,#11475);
#11477=PRODUCT_DEFINITION('ARJP11A_ARJP11A-MA','ARJP11A_ARJP11A-MA',#11479,
#11475);
#11478=PRODUCT_DEFINITION_FORMATION('ANY',$,#11485);
#11479=PRODUCT_DEFINITION_FORMATION('ANY',$,#11486);
#11480=PRODUCT_RELATED_PRODUCT_CATEGORY('ARJP11A_MA','ARJP11A_MA',(#11485));
#11481=PRODUCT_RELATED_PRODUCT_CATEGORY('ARJP11A_ARJP11A-MA',
'ARJP11A_ARJP11A-MA',(#11486));
#11482=APPLICATION_PROTOCOL_DEFINITION('international standard',
'automotive_design',2009,#11483);
#11483=APPLICATION_CONTEXT(
'Core Data for Automotive Mechanical Design Process');
#11484=PRODUCT_CONTEXT('part definition',#11483,'mechanical');
#11485=PRODUCT('ARJP11A_MA','ARJP11A_MA','STEP AP214',(#11484));
#11486=PRODUCT('ARJP11A_ARJP11A-MA','ARJP11A_ARJP11A-MA',$,(#11484));
ENDSEC;
END-ISO-10303-21;
